ote=10125602 steals=4 deferred=186087
d=0 crossings=9464852 remkes=14808043 wakerate=403/s workers=24 refused=0 mismatch=0 stalled=0 drifted=0 crossings=5570090 remote=5960117 steals=4 deferred=109663
soak-test: t=37025s beat=7346 rounds=6561190083 rate=179032/s wakes=14810063 wakerate=404/s workers=24 refused=0 mismote=10125602 steals=4 deferred=186087
soak-test: t=62896s beat=12479 rounds=11145943313 rate=178621/s wakes=25158776 wakerate=403/s workers=24 refused=0 mismatch=0 stalled=0 drifted=0 crossings=9465590 remote=10126392 steals=4 deferred=186105
soak-test: t=62901s beat=12480 rounds=11146836519 rate=178641/s wakes=25160792 wakerate=403/s workers=24 refused=0 mismatch=0 stalled=0 drifted=0 crossings=9466342 remote=10127193 steals=4 deferred=186116
soak-test: t=62906s beat=12481 rounds=11147727354 rate=178167/s wakes=25162805 wakerate=402/s workers=24 refused=0 mismatch=0 stalled=0 drifted=0 crossings=9467099 remote=10127994 steals=4 deferred=186125
soak-test: t=62911s beat=12482 rounds=11148620757 rate=178680/s wakes=25164820 wakerate=403/s workers=24 refused=0 mismatch=0 stalled=0 drifted=0 crossings=9467873 remote=10128824 steals=4 deferred=186136
soak-test: t=62916s beat=12483 rounds=11149512324 rate=178313/s wakes=25166832 wakerate=402/s workers=24 refused=0 mismatch=0 stalled=0 drifted=0 crossings=9468600 remote=10129630 steals=4 deferred=186154
soak-test: t=62921s beat=12484 rounds=11150406045 rate=178744/s wakes=25168847 wakerate=403/s workers=24 refused=0 mismatch=0 stalled=0 drifted=0 crossings=9469381 remote=10130455 steals=4 deferred=186165

U-Boot SPL 2021.10 (Feb 12 2023 - 18:15:33 +0800)
DDR version: dc2e84f0.
Trying to boot from SPI

OpenSBI v1.2
   ____                    _____ ____ _____
  / __ \                  / ____|  _ \_   _|
 | |  | |_ __   ___ _ __ | (___ | |_) || |
 | |  | | '_ \ / _ \ '_ \ \___ \|  _ < | |
 | |__| | |_) |  __/ | | |____) | |_) || |_
  \____/| .__/ \___|_| |_|_____/|____/_____|
        | |
        |_|

Platform Name             : StarFive VisionFive V2
Platform Features         : medeleg
Platform HART Count       : 5
Platform IPI Device       : aclint-mswi
Platform Timer Device     : aclint-mtimer @ 4000000Hz
Platform Console Device   : uart8250
Platform HSM Device       : jh7110-hsm
Platform PMU Device       : ---
Platform Reboot Device    : pm-reset
Platform Shutdown Device  : pm-reset
Firmware Base             : 0x40000000
Firmware Size             : 292 KB
Runtime SBI Version       : 1.0

Domain0 Name              : root
Domain0 Boot HART         : 1
Domain0 HARTs             : 0*,1*,2*,3*,4*
Domain0 Region00          : 0x0000000002000000-0x000000000200ffff (I)
Domain0 Region01          : 0x0000000040000000-0x000000004007ffff ()
Domain0 Region02          : 0x0000000000000000-0xffffffffffffffff (R,W,X)
Domain0 Next Address      : 0x0000000040200000
Domain0 Next Arg1         : 0x0000000042200000
Domain0 Next Mode         : S-mode
Domain0 SysReset          : yes

Boot HART ID              : 1
Boot HART Domain          : root
Boot HART Priv Version    : v1.11
Boot HART Base ISA        : rv64imafdcbx
Boot HART ISA Extensions  : none
Boot HART PMP Count       : 8
Boot HART PMP Granularity : 4096
Boot HART PMP Address Bits: 34
Boot HART MHPM Count      : 2
Boot HART MIDELEG         : 0x0000000000000222
Boot HART MEDELEG         : 0x000000000000b109


U-Boot 2021.10 (Feb 12 2023 - 18:15:33 +0800), Build: jenkins-VF2_515_Branch_SDK_Release-24

CPU:   rv64imacu
Model: StarFive VisionFive V2
DRAM:  8 GiB
MMC:   sdio0@16010000: 0, sdio1@16020000: 1
Loading Environment from SPIFlash... SF: Detected gd25lq128 with page size 256 Bytes, erase size 4 KiB, total 16 MiB
*** Warning - bad CRC, using default environment

StarFive EEPROM format v2

--------EEPROM INFO--------
Vendor : StarFive Technology Co., Ltd.
Product full SN: VF7110B1-2253-D008E000-00004584
data version: 0x2
PCB revision: 0xb2
BOM revision: A
Ethernet MAC0 address: 6c:cf:39:00:47:2c
Ethernet MAC1 address: 6c:cf:39:00:47:2d
--------EEPROM INFO--------

In:    serial@10000000
Out:   serial@10000000
Err:   serial@10000000
Model: StarFive VisionFive V2
Net:   eth0: ethernet@16030000, eth1: ethernet@16040000
switch to partitions #0, OK
mmc1 is current device
found device 1
bootmode flash device 1
** Invalid partition 3 **
Couldn't find partition mmc 1:3
Can't set block device
** Invalid partition 3 **
Couldn't find partition mmc 1:3
Can't set block device
Hit any key to stop autoboot:  2  1  0 
** Invalid partition 3 **
Couldn't find partition mmc 1:3
Can't set block device
Importing environment from mmc1 ...
## Warning: Input data exceeds 1048576 bytes - truncated
## Info: input data size = 1048578 = 0x100002
** Invalid partition 2 **
Couldn't find partition mmc 1:2
Can't set block device
## Warning: defaulting to text format
## Error: "boot2" not defined
switch to partitions #0, OK
mmc1 is current device
Scanning mmc 1:1...
Found U-Boot script /boot.scr.uimg
1595 bytes read in 8 ms (194.3 KiB/s)
## Executing script at 43900000
nife: boot.scr is driving this boot, milestones 218 and 257
nife: tftp server is 192.168.8.206, setenv nife_boot_server to point somewhere else
ethernet@16030000 Waiting for PHY auto negotiation to complete......... TIMEOUT !
phy_startup() failed: -110FAILED: -110ethernet@16040000 Waiting for PHY auto negotiation to complete......... TIMEOUT !
phy_startup() failed: -110FAILED: -110nife: nothing came over the network, falling back to the card
303104 bytes read in 25 ms (11.6 MiB/s)
8641024 bytes read in 377 ms (21.9 MiB/s)
nife: payload came from card
Moving Image from 0x40200000 to 0x80200000, end=80312000
## Flattened Device Tree blob at 86000000
   Booting using the fdt blob at 0x86000000
   Using Device Tree in place at 0000000086000000, end 000000008600d41a

Starting kernel ...

clk u5_dw_i2c_clk_core already disabled
clk u5_dw_i2c_clk_apb already disabled

nife on RISC-V (rv64, S-mode, Sv39)
  hart 0 booted: high-half kernel, .bss, and the NS16550 console are up.
  running at  : 0xffffffc08021f8ee  (high half: Sv39 paging is on)
  device tree : 0x0000000086000000
  traps       : stvec set; a breakpoint was caught and stepped over (1)
  timer       : 21 ticks in ~0.2s (SBI timer + S-mode interrupt at 100 Hz)
  memory      : device tree parsed, frame allocator up (first frame 0x400a0000)
  smp: 5 core(s) in the device tree, 4 startable
  smp: cpu 0's riscv,isa names user mode and not supervisor: it cannot run this kernel, whatever status and mmu-type claim; not started
  plic: S contexts from the device tree differ from the 2h+1 formula (expected on the JH7110: the disabled S7 shifts every context down one)
  paging      : fine-grained W^X Sv39 tables installed, satp switched (paging on: true)
  isa         : rv64i m a c f d
              : 5 hart(s), mmu sv39 declared and sv39 in use, satp.ASID 0 bits measured; read from the deprecated riscv,isa
  firmware    : OpenSBI 0x10002, SBI 1.0, TIME IPI RFENCE HSM PMU
  cycles      : SBI PMU counter 0, CSR 0xc00, 64 bits
  smp: sbi hsm hart_start (the only mechanism RISC-V defines)
  smp: cpu 0 is not startable by this kernel (disabled, no supervisor
       mode, or an enable-method we do not speak); leaving it alone.
  smp: 4 core(s) online

nife
  isa         : rv64i m a c f d
              : 5 hart(s), mmu sv39 declared and sv39 in use, satp.ASID 0 bits measured; read from the deprecated riscv,isa
  firmware    : OpenSBI 0x10002, SBI 1.0, TIME IPI RFENCE HSM PMU
  stack top       : 0xffffffc080262000
  firmware handoff: 0x0000000086000000  (device tree)
  processors      : 4 online of 5 described, boot cpu hwid 0x1
  memory          : 4096 MiB total, 4069 MiB free (26776 KiB in use)
  console         : NS16550 at 0xffffffc010000000, interrupt line 32
                  : no screen; this console is the UART alone
  interrupts      : PLIC at 0x000000000c000000, this hart's S-mode context 2
  timer           : 100 Hz tick, counter at 4 MHz, interrupts ON
  initrd          : 8641024 bytes at 0x0000000090000000, a nifefs archive of 89 program(s)
  pcie            : none (this machine describes no host bridge)
  iommu           : none (no riscv-iommu-pci function on this machine's bus)
  mmu             : Sv39 on, fine-grained W^X tables installed, one satp, kernel high half at 0xffffffc000000000
                  : kernel root 0x00000000400a1000, live satp root 0x00000000400a1000
  scheduler       : 5 thread(s), round robin, preemptive
nife machine: riscv64, 4 processor(s), 4096 MiB, 100 Hz
  self-test       : exceptions ok      a breakpoint was caught and stepped over (1)
  self-test       : mapping    ok      0xffffffc180000000 -> 0x410cb000, read back 0xc0ffee, unmapped
  self-test       : frames     ok      one frame out and back at 0x410cb000; used 6696 -> Some(6697) -> Some(6696)
  self-test       : timer      ok      the 4MHz counter advanced 80001 and 2 tick(s) arrived in ~20ms
  self-test       : scheduler  ok      thread 5 ran and carried its captured state (0x268026802680268)
nife self-test: 5 of 5 passed
  user address space : process satp activated (kernel half shared), user 0x400000 -> Some((410cb000, Flags(3)))
  userspace   : a program ran at U-mode and made 0 syscalls (yield/yield/exit via ecall)
  user ELF    : an archive; the progenitor composes this machine's userspace at the handoff below
  preemption  : two never-yield threads ran 4392864 and 10941958 iterations, 81 preemptions (a thread that refuses to yield is preempted anyway)
  uart irq    : source 32 (machine description)
  device IRQ  : userspace driver started (holds an Irq cap + a UART mapping); pipe a byte to see it
  virtio      : no block device attached (pass NIFE_DISK to attach one)
  pcie        : no virtio-blk on the bus (pass NIFE_DISK to attach one)
  hw clock    : JH7110 STG CRG at 0x10230000 (named by this machine's device tree): clocks 0x00000000,0x00000000 -> 0x80000000,0x80000000 (running); reset 3 assert 0x007ffffe -> 0x007ffff6, status 0x00000009 (released, 1 polls)
  capability slots: 2 of 24 at peak
  hw entropy  : JH7110 TRNG at 0x1600c000 served 32+32 bytes to a client through a capability that names no device; first draw 62f5f9de.., second differs; STAT after init 0x00040308 (256-bit: all eight RAND words are the answer); since the pcie line 20867 us, of which bring-up 560 us (window mapped, driver spawned, reseed, first generation; the hw clock line's own console time excluded) and 64 bytes in 66 us (966037 bytes/s over 8 round trips)
nife: the capability core runs on RISC-V.

nife: handing the system to the userspace progenitor.
  uart irq  : 32 (machine description)
  capability slots: 3 of 24 at peak
  capability slots: 5 of 24 at peak
  capability slots: 13 of 24 at peak

U-Boot SPL 2021.10 (Feb 12 2023 - 18:15:33 +0800)
DDR version: dc2e84f0.
Trying to boot from SPI

OpenSBI v1.2
   ____                    _____ ____ _____
  / __ \                  / ____|  _ \_   _|
 | |  | |_ __   ___ _ __ | (___ | |_) || |
 | |  | | '_ \ / _ \ '_ \ \___ \|  _ < | |
 | |__| | |_) |  __/ | | |____) | |_) || |_
  \____/| .__/ \___|_| |_|_____/|____/_____|
        | |
        |_|

Platform Name             : StarFive VisionFive V2
Platform Features         : medeleg
Platform HART Count       : 5
Platform IPI Device       : aclint-mswi
Platform Timer Device     : aclint-mtimer @ 4000000Hz
Platform Console Device   : uart8250
Platform HSM Device       : jh7110-hsm
Platform PMU Device       : ---
Platform Reboot Device    : pm-reset
Platform Shutdown Device  : pm-reset
Firmware Base             : 0x40000000
Firmware Size             : 292 KB
Runtime SBI Version       : 1.0

Domain0 Name              : root
Domain0 Boot HART         : 1
Domain0 HARTs             : 0*,1*,2*,3*,4*
Domain0 Region00          : 0x0000000002000000-0x000000000200ffff (I)
Domain0 Region01          : 0x0000000040000000-0x000000004007ffff ()
Domain0 Region02          : 0x0000000000000000-0xffffffffffffffff (R,W,X)
Domain0 Next Address      : 0x0000000040200000
Domain0 Next Arg1         : 0x0000000042200000
Domain0 Next Mode         : S-mode
Domain0 SysReset          : yes

Boot HART ID              : 1
Boot HART Domain          : root
Boot HART Priv Version    : v1.11
Boot HART Base ISA        : rv64imafdcbx
Boot HART ISA Extensions  : none
Boot HART PMP Count       : 8
Boot HART PMP Granularity : 4096
Boot HART PMP Address Bits: 34
Boot HART MHPM Count      : 2
Boot HART MIDELEG         : 0x0000000000000222
Boot HART MEDELEG         : 0x000000000000b109


U-Boot 2021.10 (Feb 12 2023 - 18:15:33 +0800), Build: jenkins-VF2_515_Branch_SDK_Release-24

CPU:   rv64imacu
Model: StarFive VisionFive V2
DRAM:  8 GiB
MMC:   sdio0@16010000: 0, sdio1@16020000: 1
Loading Environment from SPIFlash... SF: Detected gd25lq128 with page size 256 Bytes, erase size 4 KiB, total 16 MiB
*** Warning - bad CRC, using default environment

StarFive EEPROM format v2

--------EEPROM INFO--------
Vendor : StarFive Technology Co., Ltd.
Product full SN: VF7110B1-2253-D008E000-00004584
data version: 0x2
PCB revision: 0xb2
BOM revision: A
Ethernet MAC0 address: 6c:cf:39:00:47:2c
Ethernet MAC1 address: 6c:cf:39:00:47:2d
--------EEPROM INFO--------

In:    serial@10000000
Out:   serial@10000000
Err:   serial@10000000
Model: StarFive VisionFive V2
Net:   eth0: ethernet@16030000, eth1: ethernet@16040000
switch to partitions #0, OK
mmc1 is current device
found device 1
bootmode flash device 1
** Invalid partition 3 **
Couldn't find partition mmc 1:3
Can't set block device
** Invalid partition 3 **
Couldn't find partition mmc 1:3
Can't set block device
Hit any key to stop autoboot:  2  1  0 
** Invalid partition 3 **
Couldn't find partition mmc 1:3
Can't set block device
Importing environment from mmc1 ...
## Warning: Input data exceeds 1048576 bytes - truncated
## Info: input data size = 1048578 = 0x100002
** Invalid partition 2 **
Couldn't find partition mmc 1:2
Can't set block device
## Warning: defaulting to text format
## Error: "boot2" not defined
switch to partitions #0, OK
mmc1 is current device
Scanning mmc 1:1...
Found U-Boot script /boot.scr.uimg
1595 bytes read in 8 ms (194.3 KiB/s)
## Executing script at 43900000
nife: boot.scr is driving this boot, milestones 218 and 257
nife: tftp server is 192.168.8.206, setenv nife_boot_server to point somewhere else
ethernet@16030000 Waiting for PHY auto negotiation to complete...... done
BOOTP broadcast 1
BOOTP broadcast 2
DHCP client bound to address 192.168.8.200 (257 ms)
Using ethernet@16030000 device
TFTP from server 192.168.8.206; our IP address is 192.168.8.200
Filename 'nife-vf2.img'.
Load address: 0x40200000
Loading: *#################################################################
	 #################################################################
	 #################################################################
	 #########################
	 2.8 MiB/s
done
Bytes transferred = 3218652 (311cdc hex)
Using ethernet@16030000 device
TFTP from server 192.168.8.206; our IP address is 192.168.8.200
Filename 'nife-initrd.img'.
Load address: 0x90000000
Loading: *#################################################################
	 #################################################################
	 #################################################################
	 #################################################################
	 #################################################################
	 #################################################################
	 #################################################################
	 #################################################################
	 #################################################################
	 #################################################################
	 #################################################################
	 #################################################################
	 #################################################################
	 #####################################
	 4 MiB/s
done
Bytes transferred = 12936192 (c56400 hex)
nife: payload came from net
Moving Image from 0x40200000 to 0x80200000, end=80511000
## Flattened Device Tree blob at 86000000
   Booting using the fdt blob at 0x86000000
   Using Device Tree in place at 0000000086000000, end 000000008600d41a

Starting kernel ...

clk u5_dw_i2c_clk_core already disabled
clk u5_dw_i2c_clk_apb already disabled

nife on RISC-V (rv64, S-mode, Sv39)
  hart 0 booted: high-half kernel, .bss, and the NS16550 console are up.
  running at  : 0xffffffc080206ad0  (high half: Sv39 paging is on)
  device tree : 0x0000000086000000
  screen      : none (no qemu,fw-cfg-mmio node: this machine has no ramfb to ask for); this console is the UART
  traps       : stvec set; a breakpoint was caught and stepped over (1)
  timer       : 21 ticks in ~0.2s (SBI timer + S-mode interrupt at 100 Hz)
  memory      : device tree parsed, frame allocator up (first frame 0x400a0000)
  smp: 5 core(s) in the device tree, 4 startable
  smp: cpu 0's riscv,isa names user mode and not supervisor: it cannot run this kernel, whatever status and mmu-type claim; not started
  plic: S contexts from the device tree differ from the 2h+1 formula (expected on the JH7110: the disabled S7 shifts every context down one)
  paging      : fine-grained W^X Sv39 tables installed, satp switched (paging on: true)
  isa         : rv64i m a c f d
              : 5 hart(s), mmu sv39 declared and sv39 in use, satp.ASID 0 bits measured; read from the deprecated riscv,isa
  firmware    : OpenSBI 0x10002, SBI 1.0, TIME IPI RFENCE HSM PMU
  cycles      : SBI PMU counter 0, CSR 0xc00, 64 bits
  smp: sbi hsm hart_start (the only mechanism RISC-V defines)
  smp: cpu 0 is not startable by this kernel (disabled, no supervisor
       mode, or an enable-method we do not speak); leaving it alone.
  smp: 4 core(s) online

nife
  isa         : rv64i m a c f d
              : 5 hart(s), mmu sv39 declared and sv39 in use, satp.ASID 0 bits measured; read from the deprecated riscv,isa
  firmware    : OpenSBI 0x10002, SBI 1.0, TIME IPI RFENCE HSM PMU
  stack top       : 0xffffffc080461000
  firmware handoff: 0x0000000086000000  (device tree)
  processors      : 4 online of 5 described, boot cpu hwid 0x1
  memory          : 4096 MiB total, 4071 MiB free (24836 KiB in use)
  console         : NS16550 at 0xffffffc010000000, interrupt line 32
                  : no screen; this console is the UART alone
  interrupts      : PLIC at 0x000000000c000000, this hart's S-mode context 2
  timer           : 100 Hz tick, counter at 4 MHz, interrupts ON
  initrd          : 12936192 bytes at 0x0000000090000000, a nifefs archive of 112 program(s)
  pcie            : none (this machine describes no host bridge)
  iommu           : none (no riscv-iommu-pci function on this machine's bus)
  mmu             : Sv39 on, fine-grained W^X tables installed, one satp, kernel high half at 0xffffffc000000000
                  : kernel root 0x00000000400a1000, live satp root 0x00000000400a1000
  scheduler       : 5 thread(s), round robin, preemptive
nife machine: riscv64, 4 processor(s), 4096 MiB, 100 Hz
  self-test       : exceptions ok      a breakpoint was caught and stepped over (1)
  self-test       : mapping    ok      0xffffffc180000000 -> 0x408ce000, read back 0xc0ffee, unmapped
  self-test       : frames     ok      one frame out and back at 0x408ce000; used 6211 -> Some(6212) -> Some(6211)
  self-test       : timer      ok      the 4MHz counter advanced 80000 and 2 tick(s) arrived in ~20ms
  self-test       : scheduler  ok      thread 5 ran and carried its captured state (0x268026802680268)
nife self-test: 5 of 5 passed
  user address space : process satp activated (kernel half shared), user 0x400000 -> Some((408e2000, Flags(3)))
  userspace   : a program was started at U-mode (yield/yield/exit via ecall)
  user ELF    : an archive; the progenitor composes this machine's userspace at the handoff below
  preemption  : two never-yield threads ran 7492975 and 6539709 iterations, 82 preemptions (a thread that refuses to yield is preempted anyway)
  uart irq    : source 32 (machine description)
  device IRQ  : userspace driver started (holds an Irq cap + a UART mapping); pipe a byte to see it
  virtio      : no block device attached (pass NIFE_DISK to attach one)
  pcie        : no virtio-blk on the bus (pass NIFE_DISK to attach one)
  hw clock    : JH7110 STG CRG at 0x10230000 (named by this machine's device tree): clocks 0x00000000,0x00000000 -> 0x80000000,0x80000000 (running); reset 3 assert 0x007ffffe -> 0x007ffff6, status 0x00000009 (released, 1 polls)
  capability slots: 2 of 64 at peak
  hw entropy  : JH7110 TRNG at 0x1600c000 served 32+32 bytes to a client through a capability that names no device; first draw cbb03da5.., second differs; STAT after init 0x00040308 (256-bit: all eight RAND words are the answer); since the pcie line 20877 us, of which bring-up 563 us (window mapped, driver spawned, reseed, first generation; the hw clock line's own console time excluded) and 64 bytes in 66 us (958801 bytes/s over 8 round trips)
nife: the capability core runs on RISC-V.

soak-test: started 4 groups of one responder, 3 callers, 1 grinder and 1 tick waiter (24 user threads) on 4 online core(s), beating every 5s
soak-test: silence longer than a few beats is a hang, not a slow run; the beat is on the wall clock and does not depend on the workload making progress
soak-test: a clean run is a number to compare against, NOT evidence that the concurrency is correct (design/roadmap/0219-a-workload-that-does-not-stop.md)
soak-test: the threads that cross cores are the tick waiters, NOT the rendezvous pairs; a rising crossings count is the wake protocol sustained across cores under load, not the IPC workload migrating (design/roadmap/0221-a-soak-that-crosses-cores.md)
soak-test: rounds counts IPC round trips and wakes counts tick-route wakes; they are separate because they are separate quantities, and neither rate compares with a soak built differently
soak-test-census: where the kernel placed each worker at spawn: R=responder, C=caller, G=grinder, W=tick waiter, and the number after each letter is its group
soak-test-census: core=1 threads=5 C0 G0 G2 C3 G3
soak-test-census: core=2 threads=6 R0 W0 R1 R2 C2 R3
soak-test-census: core=3 threads=6 C0 C1 C1 G1 C2 C3
soak-test-census: core=4 threads=7 C0 C1 W1 C2 W2 C3 W3
soak-test-census: this is the boot-time lottery and NOT where the run settles: a rendezvous wake queues the peer on the waker's own core (DECISIONS 138, how a saturated workload is made to hand threads across cores), so each group converges onto one core within a few exchanges
soak-test-census: the beat line's drifted= is how many responders, callers and grinders are no longer on the core the census above put them on; while it reads 0 that census is current, and a nonzero one is followed by the census that replaces it
soak-test-census: tick waiters are excluded from drifted= because their movement is the point rather than a surprise, and it is already crossings= (design/roadmap/0221-a-soak-that-crosses-cores.md)
soak-test: t=5s beat=1 rounds=1711192 rate=342238/s wakes=2175 wakerate=435/s workers=24 refused=0 mismatch=0 stalled=0 drifted=11 crossings=267 remote=1571 steals=2 deferred=0
soak-test-census: where the workers are NOW, the arrangement above having changed: R=responder, C=caller, G=grinder, W=tick waiter, and the number after each letter is its group
soak-test-census: core=1 threads=11 R0 C0 C0 C0 G0 G2 R3 C3 C3 C3 G3
soak-test-census: core=2 threads=4 R2 C2 C2 C2
soak-test-census: core=3 threads=5 W0 G1 W1 W2 W3
soak-test-census: core=4 threads=4 R1 C1 C1 C1
soak-test: t=10s beat=2 rounds=3323570 rate=322475/s wakes=4227 wakerate=410/s workers=24 refused=0 mismatch=0 stalled=0 drifted=0 crossings=493 remote=3039 steals=2 deferred=0
soak-test: t=15s beat=3 rounds=4911241 rate=317534/s wakes=6247 wakerate=404/s workers=24 refused=0 mismatch=0 stalled=0 drifted=0 crossings=707 remote=4494 steals=2 deferred=0
soak-test: t=20s beat=4 rounds=6499460 rate=317643/s wakes=8267 wakerate=404/s workers=24 refused=0 mismatch=0 stalled=0 drifted=0 crossings=920 remote=5934 steals=2 deferred=0
soak-test: t=25s beat=5 rounds=8087380 rate=317584/s wakes=10287 wakerate=404/s workers=24 refused=0 mismatch=0 stalled=0 drifted=0 crossings=1156 remote=7374 steals=2 deferred=0
soak-test: t=30s beat=6 rounds=9676234 rate=317770/s wakes=12307 wakerate=404/s workers=24 refused=0 mismatch=0 stalled=0 drifted=0 crossings=1352 remote=8813 steals=2 deferred=0
soak-test: t=35s beat=7 rounds=11264826 rate=317718/s wakes=14327 wakerate=404/s workers=24 refused=0 mismatch=0 stalled=0 drifted=0 crossings=1567 remote=10270 steals=2 deferred=0
soak-test: t=40s beat=8 rounds=12852993 rate=317633/s wakes=16347 wakerate=404/s workers=24 refused=0 mismatch=0 stalled=0 drifted=0 crossings=1755 remote=11728 steals=2 deferred=0
soak-test: t=45s beat=9 rounds=14441225 rate=317646/s wakes=18367 wakerate=404/s workers=24 refused=0 mismatch=0 stalled=0 drifted=0 crossings=1958 remote=13172 steals=2 deferred=0
soak-test: t=50s beat=10 rounds=16029705 rate=317696/s wakes=20387 wakerate=404/s workers=24 refused=0 mismatch=0 stalled=0 drifted=0 crossings=2181 remote=14606 steals=2 deferred=0
soak-test: t=55s beat=11 rounds=17617493 rate=317557/s wakes=22407 wakerate=404/s workers=24 refused=0 mismatch=0 stalled=0 drifted=0 crossings=2398 remote=16047 steals=2 deferred=0
soak-test: t=60s beat=12 rounds=19206032 rate=317707/s wakes=24427 wakerate=404/s workers=24 refused=0 mismatch=0 stalled=0 drifted=0 crossings=2611 remote=17481 steals=2 deferred=0
soak-test: t=65s beat=13 rounds=20794392 rate=317672/s wakes=26447 wakerate=404/s workers=24 refused=0 mismatch=0 stalled=0 drifted=0 crossings=2829 remote=18934 steals=2 deferred=0
soak-test: t=70s beat=14 rounds=22382659 rate=317653/s wakes=28467 wakerate=404/s workers=24 refused=0 mismatch=0 stalled=0 drifted=0 crossings=3021 remote=20391 steals=2 deferred=0
soak-test: t=75s beat=15 rounds=23971180 rate=317704/s wakes=30487 wakerate=404/s workers=24 refused=0 mismatch=0 stalled=0 drifted=0 crossings=3219 remote=21838 steals=2 deferred=0
soak-test: t=80s beat=16 rounds=25559975 rate=317759/s wakes=32507 wakerate=404/s workers=24 refused=0 mismatch=0 stalled=0 drifted=0 crossings=3452 remote=23276 steals=2 deferred=0
soak-test: t=85s beat=17 rounds=27148550 rate=317715/s wakes=34527 wakerate=404/s workers=24 refused=0 mismatch=0 stalled=0 drifted=0 crossings=3684 remote=24721 steals=2 deferred=0
soak-test: t=90s beat=18 rounds=28736972 rate=317684/s wakes=36547 wakerate=404/s workers=24 refused=0 mismatch=0 stalled=0 drifted=0 crossings=3932 remote=26164 steals=2 deferred=0
soak-test: t=95s beat=19 rounds=30325550 rate=317715/s wakes=38567 wakerate=404/s workers=24 refused=0 mismatch=0 stalled=0 drifted=0 crossings=4187 remote=27599 steals=2 deferred=0
soak-test: t=101s beat=20 rounds=31914487 rate=317787/s wakes=40587 wakerate=404/s workers=24 refused=0 mismatch=0 stalled=0 drifted=0 crossings=4417 remote=29045 steals=2 deferred=0
soak-test: t=106s beat=21 rounds=33502316 rate=317565/s wakes=42607 wakerate=404/s workers=24 refused=0 mismatch=0 stalled=0 drifted=0 crossings=4630 remote=30494 steals=2 deferred=0
soak-test: t=111s beat=22 rounds=35090205 rate=317577/s wakes=44627 wakerate=404/s workers=24 refused=0 mismatch=0 stalled=0 drifted=0 crossings=4863 remote=31918 steals=2 deferred=0
soak-test: t=116s beat=23 rounds=36677828 rate=317524/s wakes=46647 wakerate=404/s workers=24 refused=0 mismatch=0 stalled=0 drifted=0 crossings=5076 remote=33363 steals=2 deferred=0
soak-test: t=121s beat=24 rounds=38267107 rate=317855/s wakes=48667 wakerate=404/s workers=24 refused=0 mismatch=0 stalled=0 drifted=0 crossings=5301 remote=34809 steals=2 deferred=0
soak-test: t=126s beat=25 rounds=39855339 rate=317646/s wakes=50687 wakerate=404/s workers=24 refused=0 mismatch=0 stalled=0 drifted=0 crossings=5520 remote=36252 steals=2 deferred=0
soak-test: t=131s beat=26 rounds=41443446 rate=317621/s wakes=52707 wakerate=404/s workers=24 refused=0 mismatch=0 stalled=0 drifted=0 crossings=5722 remote=37698 steals=2 deferred=0
soak-test: t=136s beat=27 rounds=43031292 rate=317569/s wakes=54727 wakerate=404/s workers=24 refused=0 mismatch=0 stalled=0 drifted=0 crossings=5957 remote=39134 steals=2 deferred=0
soak-test: t=141s beat=28 rounds=44619390 rate=317619/s wakes=56747 wakerate=404/s workers=24 refused=0 mismatch=0 stalled=0 drifted=0 crossings=6156 remote=40592 steals=2 deferred=0
soak-test: t=146s beat=29 rounds=46207856 rate=317693/s wakes=58767 wakerate=404/s workers=24 refused=0 mismatch=0 stalled=0 drifted=0 crossings=6353 remote=42045 steals=2 deferred=0
soak-test: t=151s beat=30 rounds=47795773 rate=317583/s wakes=60787 wakerate=404/s workers=24 refused=0 mismatch=0 stalled=0 drifted=0 crossings=6557 remote=43492 steals=2 deferred=0
soak-test: t=156s beat=31 rounds=49384745 rate=317794/s wakes=62807 wakerate=404/s workers=24 refused=0 mismatch=0 stalled=0 drifted=0 crossings=6812 remote=44918 steals=2 deferred=0
soak-test: t=161s beat=32 rounds=50973011 rate=317653/s wakes=64827 wakerate=404/s workers=24 refused=0 mismatch=0 stalled=0 drifted=0 crossings=7042 remote=46351 steals=2 deferred=0
soak-test: t=166s beat=33 rounds=52561223 rate=317642/s wakes=66847 wakerate=404/s workers=24 refused=0 mismatch=0 stalled=0 drifted=0 crossings=7283 remote=47785 steals=2 deferred=0
soak-test: t=171s beat=34 rounds=54148875 rate=317530/s wakes=68867 wakerate=404/s workers=24 refused=0 mismatch=0 stalled=0 drifted=0 crossings=7480 remote=49240 steals=2 deferred=0
soak-test: t=176s beat=35 rounds=55736960 rate=317617/s wakes=70887 wakerate=404/s workers=24 refused=0 mismatch=0 stalled=0 drifted=0 crossings=7733 remote=50661 steals=2 deferred=0
soak-test: t=181s beat=36 rounds=57324143 rate=317436/s wakes=72907 wakerate=404/s workers=24 refused=0 mismatch=0 stalled=0 drifted=0 crossings=7936 remote=52106 steals=2 deferred=0
soak-test: t=186s beat=37 rounds=58912247 rate=317620/s wakes=74927 wakerate=404/s workers=24 refused=0 mismatch=0 stalled=0 drifted=0 crossings=8159 remote=53551 steals=2 deferred=0
soak-test: t=191s beat=38 rounds=60500132 rate=317577/s wakes=76947 wakerate=404/s workers=24 refused=0 mismatch=0 stalled=0 drifted=0 crossings=8397 remote=54995 steals=2 deferred=0
soak-test: t=196s beat=39 rounds=62088190 rate=317611/s wakes=78967 wakerate=404/s workers=24 refused=0 mismatch=0 stalled=0 drifted=0 crossings=8600 remote=56442 steals=2 deferred=0
soak-test: t=202s beat=40 rounds=63675987 rate=317559/s wakes=80987 wakerate=404/s workers=24 refused=0 mismatch=0 stalled=0 drifted=0 crossings=8804 remote=57897 steals=2 deferred=0
soak-test: t=207s beat=41 rounds=65264165 rate=317635/s wakes=83007 wakerate=404/s workers=24 refused=0 mismatch=0 stalled=0 drifted=0 crossings=9013 remote=59346 steals=2 deferred=0
soak-test: t=212s beat=42 rounds=66852273 rate=317621/s wakes=85027 wakerate=404/s workers=24 refused=0 mismatch=0 stalled=0 drifted=0 crossings=9270 remote=60776 steals=2 deferred=0
soak-test: t=217s beat=43 rounds=68440569 rate=317659/s wakes=87047 wakerate=404/s workers=24 refused=0 mismatch=0 stalled=0 drifted=0 crossings=9505 remote=62213 steals=2 deferred=0
soak-test: t=222s beat=44 rounds=70028080 rate=317502/s wakes=89067 wakerate=404/s workers=24 refused=0 mismatch=0 stalled=0 drifted=0 crossings=9727 remote=63655 steals=2 deferred=0
soak-test: t=227s beat=45 rounds=71615957 rate=317575/s wakes=91087 wakerate=404/s workers=24 refused=0 mismatch=0 stalled=0 drifted=0 crossings=9944 remote=65098 steals=2 deferred=0
soak-test: t=232s beat=46 rounds=73203799 rate=317568/s wakes=93107 wakerate=404/s workers=24 refused=0 mismatch=0 stalled=0 drifted=0 crossings=10170 remote=66541 steals=2 deferred=0
soak-test: t=237s beat=47 rounds=74791569 rate=317554/s wakes=95127 wakerate=404/s workers=24 refused=0 mismatch=0 stalled=0 drifted=0 crossings=10383 remote=67994 steals=2 deferred=0
soak-test: t=242s beat=48 rounds=76380063 rate=317698/s wakes=97147 wakerate=404/s workers=24 refused=0 mismatch=0 stalled=0 drifted=0 crossings=10595 remote=69443 steals=2 deferred=0
soak-test: t=247s beat=49 rounds=77967046 rate=317396/s wakes=99167 wakerate=404/s workers=24 refused=0 mismatch=0 stalled=0 drifted=0 crossings=10788 remote=70896 steals=2 deferred=0
soak-test: t=252s beat=50 rounds=79555545 rate=317699/s wakes=101187 wakerate=404/s workers=24 refused=0 mismatch=0 stalled=0 drifted=0 crossings=11032 remote=72333 steals=2 deferred=0
soak-test: t=257s beat=51 rounds=81143882 rate=317667/s wakes=103207 wakerate=404/s workers=24 refused=0 mismatch=0 stalled=0 drifted=0 crossings=11265 remote=73775 steals=2 deferred=0
soak-test: t=262s beat=52 rounds=82731798 rate=317583/s wakes=105227 wakerate=404/s workers=24 refused=0 mismatch=0 stalled=0 drifted=0 crossings=11479 remote=75227 steals=2 deferred=0
soak-test: t=267s beat=53 rounds=84319998 rate=317640/s wakes=107247 wakerate=404/s workers=24 refused=0 mismatch=0 stalled=0 drifted=0 crossings=11683 remote=76674 steals=2 deferred=0
soak-test: t=272s beat=54 rounds=85908305 rate=317661/s wakes=109267 wakerate=404/s workers=24 refused=0 mismatch=0 stalled=0 drifted=0 crossings=11928 remote=78107 steals=2 deferred=0
soak-test: t=277s beat=55 rounds=87496360 rate=317611/s wakes=111287 wakerate=404/s workers=24 refused=0 mismatch=0 stalled=0 drifted=0 crossings=12139 remote=79552 steals=2 deferred=0
soak-test: t=282s beat=56 rounds=89085051 rate=317738/s wakes=113307 wakerate=404/s workers=24 refused=0 mismatch=0 stalled=0 drifted=0 crossings=12378 remote=80999 steals=2 deferred=0
soak-test: t=287s beat=57 rounds=90673968 rate=317783/s wakes=115327 wakerate=404/s workers=24 refused=0 mismatch=0 stalled=0 drifted=0 crossings=12588 remote=82431 steals=2 deferred=0
soak-test: t=292s beat=58 rounds=92261843 rate=317575/s wakes=117347 wakerate=404/s workers=24 refused=0 mismatch=0 stalled=0 drifted=0 crossings=12818 remote=83871 steals=2 deferred=0
soak-test: t=297s beat=59 rounds=93850538 rate=317739/s wakes=119367 wakerate=404/s workers=24 refused=0 mismatch=0 stalled=0 drifted=0 crossings=13036 remote=85320 steals=2 deferred=0
soak-test: t=303s beat=60 rounds=95438527 rate=317597/s wakes=121387 wakerate=404/s workers=24 refused=0 mismatch=0 stalled=0 drifted=0 crossings=13272 remote=86761 steals=2 deferred=0
soak-test: t=308s beat=61 rounds=97026091 rate=317512/s wakes=123407 wakerate=404/s workers=24 refused=0 mismatch=0 stalled=0 drifted=0 crossings=13506 remote=88195 steals=2 deferred=0
soak-test: t=313s beat=62 rounds=98614848 rate=317751/s wakes=125427 wakerate=404/s workers=24 refused=0 mismatch=0 stalled=0 drifted=0 crossings=13682 remote=89660 steals=2 deferred=0
soak-test: t=318s beat=63 rounds=100203013 rate=317633/s wakes=127447 wakerate=404/s workers=24 refused=0 mismatch=0 stalled=0 drifted=0 crossings=13912 remote=91102 steals=2 deferred=0
soak-test: t=323s beat=64 rounds=101791557 rate=317708/s wakes=129467 wakerate=404/s workers=24 refused=0 mismatch=0 stalled=0 drifted=0 crossings=14113 remote=92553 steals=2 deferred=0
soak-test: t=328s beat=65 rounds=103379270 rate=317542/s wakes=131487 wakerate=404/s workers=24 refused=0 mismatch=0 stalled=0 drifted=0 crossings=14348 remote=93987 steals=2 deferred=0
soak-test: t=333s beat=66 rounds=104966189 rate=317383/s wakes=133507 wakerate=404/s workers=24 refused=0 mismatch=0 stalled=0 drifted=0 crossings=14583 remote=95423 steals=2 deferred=0
soak-test: t=338s beat=67 rounds=106553465 rate=317455/s wakes=135527 wakerate=404/s workers=24 refused=0 mismatch=0 stalled=0 drifted=0 crossings=14848 remote=96848 steals=2 deferred=0
soak-test: t=343s beat=68 rounds=108141255 rate=317558/s wakes=137547 wakerate=404/s workers=24 refused=0 mismatch=0 stalled=0 drifted=0 crossings=15079 remote=98287 steals=2 deferred=0
soak-test: t=348s beat=69 rounds=109728474 rate=317443/s wakes=139567 wakerate=404/s workers=24 refused=0 mismatch=0 stalled=0 drifted=0 crossings=15317 remote=99727 steals=2 deferred=0
soak-test: t=353s beat=70 rounds=111317134 rate=317732/s wakes=141587 wakerate=404/s workers=24 refused=0 mismatch=0 stalled=0 drifted=0 crossings=15548 remote=101154 steals=2 deferred=0
soak-test: t=358s beat=71 rounds=112904911 rate=317555/s wakes=143607 wakerate=404/s workers=24 refused=0 mismatch=0 stalled=0 drifted=0 crossings=15731 remote=102617 steals=2 deferred=0
soak-test: t=363s beat=72 rounds=114493313 rate=317680/s wakes=145627 wakerate=404/s workers=24 refused=0 mismatch=0 stalled=0 drifted=0 crossings=15959 remote=104065 steals=2 deferred=0
soak-test: t=368s beat=73 rounds=116081512 rate=317639/s wakes=147647 wakerate=404/s workers=24 refused=0 mismatch=0 stalled=0 drifted=0 crossings=16131 remote=105522 steals=2 deferred=0
soak-test: t=373s beat=74 rounds=117669594 rate=317616/s wakes=149667 wakerate=404/s workers=24 refused=0 mismatch=0 stalled=0 drifted=0 crossings=16355 remote=106962 steals=2 deferred=0
soak-test: t=378s beat=75 rounds=119258169 rate=317715/s wakes=151687 wakerate=404/s workers=24 refused=0 mismatch=0 stalled=0 drifted=0 crossings=16577 remote=108401 steals=2 deferred=0
soak-test: t=383s beat=76 rounds=120846476 rate=317661/s wakes=153707 wakerate=404/s workers=24 refused=0 mismatch=0 stalled=0 drifted=0 crossings=16787 remote=109856 steals=2 deferred=0
soak-test: t=388s beat=77 rounds=122434304 rate=317565/s wakes=155727 wakerate=404/s workers=24 refused=0 mismatch=0 stalled=0 drifted=0 crossings=17003 remote=111305 steals=2 deferred=0
soak-test: t=393s beat=78 rounds=124022658 rate=317670/s wakes=157747 wakerate=404/s workers=24 refused=0 mismatch=0 stalled=0 drifted=0 crossings=17230 remote=112744 steals=2 deferred=0
soak-test: t=398s beat=79 rounds=125611340 rate=317736/s wakes=159767 wakerate=404/s workers=24 refused=0 mismatch=0 stalled=0 drifted=0 crossings=17443 remote=114190 steals=2 deferred=0
soak-test: t=404s beat=80 rounds=127200252 rate=317782/s wakes=161787 wakerate=404/s workers=24 refused=0 mismatch=0 stalled=0 drifted=0 crossings=17681 remote=115621 steals=2 deferred=0
soak-test: t=409s beat=81 rounds=128788833 rate=317716/s wakes=163807 wakerate=404/s workers=24 refused=0 mismatch=0 stalled=0 drifted=0 crossings=17873 remote=117081 steals=2 deferred=0
soak-test: t=414s beat=82 rounds=130377174 rate=317668/s wakes=165827 wakerate=404/s workers=24 refused=0 mismatch=0 stalled=0 drifted=0 crossings=18090 remote=118528 steals=2 deferred=0
soak-test: t=419s beat=83 rounds=131964855 rate=317536/s wakes=167847 wakerate=404/s workers=24 refused=0 mismatch=0 stalled=0 drifted=0 crossings=18340 remote=119966 steals=2 deferred=0
soak-test: t=424s beat=84 rounds=133553161 rate=317661/s wakes=169867 wakerate=404/s workers=24 refused=0 mismatch=0 stalled=0 drifted=0 crossings=18556 remote=121408 steals=2 deferred=0
soak-test: t=429s beat=85 rounds=135140779 rate=317523/s wakes=171887 wakerate=404/s workers=24 refused=0 mismatch=0 stalled=0 drifted=0 crossings=18788 remote=122849 steals=2 deferred=0
soak-test: t=434s beat=86 rounds=136728397 rate=317523/s wakes=173907 wakerate=404/s workers=24 refused=0 mismatch=0 stalled=0 drifted=0 crossings=19034 remote=124285 steals=2 deferred=0
soak-test: t=439s beat=87 rounds=138316017 rate=317524/s wakes=175927 wakerate=404/s workers=24 refused=0 mismatch=0 stalled=0 drifted=0 crossings=19255 remote=125738 steals=2 deferred=0
soak-test: t=444s beat=88 rounds=139904586 rate=317713/s wakes=177947 wakerate=404/s workers=24 refused=0 mismatch=0 stalled=0 drifted=0 crossings=19480 remote=127174 steals=2 deferred=0
soak-test: t=449s beat=89 rounds=141492887 rate=317660/s wakes=179967 wakerate=404/s workers=24 refused=0 mismatch=0 stalled=0 drifted=0 crossings=19722 remote=128610 steals=2 deferred=0
soak-test: t=454s beat=90 rounds=143079994 rate=317421/s wakes=181987 wakerate=404/s workers=24 refused=0 mismatch=0 stalled=0 drifted=0 crossings=19926 remote=130058 steals=2 deferred=0
soak-test: t=459s beat=91 rounds=144668508 rate=317702/s wakes=184007 wakerate=404/s workers=24 refused=0 mismatch=0 stalled=0 drifted=0 crossings=20175 remote=131496 steals=2 deferred=0
soak-test: t=464s beat=92 rounds=146257040 rate=317706/s wakes=186027 wakerate=404/s workers=24 refused=0 mismatch=0 stalled=0 drifted=0 crossings=20399 remote=132946 steals=2 deferred=0
soak-test: t=469s beat=93 rounds=147844901 rate=317572/s wakes=188047 wakerate=404/s workers=24 refused=0 mismatch=0 stalled=0 drifted=0 crossings=20621 remote=134391 steals=2 deferred=0
soak-test: t=474s beat=94 rounds=149432732 rate=317566/s wakes=190067 wakerate=404/s workers=24 refused=0 mismatch=0 stalled=0 drifted=0 crossings=20833 remote=135831 steals=2 deferred=0
soak-test: t=479s beat=95 rounds=151020807 rate=317615/s wakes=192087 wakerate=404/s workers=24 refused=0 mismatch=0 stalled=0 drifted=0 crossings=21029 remote=137287 steals=2 deferred=0
soak-test: t=484s beat=96 rounds=152609047 rate=317648/s wakes=194107 wakerate=404/s workers=24 refused=0 mismatch=0 stalled=0 drifted=0 crossings=21255 remote=138729 steals=2 deferred=0
soak-test: t=489s beat=97 rounds=154195737 rate=317338/s wakes=196127 wakerate=404/s workers=24 refused=0 mismatch=0 stalled=0 drifted=0 crossings=21473 remote=140171 steals=2 deferred=0
soak-test: t=494s beat=98 rounds=155783620 rate=317576/s wakes=198147 wakerate=404/s workers=24 refused=0 mismatch=0 stalled=0 drifted=0 crossings=21715 remote=141614 steals=2 deferred=0
soak-test: t=499s beat=99 rounds=157371980 rate=317672/s wakes=200167 wakerate=404/s workers=24 refused=0 mismatch=0 stalled=0 drifted=0 crossings=21936 remote=143054 steals=2 deferred=0
soak-test: t=505s beat=100 rounds=158959953 rate=317594/s wakes=202187 wakerate=404/s workers=24 refused=0 mismatch=0 stalled=0 drifted=0 crossings=22157 remote=144498 steals=2 deferred=0
soak-test: t=510s beat=101 rounds=160548609 rate=317731/s wakes=204207 wakerate=404/s workers=24 refused=0 mismatch=0 stalled=0 drifted=0 crossings=22371 remote=145940 steals=2 deferred=0
soak-test: t=515s beat=102 rounds=162137006 rate=317679/s wakes=206227 wakerate=404/s workers=24 refused=0 mismatch=0 stalled=0 drifted=0 crossings=22580 remote=147393 steals=2 deferred=0
soak-test: t=520s beat=103 rounds=163725248 rate=317648/s wakes=208247 wakerate=404/s workers=24 refused=0 mismatch=0 stalled=0 drifted=0 crossings=22809 remote=148836 steals=2 deferred=0
soak-test: t=525s beat=104 rounds=165312940 rate=317538/s wakes=210267 wakerate=404/s workers=24 refused=0 mismatch=0 stalled=0 drifted=0 crossings=23004 remote=150280 steals=2 deferred=0
soak-test: t=530s beat=105 rounds=166901331 rate=317678/s wakes=212287 wakerate=404/s workers=24 refused=0 mismatch=0 stalled=0 drifted=0 crossings=23202 remote=151729 steals=2 deferred=0
soak-test: t=535s beat=106 rounds=168488682 rate=317470/s wakes=214307 wakerate=404/s workers=24 refused=0 mismatch=0 stalled=0 drifted=0 crossings=23431 remote=153180 steals=2 deferred=0
soak-test: t=540s beat=107 rounds=170076431 rate=317549/s wakes=216327 wakerate=404/s workers=24 refused=0 mismatch=0 stalled=0 drifted=0 crossings=23664 remote=154623 steals=2 deferred=0
soak-test: t=545s beat=108 rounds=171665279 rate=317769/s wakes=218347 wakerate=404/s workers=24 refused=0 mismatch=0 stalled=0 drifted=0 crossings=23889 remote=156055 steals=2 deferred=0
soak-test: t=550s beat=109 rounds=173253530 rate=317650/s wakes=220367 wakerate=404/s workers=24 refused=0 mismatch=0 stalled=0 drifted=0 crossings=24088 remote=157503 steals=2 deferred=0
soak-test: t=555s beat=110 rounds=174841522 rate=317598/s wakes=222387 wakerate=404/s workers=24 refused=0 mismatch=0 stalled=0 drifted=0 crossings=24292 remote=158954 steals=2 deferred=0
soak-test: t=560s beat=111 rounds=176429363 rate=317568/s wakes=224407 wakerate=404/s workers=24 refused=0 mismatch=0 stalled=0 drifted=0 crossings=24486 remote=160402 steals=2 deferred=0
soak-test: t=565s beat=112 rounds=178017305 rate=317588/s wakes=226427 wakerate=404/s workers=24 refused=0 mismatch=0 stalled=0 drifted=0 crossings=24703 remote=161848 steals=2 deferred=0
soak-test: t=570s beat=113 rounds=179605125 rate=317564/s wakes=228447 wakerate=404/s workers=24 refused=0 mismatch=0 stalled=0 drifted=0 crossings=24932 remote=163291 steals=2 deferred=0
soak-test: t=575s beat=114 rounds=181193406 rate=317656/s wakes=230467 wakerate=404/s workers=24 refused=0 mismatch=0 stalled=0 drifted=0 crossings=25169 remote=164736 steals=2 deferred=0
soak-test: t=580s beat=115 rounds=182781655 rate=317649/s wakes=232487 wakerate=404/s workers=24 refused=0 mismatch=0 stalled=0 drifted=0 crossings=25370 remote=166198 steals=2 deferred=0
soak-test: t=585s beat=116 rounds=184369504 rate=317569/s wakes=234507 wakerate=404/s workers=24 refused=0 mismatch=0 stalled=0 drifted=0 crossings=25618 remote=167639 steals=2 deferred=0
soak-test: t=590s beat=117 rounds=185958163 rate=317731/s wakes=236527 wakerate=404/s workers=24 refused=0 mismatch=0 stalled=0 drifted=0 crossings=25833 remote=169084 steals=2 deferred=0
soak-test: t=595s beat=118 rounds=187546236 rate=317614/s wakes=238547 wakerate=404/s workers=24 refused=0 mismatch=0 stalled=0 drifted=0 crossings=26042 remote=170542 steals=2 deferred=0
soak-test: t=600s beat=119 rounds=189135374 rate=317827/s wakes=240567 wakerate=404/s workers=24 refused=0 mismatch=0 stalled=0 drifted=0 crossings=26267 remote=171978 steals=2 deferred=0
soak-test: t=606s beat=120 rounds=190724301 rate=317785/s wakes=242587 wakerate=404/s workers=24 refused=0 mismatch=0 stalled=0 drifted=0 crossings=26505 remote=173424 steals=2 deferred=0
soak-test: t=611s beat=121 rounds=192311898 rate=317519/s wakes=244607 wakerate=404/s workers=24 refused=0 mismatch=0 stalled=0 drifted=0 crossings=26722 remote=174871 steals=2 deferred=0
soak-test: t=616s beat=122 rounds=193900184 rate=317657/s wakes=246627 wakerate=404/s workers=24 refused=0 mismatch=0 stalled=0 drifted=0 crossings=26965 remote=176309 steals=2 deferred=0
soak-test: t=621s beat=123 rounds=195487329 rate=317429/s wakes=248647 wakerate=404/s workers=24 refused=0 mismatch=0 stalled=0 drifted=0 crossings=27215 remote=177749 steals=2 deferred=0
soak-test: t=626s beat=124 rounds=197075682 rate=317670/s wakes=250667 wakerate=404/s workers=24 refused=0 mismatch=0 stalled=0 drifted=0 crossings=27462 remote=179182 steals=2 deferred=0
soak-test: t=631s beat=125 rounds=198663872 rate=317638/s wakes=252687 wakerate=404/s workers=24 refused=0 mismatch=0 stalled=0 drifted=0 crossings=27680 remote=180618 steals=2 deferred=0
soak-test: t=636s beat=126 rounds=200251991 rate=317623/s wakes=254707 wakerate=404/s workers=24 refused=0 mismatch=0 stalled=0 drifted=0 crossings=27885 remote=182073 steals=2 deferred=0
soak-test: t=641s beat=127 rounds=201840012 rate=317604/s wakes=256727 wakerate=404/s workers=24 refused=0 mismatch=0 stalled=0 drifted=0 crossings=28093 remote=183517 steals=2 deferred=0
soak-test: t=646s beat=128 rounds=203427985 rate=317594/s wakes=258747 wakerate=404/s workers=24 refused=0 mismatch=0 stalled=0 drifted=0 crossings=28309 remote=184970 steals=2 deferred=0
soak-test: t=651s beat=129 rounds=205016158 rate=317634/s wakes=260767 wakerate=404/s workers=24 refused=0 mismatch=0 stalled=0 drifted=0 crossings=28536 remote=186405 steals=2 deferred=0
soak-test: t=656s beat=130 rounds=206604126 rate=317593/s wakes=262787 wakerate=404/s workers=24 refused=0 mismatch=0 stalled=0 drifted=0 crossings=28762 remote=187844 steals=2 deferred=0
soak-test: t=661s beat=131 rounds=208191873 rate=317549/s wakes=264807 wakerate=404/s workers=24 refused=0 mismatch=0 stalled=0 drifted=0 crossings=28960 remote=189300 steals=2 deferred=0
soak-test: t=666s beat=132 rounds=209779287 rate=317482/s wakes=266827 wakerate=404/s workers=24 refused=0 mismatch=0 stalled=0 drifted=0 crossings=29180 remote=190736 steals=2 deferred=0
soak-test: t=671s beat=133 rounds=211367524 rate=317647/s wakes=268847 wakerate=404/s workers=24 refused=0 mismatch=0 stalled=0 drifted=0 crossings=29396 remote=192186 steals=2 deferred=0
soak-test: t=676s beat=134 rounds=212955601 rate=317615/s wakes=270867 wakerate=404/s workers=24 refused=0 mismatch=0 stalled=0 drifted=0 crossings=29627 remote=193627 steals=2 deferred=0
soak-test: t=681s beat=135 rounds=214544390 rate=317757/s wakes=272887 wakerate=404/s workers=24 refused=0 mismatch=0 stalled=0 drifted=0 crossings=29847 remote=195074 steals=2 deferred=0
soak-test: t=686s beat=136 rounds=216132432 rate=317608/s wakes=274907 wakerate=404/s workers=24 refused=0 mismatch=0 stalled=0 drifted=0 crossings=30089 remote=196517 steals=2 deferred=0
soak-test: t=691s beat=137 rounds=217719545 rate=317422/s wakes=276927 wakerate=404/s workers=24 refused=0 mismatch=0 stalled=0 drifted=0 crossings=30298 remote=197966 steals=2 deferred=0
soak-test: t=696s beat=138 rounds=219307120 rate=317515/s wakes=278947 wakerate=404/s workers=24 refused=0 mismatch=0 stalled=0 drifted=0 crossings=30513 remote=199415 steals=2 deferred=0
soak-test: t=701s beat=139 rounds=220895310 rate=317638/s wakes=280967 wakerate=404/s workers=24 refused=0 mismatch=0 stalled=0 drifted=0 crossings=30712 remote=200869 steals=2 deferred=0
soak-test: t=707s beat=140 rounds=222483065 rate=317551/s wakes=282987 wakerate=404/s workers=24 refused=0 mismatch=0 stalled=0 drifted=0 crossings=30929 remote=202316 steals=2 deferred=0
soak-test: t=712s beat=141 rounds=224071398 rate=317666/s wakes=285007 wakerate=404/s workers=24 refused=0 mismatch=0 stalled=0 drifted=0 crossings=31176 remote=203749 steals=2 deferred=0
soak-test: t=717s beat=142 rounds=225660625 rate=317845/s wakes=287027 wakerate=404/s workers=24 refused=0 mismatch=0 stalled=0 drifted=0 crossings=31390 remote=205202 steals=2 deferred=0
soak-test: t=722s beat=143 rounds=227249435 rate=317762/s wakes=289047 wakerate=404/s workers=24 refused=0 mismatch=0 stalled=0 drifted=0 crossings=31603 remote=206649 steals=2 deferred=0
soak-test: t=727s beat=144 rounds=228837457 rate=317604/s wakes=291067 wakerate=404/s workers=24 refused=0 mismatch=0 stalled=0 drifted=0 crossings=31838 remote=208087 steals=2 deferred=0
soak-test: t=732s beat=145 rounds=230425602 rate=317629/s wakes=293087 wakerate=404/s workers=24 refused=0 mismatch=0 stalled=0 drifted=0 crossings=32058 remote=209520 steals=2 deferred=0
soak-test: t=737s beat=146 rounds=232013779 rate=317635/s wakes=295107 wakerate=404/s workers=24 refused=0 mismatch=0 stalled=0 drifted=0 crossings=32276 remote=210965 steals=2 deferred=0
soak-test: t=742s beat=147 rounds=233601535 rate=317551/s wakes=297127 wakerate=404/s workers=24 refused=0 mismatch=0 stalled=0 drifted=0 crossings=32512 remote=212394 steals=2 deferred=0
soak-test: t=747s beat=148 rounds=235189510 rate=317595/s wakes=299147 wakerate=404/s workers=24 refused=0 mismatch=0 stalled=0 drifted=0 crossings=32722 remote=213842 steals=2 deferred=0
soak-test: t=752s beat=149 rounds=236777901 rate=317678/s wakes=301167 wakerate=404/s workers=24 refused=0 mismatch=0 stalled=0 drifted=0 crossings=32946 remote=215289 steals=2 deferred=0
soak-test: t=757s beat=150 rounds=238366259 rate=317671/s wakes=303187 wakerate=404/s workers=24 refused=0 mismatch=0 stalled=0 drifted=0 crossings=33203 remote=216722 steals=2 deferred=0
soak-test: t=762s beat=151 rounds=239953030 rate=317354/s wakes=305207 wakerate=404/s workers=24 refused=0 mismatch=0 stalled=0 drifted=0 crossings=33399 remote=218166 steals=2 deferred=0
soak-test: t=767s beat=152 rounds=241541186 rate=317631/s wakes=307227 wakerate=404/s workers=24 refused=0 mismatch=0 stalled=0 drifted=0 crossings=33651 remote=219599 steals=2 deferred=0
soak-test: t=772s beat=153 rounds=243129525 rate=317667/s wakes=309247 wakerate=404/s workers=24 refused=0 mismatch=0 stalled=0 drifted=0 crossings=33854 remote=221036 steals=2 deferred=0
soak-test: t=777s beat=154 rounds=244717965 rate=317688/s wakes=311267 wakerate=404/s workers=24 refused=0 mismatch=0 stalled=0 drifted=0 crossings=34125 remote=222456 steals=2 deferred=0
soak-test: t=782s beat=155 rounds=246306867 rate=317780/s wakes=313287 wakerate=404/s workers=24 refused=0 mismatch=0 stalled=0 drifted=0 crossings=34329 remote=223901 steals=2 deferred=0
soak-test: t=787s beat=156 rounds=247894044 rate=317435/s wakes=315307 wakerate=404/s workers=24 refused=0 mismatch=0 stalled=0 drifted=0 crossings=34510 remote=225354 steals=2 deferred=0
soak-test: t=792s beat=157 rounds=249482394 rate=317670/s wakes=317327 wakerate=404/s workers=24 refused=0 mismatch=0 stalled=0 drifted=0 crossings=34722 remote=226807 steals=2 deferred=0
soak-test: t=797s beat=158 rounds=251070275 rate=317576/s wakes=319347 wakerate=404/s workers=24 refused=0 mismatch=0 stalled=0 drifted=0 crossings=34921 remote=228256 steals=2 deferred=0
soak-test: t=802s beat=159 rounds=252658249 rate=317594/s wakes=321367 wakerate=404/s workers=24 refused=0 mismatch=0 stalled=0 drifted=0 crossings=35147 remote=229699 steals=2 deferred=0
soak-test: t=808s beat=160 rounds=254246346 rate=317619/s wakes=323387 wakerate=404/s workers=24 refused=0 mismatch=0 stalled=0 drifted=0 crossings=35343 remote=231149 steals=2 deferred=0
soak-test: t=813s beat=161 rounds=255834607 rate=317652/s wakes=325407 wakerate=404/s workers=24 refused=0 mismatch=0 stalled=0 drifted=0 crossings=35576 remote=232604 steals=2 deferred=0
soak-test: t=818s beat=162 rounds=257422154 rate=317509/s wakes=327427 wakerate=404/s workers=24 refused=0 mismatch=0 stalled=0 drifted=0 crossings=35798 remote=234053 steals=2 deferred=0
soak-test: t=823s beat=163 rounds=259009956 rate=317560/s wakes=329447 wakerate=404/s workers=24 refused=0 mismatch=0 stalled=0 drifted=0 crossings=36024 remote=235499 steals=2 deferred=0
soak-test: t=828s beat=164 rounds=260597161 rate=317441/s wakes=331467 wakerate=404/s workers=24 refused=0 mismatch=0 stalled=0 drifted=0 crossings=36244 remote=236939 steals=2 deferred=0
soak-test: t=833s beat=165 rounds=262185595 rate=317686/s wakes=333487 wakerate=404/s workers=24 refused=0 mismatch=0 stalled=0 drifted=0 crossings=36449 remote=238384 steals=2 deferred=0
soak-test: t=838s beat=166 rounds=263773507 rate=317582/s wakes=335507 wakerate=404/s workers=24 refused=0 mismatch=0 stalled=0 drifted=0 crossings=36682 remote=239825 steals=2 deferred=0
soak-test: t=843s beat=167 rounds=265362020 rate=317702/s wakes=337527 wakerate=404/s workers=24 refused=0 mismatch=0 stalled=0 drifted=0 crossings=36928 remote=241258 steals=2 deferred=0
soak-test: t=848s beat=168 rounds=266950197 rate=317635/s wakes=339547 wakerate=404/s workers=24 refused=0 mismatch=0 stalled=0 drifted=0 crossings=37175 remote=242696 steals=2 deferred=0
soak-test: t=853s beat=169 rounds=268538531 rate=317666/s wakes=341567 wakerate=404/s workers=24 refused=0 mismatch=0 stalled=0 drifted=0 crossings=37408 remote=244135 steals=2 deferred=0
soak-test: t=858s beat=170 rounds=270126725 rate=317638/s wakes=343587 wakerate=404/s workers=24 refused=0 mismatch=0 stalled=0 drifted=0 crossings=37622 remote=245574 steals=2 deferred=0
soak-test: t=863s beat=171 rounds=271714206 rate=317496/s wakes=345607 wakerate=404/s workers=24 refused=0 mismatch=0 stalled=0 drifted=0 crossings=37850 remote=247023 steals=2 deferred=0
soak-test: t=868s beat=172 rounds=273301809 rate=317520/s wakes=347627 wakerate=404/s workers=24 refused=0 mismatch=0 stalled=0 drifted=0 crossings=38096 remote=248458 steals=2 deferred=0
soak-test: t=873s beat=173 rounds=274889940 rate=317626/s wakes=349647 wakerate=404/s workers=24 refused=0 mismatch=0 stalled=0 drifted=0 crossings=38335 remote=249907 steals=2 deferred=0
soak-test: t=878s beat=174 rounds=276476566 rate=317325/s wakes=351667 wakerate=404/s workers=24 refused=0 mismatch=0 stalled=0 drifted=0 crossings=38586 remote=251341 steals=2 deferred=0
soak-test: t=883s beat=175 rounds=278064987 rate=317684/s wakes=353687 wakerate=404/s workers=24 refused=0 mismatch=0 stalled=0 drifted=0 crossings=38778 remote=252794 steals=2 deferred=0
soak-test: t=888s beat=176 rounds=279652468 rate=317496/s wakes=355707 wakerate=404/s workers=24 refused=0 mismatch=0 stalled=0 drifted=0 crossings=38992 remote=254232 steals=2 deferred=0
soak-test: t=893s beat=177 rounds=281241214 rate=317749/s wakes=357727 wakerate=404/s workers=24 refused=0 mismatch=0 stalled=0 drifted=0 crossings=39232 remote=255670 steals=2 deferred=0
soak-test: t=898s beat=178 rounds=282830250 rate=317807/s wakes=359747 wakerate=404/s workers=24 refused=0 mismatch=0 stalled=0 drifted=0 crossings=39453 remote=257110 steals=2 deferred=0
soak-test: t=903s beat=179 rounds=284418592 rate=317668/s wakes=361767 wakerate=404/s workers=24 refused=0 mismatch=0 stalled=0 drifted=0 crossings=39676 remote=258555 steals=2 deferred=0
soak-test: t=909s beat=180 rounds=286006755 rate=317632/s wakes=363787 wakerate=404/s workers=24 refused=0 mismatch=0 stalled=0 drifted=0 crossings=39957 remote=259973 steals=2 deferred=0
soak-test: t=914s beat=181 rounds=287595016 rate=317652/s wakes=365807 wakerate=404/s workers=24 refused=0 mismatch=0 stalled=0 drifted=0 crossings=40145 remote=261436 steals=2 deferred=0
soak-test: t=919s beat=182 rounds=289183495 rate=317695/s wakes=367827 wakerate=404/s workers=24 refused=0 mismatch=0 stalled=0 drifted=0 crossings=40392 remote=262863 steals=2 deferred=0
soak-test: t=924s beat=183 rounds=290772120 rate=317725/s wakes=369847 wakerate=404/s workers=24 refused=0 mismatch=0 stalled=0 drifted=0 crossings=40585 remote=264323 steals=2 deferred=0
soak-test: t=929s beat=184 rounds=292361021 rate=317780/s wakes=371867 wakerate=404/s workers=24 refused=0 mismatch=0 stalled=0 drifted=0 crossings=40814 remote=265754 steals=2 deferred=0
soak-test: t=934s beat=185 rounds=293949137 rate=317623/s wakes=373887 wakerate=404/s workers=24 refused=0 mismatch=0 stalled=0 drifted=0 crossings=41030 remote=267197 steals=2 deferred=0
soak-test: t=939s beat=186 rounds=295537444 rate=317661/s wakes=375907 wakerate=404/s workers=24 refused=0 mismatch=0 stalled=0 drifted=0 crossings=41241 remote=268647 steals=2 deferred=0
soak-test: t=944s beat=187 rounds=297126743 rate=317859/s wakes=377927 wakerate=404/s workers=24 refused=0 mismatch=0 stalled=0 drifted=0 crossings=41472 remote=270087 steals=2 deferred=0
soak-test: t=949s beat=188 rounds=298714188 rate=317489/s wakes=379947 wakerate=404/s workers=24 refused=0 mismatch=0 stalled=0 drifted=0 crossings=41714 remote=271524 steals=2 deferred=0
soak-test: t=954s beat=189 rounds=300302672 rate=317696/s wakes=381967 wakerate=404/s workers=24 refused=0 mismatch=0 stalled=0 drifted=0 crossings=41915 remote=272975 steals=2 deferred=0
soak-test: t=959s beat=190 rounds=301890281 rate=317521/s wakes=383987 wakerate=404/s workers=24 refused=0 mismatch=0 stalled=0 drifted=0 crossings=42164 remote=274411 steals=2 deferred=0
soak-test: t=964s beat=191 rounds=303478797 rate=317703/s wakes=386007 wakerate=404/s workers=24 refused=0 mismatch=0 stalled=0 drifted=0 crossings=42391 remote=275855 steals=2 deferred=0
soak-test: t=969s beat=192 rounds=305067568 rate=317754/s wakes=388027 wakerate=404/s workers=24 refused=0 mismatch=0 stalled=0 drifted=0 crossings=42586 remote=277311 steals=2 deferred=0
soak-test: t=974s beat=193 rounds=306655840 rate=317654/s wakes=390047 wakerate=404/s workers=24 refused=0 mismatch=0 stalled=0 drifted=0 crossings=42808 remote=278757 steals=2 deferred=0
soak-test: t=979s beat=194 rounds=308244037 rate=317639/s wakes=392067 wakerate=404/s workers=24 refused=0 mismatch=0 stalled=0 drifted=0 crossings=43022 remote=280197 steals=2 deferred=0
soak-test: t=984s beat=195 rounds=309831339 rate=317460/s wakes=394087 wakerate=404/s workers=24 refused=0 mismatch=0 stalled=0 drifted=0 crossings=43232 remote=281657 steals=2 deferred=0
soak-test: t=989s beat=196 rounds=311419240 rate=317580/s wakes=396107 wakerate=404/s workers=24 refused=0 mismatch=0 stalled=0 drifted=0 crossings=43439 remote=283102 steals=2 deferred=0
soak-test: t=994s beat=197 rounds=313006763 rate=317504/s wakes=398127 wakerate=404/s workers=24 refused=0 mismatch=0 stalled=0 drifted=0 crossings=43651 remote=284549 steals=2 deferred=0
soak-test: t=999s beat=198 rounds=314594282 rate=317503/s wakes=400147 wakerate=404/s workers=24 refused=0 mismatch=0 stalled=0 drifted=0 crossings=43865 remote=286001 steals=2 deferred=0
soak-test: t=1004s beat=199 rounds=316182433 rate=317630/s wakes=402167 wakerate=404/s workers=24 refused=0 mismatch=0 stalled=0 drifted=0 crossings=44102 remote=287440 steals=2 deferred=0
soak-test: t=1010s beat=200 rounds=317770990 rate=317711/s wakes=404187 wakerate=404/s workers=24 refused=0 mismatch=0 stalled=0 drifted=0 crossings=44344 remote=288887 steals=2 deferred=0
soak-test: t=1015s beat=201 rounds=319359801 rate=317762/s wakes=406207 wakerate=404/s workers=24 refused=0 mismatch=0 stalled=0 drifted=0 crossings=44561 remote=290337 steals=2 deferred=0
soak-test: t=1020s beat=202 rounds=320947851 rate=317610/s wakes=408227 wakerate=404/s workers=24 refused=0 mismatch=0 stalled=0 drifted=0 crossings=44791 remote=291780 steals=2 deferred=0
soak-test: t=1025s beat=203 rounds=322536951 rate=317820/s wakes=410247 wakerate=404/s workers=24 refused=0 mismatch=0 stalled=0 drifted=0 crossings=44997 remote=293218 steals=2 deferred=0
soak-test: t=1030s beat=204 rounds=324125151 rate=317640/s wakes=412267 wakerate=404/s workers=24 refused=0 mismatch=0 stalled=0 drifted=0 crossings=45207 remote=294662 steals=2 deferred=0
soak-test: t=1035s beat=205 rounds=325712442 rate=317458/s wakes=414287 wakerate=404/s workers=24 refused=0 mismatch=0 stalled=0 drifted=0 crossings=45412 remote=296116 steals=2 deferred=0
soak-test: t=1040s beat=206 rounds=327301609 rate=317833/s wakes=416307 wakerate=404/s workers=24 refused=0 mismatch=0 stalled=0 drifted=0 crossings=45647 remote=297556 steals=2 deferred=0
soak-test: t=1045s beat=207 rounds=328889149 rate=317508/s wakes=418327 wakerate=404/s workers=24 refused=0 mismatch=0 stalled=0 drifted=0 crossings=45858 remote=298996 steals=2 deferred=0
soak-test: t=1050s beat=208 rounds=330477703 rate=317710/s wakes=420347 wakerate=404/s workers=24 refused=0 mismatch=0 stalled=0 drifted=0 crossings=46127 remote=300426 steals=2 deferred=0
soak-test: t=1055s beat=209 rounds=332065842 rate=317627/s wakes=422367 wakerate=404/s workers=24 refused=0 mismatch=0 stalled=0 drifted=0 crossings=46342 remote=301872 steals=2 deferred=0
soak-test: t=1060s beat=210 rounds=333654676 rate=317766/s wakes=424387 wakerate=404/s workers=24 refused=0 mismatch=0 stalled=0 drifted=0 crossings=46543 remote=303324 steals=2 deferred=0
soak-test: t=1065s beat=211 rounds=335243009 rate=317666/s wakes=426407 wakerate=404/s workers=24 refused=0 mismatch=0 stalled=0 drifted=0 crossings=46773 remote=304761 steals=2 deferred=0
soak-test: t=1070s beat=212 rounds=336831176 rate=317633/s wakes=428427 wakerate=404/s workers=24 refused=0 mismatch=0 stalled=0 drifted=0 crossings=46982 remote=306212 steals=2 deferred=0
soak-test: t=1075s beat=213 rounds=338419311 rate=317627/s wakes=430447 wakerate=404/s workers=24 refused=0 mismatch=0 stalled=0 drifted=0 crossings=47207 remote=307649 steals=2 deferred=0
soak-test: t=1080s beat=214 rounds=340007288 rate=317595/s wakes=432467 wakerate=404/s workers=24 refused=0 mismatch=0 stalled=0 drifted=0 crossings=47465 remote=309085 steals=2 deferred=0
soak-test: t=1085s beat=215 rounds=341595497 rate=317641/s wakes=434487 wakerate=404/s workers=24 refused=0 mismatch=0 stalled=0 drifted=0 crossings=47697 remote=310531 steals=2 deferred=0
soak-test: t=1090s beat=216 rounds=343183838 rate=317668/s wakes=436507 wakerate=404/s workers=24 refused=0 mismatch=0 stalled=0 drifted=0 crossings=47912 remote=311982 steals=2 deferred=0
soak-test: t=1095s beat=217 rounds=344772397 rate=317711/s wakes=438527 wakerate=404/s workers=24 refused=0 mismatch=0 stalled=0 drifted=0 crossings=48115 remote=313424 steals=2 deferred=0
soak-test: t=1100s beat=218 rounds=346360765 rate=317673/s wakes=440547 wakerate=404/s workers=24 refused=0 mismatch=0 stalled=0 drifted=0 crossings=48331 remote=314857 steals=2 deferred=0
soak-test: t=1105s beat=219 rounds=347948685 rate=317584/s wakes=442567 wakerate=404/s workers=24 refused=0 mismatch=0 stalled=0 drifted=0 crossings=48567 remote=316292 steals=2 deferred=0
soak-test: t=1111s beat=220 rounds=349536692 rate=317601/s wakes=444587 wakerate=404/s workers=24 refused=0 mismatch=0 stalled=0 drifted=0 crossings=48757 remote=317748 steals=2 deferred=0
soak-test: t=1116s beat=221 rounds=351123971 rate=317455/s wakes=446607 wakerate=404/s workers=24 refused=0 mismatch=0 stalled=0 drifted=0 crossings=48999 remote=319174 steals=2 deferred=0
soak-test: t=1121s beat=222 rounds=352711854 rate=317576/s wakes=448627 wakerate=404/s workers=24 refused=0 mismatch=0 stalled=0 drifted=0 crossings=49236 remote=320609 steals=2 deferred=0
soak-test: t=1126s beat=223 rounds=354300384 rate=317706/s wakes=450647 wakerate=404/s workers=24 refused=0 mismatch=0 stalled=0 drifted=0 crossings=49461 remote=322054 steals=2 deferred=0
soak-test: t=1131s beat=224 rounds=355888552 rate=317633/s wakes=452667 wakerate=404/s workers=24 refused=0 mismatch=0 stalled=0 drifted=0 crossings=49668 remote=323503 steals=2 deferred=0
soak-test: t=1136s beat=225 rounds=357477381 rate=317765/s wakes=454687 wakerate=404/s workers=24 refused=0 mismatch=0 stalled=0 drifted=0 crossings=49870 remote=324957 steals=2 deferred=0
soak-test: t=1141s beat=226 rounds=359065209 rate=317565/s wakes=456707 wakerate=404/s workers=24 refused=0 mismatch=0 stalled=0 drifted=0 crossings=50072 remote=326401 steals=2 deferred=0
soak-test: t=1146s beat=227 rounds=360652972 rate=317552/s wakes=458727 wakerate=404/s workers=24 refused=0 mismatch=0 stalled=0 drifted=0 crossings=50302 remote=327845 steals=2 deferred=0
soak-test: t=1151s beat=228 rounds=362241512 rate=317708/s wakes=460747 wakerate=404/s workers=24 refused=0 mismatch=0 stalled=0 drifted=0 crossings=50477 remote=329313 steals=2 deferred=0
soak-test: t=1156s beat=229 rounds=363829255 rate=317548/s wakes=462767 wakerate=404/s workers=24 refused=0 mismatch=0 stalled=0 drifted=0 crossings=50689 remote=330754 steals=2 deferred=0
soak-test: t=1161s beat=230 rounds=365417570 rate=317663/s wakes=464787 wakerate=404/s workers=24 refused=0 mismatch=0 stalled=0 drifted=0 crossings=50905 remote=332203 steals=2 deferred=0
soak-test: t=1166s beat=231 rounds=367005786 rate=317643/s wakes=466807 wakerate=404/s workers=24 refused=0 mismatch=0 stalled=0 drifted=0 crossings=51134 remote=333639 steals=2 deferred=0
soak-test: t=1171s beat=232 rounds=368593716 rate=317586/s wakes=468827 wakerate=404/s workers=24 refused=0 mismatch=0 stalled=0 drifted=0 crossings=51399 remote=335058 steals=2 deferred=0
soak-test: t=1176s beat=233 rounds=370181623 rate=317581/s wakes=470847 wakerate=404/s workers=24 refused=0 mismatch=0 stalled=0 drifted=0 crossings=51625 remote=336507 steals=2 deferred=0
soak-test: t=1181s beat=234 rounds=371769126 rate=317500/s wakes=472867 wakerate=404/s workers=24 refused=0 mismatch=0 stalled=0 drifted=0 crossings=51845 remote=337949 steals=2 deferred=0
soak-test: t=1186s beat=235 rounds=373358180 rate=317810/s wakes=474887 wakerate=404/s workers=24 refused=0 mismatch=0 stalled=0 drifted=0 crossings=52093 remote=339396 steals=2 deferred=0
soak-test: t=1191s beat=236 rounds=374946958 rate=317755/s wakes=476907 wakerate=404/s workers=24 refused=0 mismatch=0 stalled=0 drifted=0 crossings=52343 remote=340839 steals=2 deferred=0
soak-test: t=1196s beat=237 rounds=376535459 rate=317700/s wakes=478927 wakerate=404/s workers=24 refused=0 mismatch=0 stalled=0 drifted=0 crossings=52566 remote=342286 steals=2 deferred=0
soak-test: t=1201s beat=238 rounds=378122443 rate=317396/s wakes=480947 wakerate=404/s workers=24 refused=0 mismatch=0 stalled=0 drifted=0 crossings=52789 remote=343720 steals=2 deferred=0
soak-test: t=1206s beat=239 rounds=379711489 rate=317809/s wakes=482967 wakerate=404/s workers=24 refused=0 mismatch=0 stalled=0 drifted=0 crossings=53036 remote=345155 steals=2 deferred=0
soak-test: t=1212s beat=240 rounds=381300206 rate=317743/s wakes=484987 wakerate=404/s workers=24 refused=0 mismatch=0 stalled=0 drifted=0 crossings=53282 remote=346598 steals=2 deferred=0
soak-test: t=1217s beat=241 rounds=382888118 rate=317582/s wakes=487007 wakerate=404/s workers=24 refused=0 mismatch=0 stalled=0 drifted=0 crossings=53490 remote=348044 steals=2 deferred=0
soak-test: t=1222s beat=242 rounds=384475697 rate=317515/s wakes=489027 wakerate=404/s workers=24 refused=0 mismatch=0 stalled=0 drifted=0 crossings=53708 remote=349495 steals=2 deferred=0
soak-test: t=1227s beat=243 rounds=386063526 rate=317565/s wakes=491047 wakerate=404/s workers=24 refused=0 mismatch=0 stalled=0 drifted=0 crossings=53929 remote=350934 steals=2 deferred=0
soak-test: t=1232s beat=244 rounds=387652192 rate=317733/s wakes=493067 wakerate=404/s workers=24 refused=0 mismatch=0 stalled=0 drifted=0 crossings=54133 remote=352386 steals=2 deferred=0
soak-test: t=1237s beat=245 rounds=389239923 rate=317546/s wakes=495087 wakerate=404/s workers=24 refused=0 mismatch=0 stalled=0 drifted=0 crossings=54352 remote=353824 steals=2 deferred=0
soak-test: t=1242s beat=246 rounds=390828324 rate=317680/s wakes=497107 wakerate=404/s workers=24 refused=0 mismatch=0 stalled=0 drifted=0 crossings=54577 remote=355268 steals=2 deferred=0
soak-test: t=1247s beat=247 rounds=392416878 rate=317710/s wakes=499127 wakerate=404/s workers=24 refused=0 mismatch=0 stalled=0 drifted=0 crossings=54812 remote=356706 steals=2 deferred=0
soak-test: t=1252s beat=248 rounds=394005195 rate=317663/s wakes=501147 wakerate=404/s workers=24 refused=0 mismatch=0 stalled=0 drifted=0 crossings=55037 remote=358147 steals=2 deferred=0
soak-test: t=1257s beat=249 rounds=395592522 rate=317465/s wakes=503167 wakerate=404/s workers=24 refused=0 mismatch=0 stalled=0 drifted=0 crossings=55247 remote=359593 steals=2 deferred=0
soak-test: t=1262s beat=250 rounds=397180932 rate=317682/s wakes=505187 wakerate=404/s workers=24 refused=0 mismatch=0 stalled=0 drifted=0 crossings=55465 remote=361038 steals=2 deferred=0
soak-test: t=1267s beat=251 rounds=398768983 rate=317610/s wakes=507207 wakerate=404/s workers=24 refused=0 mismatch=0 stalled=0 drifted=0 crossings=55678 remote=362481 steals=2 deferred=0
soak-test: t=1272s beat=252 rounds=400357231 rate=317649/s wakes=509227 wakerate=404/s workers=24 refused=0 mismatch=0 stalled=0 drifted=0 crossings=55898 remote=363924 steals=2 deferred=0
soak-test: t=1277s beat=253 rounds=401945342 rate=317622/s wakes=511247 wakerate=404/s workers=24 refused=0 mismatch=0 stalled=0 drifted=0 crossings=56136 remote=365350 steals=2 deferred=0
soak-test: t=1282s beat=254 rounds=403532896 rate=317510/s wakes=513267 wakerate=404/s workers=24 refused=0 mismatch=0 stalled=0 drifted=0 crossings=56355 remote=366805 steals=2 deferred=0
soak-test: t=1287s beat=255 rounds=405121346 rate=317690/s wakes=515287 wakerate=404/s workers=24 refused=0 mismatch=0 stalled=0 drifted=0 crossings=56542 remote=368259 steals=2 deferred=0
soak-test: t=1292s beat=256 rounds=406709666 rate=317664/s wakes=517307 wakerate=404/s workers=24 refused=0 mismatch=0 stalled=0 drifted=0 crossings=56744 remote=369709 steals=2 deferred=0
soak-test: t=1297s beat=257 rounds=408298065 rate=317679/s wakes=519327 wakerate=404/s workers=24 refused=0 mismatch=0 stalled=0 drifted=0 crossings=56993 remote=371166 steals=2 deferred=0
soak-test: t=1302s beat=258 rounds=409886848 rate=317756/s wakes=521347 wakerate=404/s workers=24 refused=0 mismatch=0 stalled=0 drifted=0 crossings=57215 remote=372611 steals=2 deferred=0
soak-test: t=1307s beat=259 rounds=411474154 rate=317461/s wakes=523367 wakerate=404/s workers=24 refused=0 mismatch=0 stalled=0 drifted=0 crossings=57438 remote=374052 steals=2 deferred=0
soak-test: t=1313s beat=260 rounds=413062426 rate=317654/s wakes=525387 wakerate=404/s workers=24 refused=0 mismatch=0 stalled=0 drifted=0 crossings=57654 remote=375496 steals=2 deferred=0
soak-test: t=1318s beat=261 rounds=414650482 rate=317611/s wakes=527407 wakerate=404/s workers=24 refused=0 mismatch=0 stalled=0 drifted=0 crossings=57880 remote=376940 steals=2 deferred=0
soak-test: t=1323s beat=262 rounds=416239675 rate=317838/s wakes=529427 wakerate=404/s workers=24 refused=0 mismatch=0 stalled=0 drifted=0 crossings=58073 remote=378387 steals=2 deferred=0
soak-test: t=1328s beat=263 rounds=417827550 rate=317575/s wakes=531447 wakerate=404/s workers=24 refused=0 mismatch=0 stalled=0 drifted=0 crossings=58292 remote=379827 steals=2 deferred=0
soak-test: t=1333s beat=264 rounds=419415953 rate=317680/s wakes=533467 wakerate=404/s workers=24 refused=0 mismatch=0 stalled=0 drifted=0 crossings=58511 remote=381275 steals=2 deferred=0
soak-test: t=1338s beat=265 rounds=421004136 rate=317636/s wakes=535487 wakerate=404/s workers=24 refused=0 mismatch=0 stalled=0 drifted=0 crossings=58745 remote=382713 steals=2 deferred=0
soak-test: t=1343s beat=266 rounds=422592105 rate=317593/s wakes=537507 wakerate=404/s workers=24 refused=0 mismatch=0 stalled=0 drifted=0 crossings=58961 remote=384171 steals=2 deferred=0
soak-test: t=1348s beat=267 rounds=424180815 rate=317742/s wakes=539527 wakerate=404/s workers=24 refused=0 mismatch=0 stalled=0 drifted=0 crossings=59188 remote=385598 steals=2 deferred=0
soak-test: t=1353s beat=268 rounds=425769728 rate=317782/s wakes=541547 wakerate=404/s workers=24 refused=0 mismatch=0 stalled=0 drifted=0 crossings=59427 remote=387035 steals=2 deferred=0
soak-test: t=1358s beat=269 rounds=427357818 rate=317618/s wakes=543567 wakerate=404/s workers=24 refused=0 mismatch=0 stalled=0 drifted=0 crossings=59632 remote=388480 steals=2 deferred=0
soak-test: t=1363s beat=270 rounds=428946007 rate=317637/s wakes=545587 wakerate=404/s workers=24 refused=0 mismatch=0 stalled=0 drifted=0 crossings=59856 remote=389931 steals=2 deferred=0
soak-test: t=1368s beat=271 rounds=430534292 rate=317657/s wakes=547607 wakerate=404/s workers=24 refused=0 mismatch=0 stalled=0 drifted=0 crossings=60057 remote=391384 steals=2 deferred=0
soak-test: t=1373s beat=272 rounds=432122998 rate=317741/s wakes=549627 wakerate=404/s workers=24 refused=0 mismatch=0 stalled=0 drifted=0 crossings=60305 remote=392810 steals=2 deferred=0
soak-test: t=1378s beat=273 rounds=433711060 rate=317612/s wakes=551647 wakerate=404/s workers=24 refused=0 mismatch=0 stalled=0 drifted=0 crossings=60532 remote=394251 steals=2 deferred=0
soak-test: t=1383s beat=274 rounds=435299397 rate=317667/s wakes=553667 wakerate=404/s workers=24 refused=0 mismatch=0 stalled=0 drifted=0 crossings=60753 remote=395694 steals=2 deferred=0
soak-test: t=1388s beat=275 rounds=436888183 rate=317757/s wakes=555687 wakerate=404/s workers=24 refused=0 mismatch=0 stalled=0 drifted=0 crossings=60975 remote=397141 steals=2 deferred=0
soak-test: t=1393s beat=276 rounds=438476050 rate=317573/s wakes=557707 wakerate=404/s workers=24 refused=0 mismatch=0 stalled=0 drifted=0 crossings=61201 remote=398577 steals=2 deferred=0
soak-test: t=1398s beat=277 rounds=440064005 rate=317591/s wakes=559727 wakerate=404/s workers=24 refused=0 mismatch=0 stalled=0 drifted=0 crossings=61447 remote=400007 steals=2 deferred=0
soak-test: t=1403s beat=278 rounds=441653009 rate=317800/s wakes=561747 wakerate=404/s workers=24 refused=0 mismatch=0 stalled=0 drifted=0 crossings=61688 remote=401442 steals=2 deferred=0
soak-test: t=1408s beat=279 rounds=443240854 rate=317569/s wakes=563767 wakerate=404/s workers=24 refused=0 mismatch=0 stalled=0 drifted=0 crossings=61904 remote=402895 steals=2 deferred=0
soak-test: t=1414s beat=280 rounds=444828422 rate=317513/s wakes=565787 wakerate=404/s workers=24 refused=0 mismatch=0 stalled=0 drifted=0 crossings=62112 remote=404337 steals=2 deferred=0
soak-test: t=1419s beat=281 rounds=446415803 rate=317476/s wakes=567807 wakerate=404/s workers=24 refused=0 mismatch=0 stalled=0 drifted=0 crossings=62320 remote=405781 steals=2 deferred=0
soak-test: t=1424s beat=282 rounds=448004212 rate=317681/s wakes=569827 wakerate=404/s workers=24 refused=0 mismatch=0 stalled=0 drifted=0 crossings=62546 remote=407241 steals=2 deferred=0
soak-test: t=1429s beat=283 rounds=449592083 rate=317574/s wakes=571847 wakerate=404/s workers=24 refused=0 mismatch=0 stalled=0 drifted=0 crossings=62773 remote=408678 steals=2 deferred=0
soak-test: t=1434s beat=284 rounds=451179848 rate=317553/s wakes=573867 wakerate=404/s workers=24 refused=0 mismatch=0 stalled=0 drifted=0 crossings=62991 remote=410117 steals=2 deferred=0
soak-test: t=1439s beat=285 rounds=452768258 rate=317682/s wakes=575887 wakerate=404/s workers=24 refused=0 mismatch=0 stalled=0 drifted=0 crossings=63215 remote=411547 steals=2 deferred=0
soak-test: t=1444s beat=286 rounds=454355761 rate=317500/s wakes=577907 wakerate=404/s workers=24 refused=0 mismatch=0 stalled=0 drifted=0 crossings=63410 remote=413000 steals=2 deferred=0
soak-test: t=1449s beat=287 rounds=455943848 rate=317617/s wakes=579927 wakerate=404/s workers=24 refused=0 mismatch=0 stalled=0 drifted=0 crossings=63633 remote=414441 steals=2 deferred=0
soak-test: t=1454s beat=288 rounds=457531678 rate=317566/s wakes=581947 wakerate=404/s workers=24 refused=0 mismatch=0 stalled=0 drifted=0 crossings=63878 remote=415876 steals=2 deferred=0
soak-test: t=1459s beat=289 rounds=459119363 rate=317537/s wakes=583967 wakerate=404/s workers=24 refused=0 mismatch=0 stalled=0 drifted=0 crossings=64079 remote=417323 steals=2 deferred=0
soak-test: t=1464s beat=290 rounds=460707163 rate=317560/s wakes=585987 wakerate=404/s workers=24 refused=0 mismatch=0 stalled=0 drifted=0 crossings=64266 remote=418779 steals=2 deferred=0
soak-test: t=1469s beat=291 rounds=462294670 rate=317501/s wakes=588007 wakerate=404/s workers=24 refused=0 mismatch=0 stalled=0 drifted=0 crossings=64496 remote=420225 steals=2 deferred=0
soak-test: t=1474s beat=292 rounds=463882414 rate=317548/s wakes=590027 wakerate=404/s workers=24 refused=0 mismatch=0 stalled=0 drifted=0 crossings=64713 remote=421661 steals=2 deferred=0
soak-test: t=1479s beat=293 rounds=465470608 rate=317638/s wakes=592047 wakerate=404/s workers=24 refused=0 mismatch=0 stalled=0 drifted=0 crossings=64909 remote=423103 steals=2 deferred=0
soak-test: t=1484s beat=294 rounds=467057653 rate=317409/s wakes=594067 wakerate=404/s workers=24 refused=0 mismatch=0 stalled=0 drifted=0 crossings=65150 remote=424533 steals=2 deferred=0
soak-test: t=1489s beat=295 rounds=468645817 rate=317632/s wakes=596087 wakerate=404/s workers=24 refused=0 mismatch=0 stalled=0 drifted=0 crossings=65390 remote=425981 steals=2 deferred=0
soak-test: t=1494s beat=296 rounds=470234453 rate=317727/s wakes=598107 wakerate=404/s workers=24 refused=0 mismatch=0 stalled=0 drifted=0 crossings=65619 remote=427419 steals=2 deferred=0
soak-test: t=1499s beat=297 rounds=471821527 rate=317414/s wakes=600127 wakerate=404/s workers=24 refused=0 mismatch=0 stalled=0 drifted=0 crossings=65825 remote=428875 steals=2 deferred=0
soak-test: t=1504s beat=298 rounds=473409837 rate=317662/s wakes=602147 wakerate=404/s workers=24 refused=0 mismatch=0 stalled=0 drifted=0 crossings=66045 remote=430317 steals=2 deferred=0
soak-test: t=1509s beat=299 rounds=474997596 rate=317551/s wakes=604167 wakerate=404/s workers=24 refused=0 mismatch=0 stalled=0 drifted=0 crossings=66236 remote=431775 steals=2 deferred=0
soak-test: t=1515s beat=300 rounds=476584547 rate=317390/s wakes=606187 wakerate=404/s workers=24 refused=0 mismatch=0 stalled=0 drifted=0 crossings=66448 remote=433217 steals=2 deferred=0
soak-test: t=1520s beat=301 rounds=478172827 rate=317656/s wakes=608207 wakerate=404/s workers=24 refused=0 mismatch=0 stalled=0 drifted=0 crossings=66650 remote=434670 steals=2 deferred=0
soak-test: t=1525s beat=302 rounds=479760978 rate=317630/s wakes=610227 wakerate=404/s workers=24 refused=0 mismatch=0 stalled=0 drifted=0 crossings=66896 remote=436110 steals=2 deferred=0
soak-test: t=1530s beat=303 rounds=481349149 rate=317634/s wakes=612247 wakerate=404/s workers=24 refused=0 mismatch=0 stalled=0 drifted=0 crossings=67097 remote=437559 steals=2 deferred=0
soak-test: t=1535s beat=304 rounds=482936527 rate=317475/s wakes=614267 wakerate=404/s workers=24 refused=0 mismatch=0 stalled=0 drifted=0 crossings=67304 remote=439011 steals=2 deferred=0
soak-test: t=1540s beat=305 rounds=484525259 rate=317746/s wakes=616287 wakerate=404/s workers=24 refused=0 mismatch=0 stalled=0 drifted=0 crossings=67525 remote=440458 steals=2 deferred=0
soak-test: t=1545s beat=306 rounds=486113429 rate=317634/s wakes=618307 wakerate=404/s workers=24 refused=0 mismatch=0 stalled=0 drifted=0 crossings=67757 remote=441894 steals=2 deferred=0
soak-test: t=1550s beat=307 rounds=487700908 rate=317495/s wakes=620327 wakerate=404/s workers=24 refused=0 mismatch=0 stalled=0 drifted=0 crossings=67977 remote=443341 steals=2 deferred=0
soak-test: t=1555s beat=308 rounds=489289048 rate=317628/s wakes=622347 wakerate=404/s workers=24 refused=0 mismatch=0 stalled=0 drifted=0 crossings=68220 remote=444769 steals=2 deferred=0
soak-test: t=1560s beat=309 rounds=490876983 rate=317587/s wakes=624367 wakerate=404/s workers=24 refused=0 mismatch=0 stalled=0 drifted=0 crossings=68459 remote=446207 steals=2 deferred=0
soak-test: t=1565s beat=310 rounds=492464929 rate=317589/s wakes=626387 wakerate=404/s workers=24 refused=0 mismatch=0 stalled=0 drifted=0 crossings=68687 remote=447650 steals=2 deferred=0
soak-test: t=1570s beat=311 rounds=494052915 rate=317597/s wakes=628407 wakerate=404/s workers=24 refused=0 mismatch=0 stalled=0 drifted=0 crossings=68908 remote=449097 steals=2 deferred=0
soak-test: t=1575s beat=312 rounds=495640753 rate=317567/s wakes=630427 wakerate=404/s workers=24 refused=0 mismatch=0 stalled=0 drifted=0 crossings=69167 remote=450527 steals=2 deferred=0
soak-test: t=1580s beat=313 rounds=497228884 rate=317626/s wakes=632447 wakerate=404/s workers=24 refused=0 mismatch=0 stalled=0 drifted=0 crossings=69376 remote=451974 steals=2 deferred=0
soak-test: t=1585s beat=314 rounds=498817299 rate=317683/s wakes=634467 wakerate=404/s workers=24 refused=0 mismatch=0 stalled=0 drifted=0 crossings=69580 remote=453426 steals=2 deferred=0
soak-test: t=1590s beat=315 rounds=500404676 rate=317475/s wakes=636487 wakerate=404/s workers=24 refused=0 mismatch=0 stalled=0 drifted=0 crossings=69807 remote=454861 steals=2 deferred=0
soak-test: t=1595s beat=316 rounds=501992672 rate=317599/s wakes=638507 wakerate=404/s workers=24 refused=0 mismatch=0 stalled=0 drifted=0 crossings=70039 remote=456304 steals=2 deferred=0
soak-test: t=1600s beat=317 rounds=503579995 rate=317464/s wakes=640527 wakerate=404/s workers=24 refused=0 mismatch=0 stalled=0 drifted=0 crossings=70246 remote=457751 steals=2 deferred=0
soak-test: t=1605s beat=318 rounds=505168753 rate=317751/s wakes=642547 wakerate=404/s workers=24 refused=0 mismatch=0 stalled=0 drifted=0 crossings=70483 remote=459193 steals=2 deferred=0
soak-test: t=1610s beat=319 rounds=506757085 rate=317666/s wakes=644567 wakerate=404/s workers=24 refused=0 mismatch=0 stalled=0 drifted=0 crossings=70701 remote=460639 steals=2 deferred=0
soak-test: t=1616s beat=320 rounds=508345838 rate=317750/s wakes=646587 wakerate=404/s workers=24 refused=0 mismatch=0 stalled=0 drifted=0 crossings=70918 remote=462070 steals=2 deferred=0
soak-test: t=1621s beat=321 rounds=509934275 rate=317687/s wakes=648607 wakerate=404/s workers=24 refused=0 mismatch=0 stalled=0 drifted=0 crossings=71110 remote=463525 steals=2 deferred=0
soak-test: t=1626s beat=322 rounds=511523049 rate=317754/s wakes=650627 wakerate=404/s workers=24 refused=0 mismatch=0 stalled=0 drifted=0 crossings=71307 remote=464986 steals=2 deferred=0
soak-test: t=1631s beat=323 rounds=513110516 rate=317493/s wakes=652647 wakerate=404/s workers=24 refused=0 mismatch=0 stalled=0 drifted=0 crossings=71542 remote=466429 steals=2 deferred=0
soak-test: t=1636s beat=324 rounds=514698827 rate=317662/s wakes=654667 wakerate=404/s workers=24 refused=0 mismatch=0 stalled=0 drifted=0 crossings=71766 remote=467878 steals=2 deferred=0
soak-test: t=1641s beat=325 rounds=516286940 rate=317622/s wakes=656687 wakerate=404/s workers=24 refused=0 mismatch=0 stalled=0 drifted=0 crossings=71957 remote=469331 steals=2 deferred=0
soak-test: t=1646s beat=326 rounds=517874507 rate=317513/s wakes=658707 wakerate=404/s workers=24 refused=0 mismatch=0 stalled=0 drifted=0 crossings=72179 remote=470770 steals=2 deferred=0
soak-test: t=1651s beat=327 rounds=519461979 rate=317494/s wakes=660727 wakerate=404/s workers=24 refused=0 mismatch=0 stalled=0 drifted=0 crossings=72347 remote=472224 steals=2 deferred=0
soak-test: t=1656s beat=328 rounds=521050026 rate=317609/s wakes=662747 wakerate=404/s workers=24 refused=0 mismatch=0 stalled=0 drifted=0 crossings=72577 remote=473659 steals=2 deferred=0
soak-test: t=1661s beat=329 rounds=522637877 rate=317570/s wakes=664767 wakerate=404/s workers=24 refused=0 mismatch=0 stalled=0 drifted=0 crossings=72782 remote=475099 steals=2 deferred=0
soak-test: t=1666s beat=330 rounds=524225707 rate=317566/s wakes=666787 wakerate=404/s workers=24 refused=0 mismatch=0 stalled=0 drifted=0 crossings=73000 remote=476537 steals=2 deferred=0
soak-test: t=1671s beat=331 rounds=525814934 rate=317845/s wakes=668807 wakerate=404/s workers=24 refused=0 mismatch=0 stalled=0 drifted=0 crossings=73268 remote=477954 steals=2 deferred=0
soak-test: t=1676s beat=332 rounds=527402935 rate=317600/s wakes=670827 wakerate=404/s workers=24 refused=0 mismatch=0 stalled=0 drifted=0 crossings=73471 remote=479406 steals=2 deferred=0
soak-test: t=1681s beat=333 rounds=528990610 rate=317535/s wakes=672847 wakerate=404/s workers=24 refused=0 mismatch=0 stalled=0 drifted=0 crossings=73712 remote=480851 steals=2 deferred=0
soak-test: t=1686s beat=334 rounds=530578585 rate=317595/s wakes=674867 wakerate=404/s workers=24 refused=0 mismatch=0 stalled=0 drifted=0 crossings=73938 remote=482289 steals=2 deferred=0
soak-test: t=1691s beat=335 rounds=532166299 rate=317542/s wakes=676887 wakerate=404/s workers=24 refused=0 mismatch=0 stalled=0 drifted=0 crossings=74196 remote=483731 steals=2 deferred=0
soak-test: t=1696s beat=336 rounds=533754427 rate=317625/s wakes=678907 wakerate=404/s workers=24 refused=0 mismatch=0 stalled=0 drifted=0 crossings=74397 remote=485189 steals=2 deferred=0
soak-test: t=1701s beat=337 rounds=535342024 rate=317519/s wakes=680927 wakerate=404/s workers=24 refused=0 mismatch=0 stalled=0 drifted=0 crossings=74638 remote=486636 steals=2 deferred=0
soak-test: t=1706s beat=338 rounds=536930144 rate=317624/s wakes=682947 wakerate=404/s workers=24 refused=0 mismatch=0 stalled=0 drifted=0 crossings=74876 remote=488081 steals=2 deferred=0
soak-test: t=1711s beat=339 rounds=538517883 rate=317547/s wakes=684967 wakerate=404/s workers=24 refused=0 mismatch=0 stalled=0 drifted=0 crossings=75093 remote=489529 steals=2 deferred=0
soak-test: t=1717s beat=340 rounds=540106236 rate=317670/s wakes=686987 wakerate=404/s workers=24 refused=0 mismatch=0 stalled=0 drifted=0 crossings=75295 remote=490981 steals=2 deferred=0
soak-test: t=1722s beat=341 rounds=541694248 rate=317602/s wakes=689007 wakerate=404/s workers=24 refused=0 mismatch=0 stalled=0 drifted=0 crossings=75502 remote=492427 steals=2 deferred=0
soak-test: t=1727s beat=342 rounds=543281873 rate=317525/s wakes=691027 wakerate=404/s workers=24 refused=0 mismatch=0 stalled=0 drifted=0 crossings=75746 remote=493868 steals=2 deferred=0
soak-test: t=1732s beat=343 rounds=544870443 rate=317714/s wakes=693047 wakerate=404/s workers=24 refused=0 mismatch=0 stalled=0 drifted=0 crossings=75942 remote=495324 steals=2 deferred=0
soak-test: t=1737s beat=344 rounds=546459254 rate=317762/s wakes=695067 wakerate=404/s workers=24 refused=0 mismatch=0 stalled=0 drifted=0 crossings=76136 remote=496779 steals=2 deferred=0
soak-test: t=1742s beat=345 rounds=548046619 rate=317473/s wakes=697087 wakerate=404/s workers=24 refused=0 mismatch=0 stalled=0 drifted=0 crossings=76336 remote=498228 steals=2 deferred=0
soak-test: t=1747s beat=346 rounds=549634480 rate=317572/s wakes=699107 wakerate=404/s workers=24 refused=0 mismatch=0 stalled=0 drifted=0 crossings=76556 remote=499672 steals=2 deferred=0
soak-test: t=1752s beat=347 rounds=551222207 rate=317545/s wakes=701127 wakerate=404/s workers=24 refused=0 mismatch=0 stalled=0 drifted=0 crossings=76787 remote=501111 steals=2 deferred=0
soak-test: t=1757s beat=348 rounds=552810465 rate=317651/s wakes=703147 wakerate=404/s workers=24 refused=0 mismatch=0 stalled=0 drifted=0 crossings=77003 remote=502561 steals=2 deferred=0
soak-test: t=1762s beat=349 rounds=554399618 rate=317830/s wakes=705167 wakerate=404/s workers=24 refused=0 mismatch=0 stalled=0 drifted=0 crossings=77220 remote=504011 steals=2 deferred=0
soak-test: t=1767s beat=350 rounds=555987218 rate=317520/s wakes=707187 wakerate=404/s workers=24 refused=0 mismatch=0 stalled=0 drifted=0 crossings=77438 remote=505456 steals=2 deferred=0
soak-test: t=1772s beat=351 rounds=557575813 rate=317719/s wakes=709207 wakerate=404/s workers=24 refused=0 mismatch=0 stalled=0 drifted=0 crossings=77674 remote=506899 steals=2 deferred=0
soak-test: t=1777s beat=352 rounds=559164728 rate=317783/s wakes=711227 wakerate=404/s workers=24 refused=0 mismatch=0 stalled=0 drifted=0 crossings=77916 remote=508342 steals=2 deferred=0
soak-test: t=1782s beat=353 rounds=560752540 rate=317562/s wakes=713247 wakerate=404/s workers=24 refused=0 mismatch=0 stalled=0 drifted=0 crossings=78131 remote=509785 steals=2 deferred=0
soak-test: t=1787s beat=354 rounds=562340845 rate=317661/s wakes=715267 wakerate=404/s workers=24 refused=0 mismatch=0 stalled=0 drifted=0 crossings=78345 remote=511234 steals=2 deferred=0
soak-test: t=1792s beat=355 rounds=563928749 rate=317580/s wakes=717287 wakerate=404/s workers=24 refused=0 mismatch=0 stalled=0 drifted=0 crossings=78547 remote=512688 steals=2 deferred=0
soak-test: t=1797s beat=356 rounds=565517169 rate=317684/s wakes=719307 wakerate=404/s workers=24 refused=0 mismatch=0 stalled=0 drifted=0 crossings=78760 remote=514128 steals=2 deferred=0
soak-test: t=1802s beat=357 rounds=567105929 rate=317752/s wakes=721327 wakerate=404/s workers=24 refused=0 mismatch=0 stalled=0 drifted=0 crossings=78951 remote=515585 steals=2 deferred=0
soak-test: t=1807s beat=358 rounds=568694342 rate=317682/s wakes=723347 wakerate=404/s workers=24 refused=0 mismatch=0 stalled=0 drifted=0 crossings=79156 remote=517033 steals=2 deferred=0
soak-test: t=1812s beat=359 rounds=570281854 rate=317502/s wakes=725367 wakerate=404/s workers=24 refused=0 mismatch=0 stalled=0 drifted=0 crossings=79380 remote=518478 steals=2 deferred=0
soak-test: t=1818s beat=360 rounds=571869975 rate=317624/s wakes=727387 wakerate=404/s workers=24 refused=0 mismatch=0 stalled=0 drifted=0 crossings=79579 remote=519924 steals=2 deferred=0
soak-test: t=1823s beat=361 rounds=573458403 rate=317685/s wakes=729407 wakerate=404/s workers=24 refused=0 mismatch=0 stalled=0 drifted=0 crossings=79789 remote=521366 steals=2 deferred=0
soak-test: t=1828s beat=362 rounds=575046450 rate=317609/s wakes=731427 wakerate=404/s workers=24 refused=0 mismatch=0 stalled=0 drifted=0 crossings=80024 remote=522806 steals=2 deferred=0
soak-test: t=1833s beat=363 rounds=576635339 rate=317777/s wakes=733447 wakerate=404/s workers=24 refused=0 mismatch=0 stalled=0 drifted=0 crossings=80251 remote=524252 steals=2 deferred=0
soak-test: t=1838s beat=364 rounds=578222697 rate=317471/s wakes=735467 wakerate=404/s workers=24 refused=0 mismatch=0 stalled=0 drifted=0 crossings=80482 remote=525694 steals=2 deferred=0
soak-test: t=1843s beat=365 rounds=579809929 rate=317446/s wakes=737487 wakerate=404/s workers=24 refused=0 mismatch=0 stalled=0 drifted=0 crossings=80737 remote=527125 steals=2 deferred=0
soak-test: t=1848s beat=366 rounds=581397290 rate=317472/s wakes=739507 wakerate=404/s workers=24 refused=0 mismatch=0 stalled=0 drifted=0 crossings=80941 remote=528576 steals=2 deferred=0
soak-test: t=1853s beat=367 rounds=582985611 rate=317664/s wakes=741527 wakerate=404/s workers=24 refused=0 mismatch=0 stalled=0 drifted=0 crossings=81144 remote=530034 steals=2 deferred=0
soak-test: t=1858s beat=368 rounds=584572984 rate=317474/s wakes=743547 wakerate=404/s workers=24 refused=0 mismatch=0 stalled=0 drifted=0 crossings=81372 remote=531479 steals=2 deferred=0
soak-test: t=1863s beat=369 rounds=586161038 rate=317610/s wakes=745567 wakerate=404/s workers=24 refused=0 mismatch=0 stalled=0 drifted=0 crossings=81596 remote=532921 steals=2 deferred=0
soak-test: t=1868s beat=370 rounds=587749465 rate=317685/s wakes=747587 wakerate=404/s workers=24 refused=0 mismatch=0 stalled=0 drifted=0 crossings=81811 remote=534369 steals=2 deferred=0
soak-test: t=1873s beat=371 rounds=589337082 rate=317523/s wakes=749607 wakerate=404/s workers=24 refused=0 mismatch=0 stalled=0 drifted=0 crossings=82056 remote=535807 steals=2 deferred=0
soak-test: t=1878s beat=372 rounds=590925069 rate=317597/s wakes=751627 wakerate=404/s workers=24 refused=0 mismatch=0 stalled=0 drifted=0 crossings=82256 remote=537255 steals=2 deferred=0
soak-test: t=1883s beat=373 rounds=592512263 rate=317438/s wakes=753647 wakerate=404/s workers=24 refused=0 mismatch=0 stalled=0 drifted=0 crossings=82477 remote=538703 steals=2 deferred=0
soak-test: t=1888s beat=374 rounds=594099997 rate=317546/s wakes=755667 wakerate=404/s workers=24 refused=0 mismatch=0 stalled=0 drifted=0 crossings=82700 remote=540147 steals=2 deferred=0
soak-test: t=1893s beat=375 rounds=595688770 rate=317754/s wakes=757687 wakerate=404/s workers=24 refused=0 mismatch=0 stalled=0 drifted=0 crossings=82886 remote=541606 steals=2 deferred=0
soak-test: t=1898s beat=376 rounds=597276636 rate=317573/s wakes=759707 wakerate=404/s workers=24 refused=0 mismatch=0 stalled=0 drifted=0 crossings=83104 remote=543047 steals=2 deferred=0
soak-test: t=1903s beat=377 rounds=598865325 rate=317737/s wakes=761727 wakerate=404/s workers=24 refused=0 mismatch=0 stalled=0 drifted=0 crossings=83332 remote=544494 steals=2 deferred=0
soak-test: t=1908s beat=378 rounds=600453352 rate=317605/s wakes=763747 wakerate=404/s workers=24 refused=0 mismatch=0 stalled=0 drifted=0 crossings=83538 remote=545947 steals=2 deferred=0
soak-test: t=1913s beat=379 rounds=602041584 rate=317646/s wakes=765767 wakerate=404/s workers=24 refused=0 mismatch=0 stalled=0 drifted=0 crossings=83760 remote=547379 steals=2 deferred=0
soak-test: t=1919s beat=380 rounds=603629599 rate=317603/s wakes=767787 wakerate=404/s workers=24 refused=0 mismatch=0 stalled=0 drifted=0 crossings=83974 remote=548822 steals=2 deferred=0
soak-test: t=1924s beat=381 rounds=605217243 rate=317528/s wakes=769807 wakerate=404/s workers=24 refused=0 mismatch=0 stalled=0 drifted=0 crossings=84221 remote=550258 steals=2 deferred=0
soak-test: t=1929s beat=382 rounds=606804608 rate=317473/s wakes=771827 wakerate=404/s workers=24 refused=0 mismatch=0 stalled=0 drifted=0 crossings=84444 remote=551713 steals=2 deferred=0
soak-test: t=1934s beat=383 rounds=608392784 rate=317635/s wakes=773847 wakerate=404/s workers=24 refused=0 mismatch=0 stalled=0 drifted=0 crossings=84668 remote=553149 steals=2 deferred=0
soak-test: t=1939s beat=384 rounds=609981305 rate=317704/s wakes=775867 wakerate=404/s workers=24 refused=0 mismatch=0 stalled=0 drifted=0 crossings=84889 remote=554584 steals=2 deferred=0
soak-test: t=1944s beat=385 rounds=611569372 rate=317613/s wakes=777887 wakerate=404/s workers=24 refused=0 mismatch=0 stalled=0 drifted=0 crossings=85119 remote=556032 steals=2 deferred=0
soak-test: t=1949s beat=386 rounds=613156743 rate=317474/s wakes=779907 wakerate=404/s workers=24 refused=0 mismatch=0 stalled=0 drifted=0 crossings=85374 remote=557467 steals=2 deferred=0
soak-test: t=1954s beat=387 rounds=614744222 rate=317495/s wakes=781927 wakerate=404/s workers=24 refused=0 mismatch=0 stalled=0 drifted=0 crossings=85609 remote=558904 steals=2 deferred=0
soak-test: t=1959s beat=388 rounds=616332365 rate=317628/s wakes=783947 wakerate=404/s workers=24 refused=0 mismatch=0 stalled=0 drifted=0 crossings=85847 remote=560335 steals=2 deferred=0
soak-test: t=1964s beat=389 rounds=617919825 rate=317492/s wakes=785967 wakerate=404/s workers=24 refused=0 mismatch=0 stalled=0 drifted=0 crossings=86032 remote=561786 steals=2 deferred=0
soak-test: t=1969s beat=390 rounds=619507637 rate=317562/s wakes=787987 wakerate=404/s workers=24 refused=0 mismatch=0 stalled=0 drifted=0 crossings=86235 remote=563244 steals=2 deferred=0
soak-test: t=1974s beat=391 rounds=621094233 rate=317319/s wakes=790007 wakerate=404/s workers=24 refused=0 mismatch=0 stalled=0 drifted=0 crossings=86464 remote=564677 steals=2 deferred=0
soak-test: t=1979s beat=392 rounds=622681580 rate=317469/s wakes=792027 wakerate=404/s workers=24 refused=0 mismatch=0 stalled=0 drifted=0 crossings=86662 remote=566120 steals=2 deferred=0
soak-test: t=1984s beat=393 rounds=624269570 rate=317598/s wakes=794047 wakerate=404/s workers=24 refused=0 mismatch=0 stalled=0 drifted=0 crossings=86861 remote=567570 steals=2 deferred=0
soak-test: t=1989s beat=394 rounds=625857445 rate=317575/s wakes=796067 wakerate=404/s workers=24 refused=0 mismatch=0 stalled=0 drifted=0 crossings=87084 remote=569026 steals=2 deferred=0
soak-test: t=1994s beat=395 rounds=627446119 rate=317734/s wakes=798087 wakerate=404/s workers=24 refused=0 mismatch=0 stalled=0 drifted=0 crossings=87294 remote=570470 steals=2 deferred=0
soak-test: t=1999s beat=396 rounds=629034487 rate=317673/s wakes=800107 wakerate=404/s workers=24 refused=0 mismatch=0 stalled=0 drifted=0 crossings=87539 remote=571903 steals=2 deferred=0
soak-test: t=2004s beat=397 rounds=630622266 rate=317555/s wakes=802127 wakerate=404/s workers=24 refused=0 mismatch=0 stalled=0 drifted=0 crossings=87755 remote=573354 steals=2 deferred=0
soak-test: t=2009s beat=398 rounds=632210521 rate=317651/s wakes=804147 wakerate=404/s workers=24 refused=0 mismatch=0 stalled=0 drifted=0 crossings=87980 remote=574794 steals=2 deferred=0
soak-test: t=2014s beat=399 rounds=633798862 rate=317668/s wakes=806167 wakerate=404/s workers=24 refused=0 mismatch=0 stalled=0 drifted=0 crossings=88196 remote=576237 steals=2 deferred=0
soak-test: t=2020s beat=400 rounds=635386787 rate=317585/s wakes=808187 wakerate=404/s workers=24 refused=0 mismatch=0 stalled=0 drifted=0 crossings=88422 remote=577683 steals=2 deferred=0
soak-test: t=2025s beat=401 rounds=636975503 rate=317743/s wakes=810207 wakerate=404/s workers=24 refused=0 mismatch=0 stalled=0 drifted=0 crossings=88636 remote=579135 steals=2 deferred=0
soak-test: t=2030s beat=402 rounds=638563302 rate=317559/s wakes=812227 wakerate=404/s workers=24 refused=0 mismatch=0 stalled=0 drifted=0 crossings=88856 remote=580584 steals=2 deferred=0
soak-test: t=2035s beat=403 rounds=640151306 rate=317600/s wakes=814247 wakerate=404/s workers=24 refused=0 mismatch=0 stalled=0 drifted=0 crossings=89109 remote=582020 steals=2 deferred=0
soak-test: t=2040s beat=404 rounds=641739093 rate=317557/s wakes=816267 wakerate=404/s workers=24 refused=0 mismatch=0 stalled=0 drifted=0 crossings=89309 remote=583471 steals=2 deferred=0
soak-test: t=2045s beat=405 rounds=643326173 rate=317416/s wakes=818287 wakerate=404/s workers=24 refused=0 mismatch=0 stalled=0 drifted=0 crossings=89550 remote=584901 steals=2 deferred=0
soak-test: t=2050s beat=406 rounds=644913904 rate=317546/s wakes=820307 wakerate=404/s workers=24 refused=0 mismatch=0 stalled=0 drifted=0 crossings=89756 remote=586340 steals=2 deferred=0
soak-test: t=2055s beat=407 rounds=646502048 rate=317628/s wakes=822327 wakerate=404/s workers=24 refused=0 mismatch=0 stalled=0 drifted=0 crossings=89971 remote=587792 steals=2 deferred=0
soak-test: t=2060s beat=408 rounds=648090152 rate=317620/s wakes=824347 wakerate=404/s workers=24 refused=0 mismatch=0 stalled=0 drifted=0 crossings=90182 remote=589234 steals=2 deferred=0
soak-test: t=2065s beat=409 rounds=649677804 rate=317530/s wakes=826367 wakerate=404/s workers=24 refused=0 mismatch=0 stalled=0 drifted=0 crossings=90376 remote=590681 steals=2 deferred=0
soak-test: t=2070s beat=410 rounds=651265468 rate=317532/s wakes=828387 wakerate=404/s workers=24 refused=0 mismatch=0 stalled=0 drifted=0 crossings=90580 remote=592130 steals=2 deferred=0
soak-test: t=2075s beat=411 rounds=652853513 rate=317609/s wakes=830407 wakerate=404/s workers=24 refused=0 mismatch=0 stalled=0 drifted=0 crossings=90792 remote=593574 steals=2 deferred=0
soak-test: t=2080s beat=412 rounds=654441393 rate=317576/s wakes=832427 wakerate=404/s workers=24 refused=0 mismatch=0 stalled=0 drifted=0 crossings=90998 remote=595029 steals=2 deferred=0
soak-test: t=2085s beat=413 rounds=656029940 rate=317709/s wakes=834447 wakerate=404/s workers=24 refused=0 mismatch=0 stalled=0 drifted=0 crossings=91208 remote=596476 steals=2 deferred=0
soak-test: t=2090s beat=414 rounds=657618261 rate=317664/s wakes=836467 wakerate=404/s workers=24 refused=0 mismatch=0 stalled=0 drifted=0 crossings=91408 remote=597922 steals=2 deferred=0
soak-test: t=2095s beat=415 rounds=659206542 rate=317656/s wakes=838487 wakerate=404/s workers=24 refused=0 mismatch=0 stalled=0 drifted=0 crossings=91599 remote=599385 steals=2 deferred=0
soak-test: t=2100s beat=416 rounds=660794489 rate=317589/s wakes=840507 wakerate=404/s workers=24 refused=0 mismatch=0 stalled=0 drifted=0 crossings=91817 remote=600835 steals=2 deferred=0
soak-test: t=2105s beat=417 rounds=662382643 rate=317630/s wakes=842527 wakerate=404/s workers=24 refused=0 mismatch=0 stalled=0 drifted=0 crossings=92048 remote=602272 steals=2 deferred=0
soak-test: t=2110s beat=418 rounds=663971701 rate=317811/s wakes=844547 wakerate=404/s workers=24 refused=0 mismatch=0 stalled=0 drifted=0 crossings=92231 remote=603718 steals=2 deferred=0
soak-test: t=2115s beat=419 rounds=665560158 rate=317691/s wakes=846567 wakerate=404/s workers=24 refused=0 mismatch=0 stalled=0 drifted=0 crossings=92445 remote=605168 steals=2 deferred=0
soak-test: t=2121s beat=420 rounds=667148573 rate=317683/s wakes=848587 wakerate=404/s workers=24 refused=0 mismatch=0 stalled=0 drifted=0 crossings=92680 remote=606616 steals=2 deferred=0
soak-test: t=2126s beat=421 rounds=668736550 rate=317595/s wakes=850607 wakerate=404/s workers=24 refused=0 mismatch=0 stalled=0 drifted=0 crossings=92847 remote=608075 steals=2 deferred=0
soak-test: t=2131s beat=422 rounds=670324499 rate=317589/s wakes=852627 wakerate=404/s workers=24 refused=0 mismatch=0 stalled=0 drifted=0 crossings=93094 remote=609513 steals=2 deferred=0
soak-test: t=2136s beat=423 rounds=671912713 rate=317642/s wakes=854647 wakerate=404/s workers=24 refused=0 mismatch=0 stalled=0 drifted=0 crossings=93328 remote=610950 steals=2 deferred=0
soak-test: t=2141s beat=424 rounds=673500834 rate=317624/s wakes=856667 wakerate=404/s workers=24 refused=0 mismatch=0 stalled=0 drifted=0 crossings=93560 remote=612387 steals=2 deferred=0
soak-test: t=2146s beat=425 rounds=675088602 rate=317553/s wakes=858687 wakerate=404/s workers=24 refused=0 mismatch=0 stalled=0 drifted=0 crossings=93772 remote=613839 steals=2 deferred=0
soak-test: t=2151s beat=426 rounds=676675994 rate=317478/s wakes=860707 wakerate=404/s workers=24 refused=0 mismatch=0 stalled=0 drifted=0 crossings=93957 remote=615292 steals=2 deferred=0
soak-test: t=2156s beat=427 rounds=678263564 rate=317514/s wakes=862727 wakerate=404/s workers=24 refused=0 mismatch=0 stalled=0 drifted=0 crossings=94149 remote=616748 steals=2 deferred=0
soak-test: t=2161s beat=428 rounds=679852117 rate=317710/s wakes=864747 wakerate=404/s workers=24 refused=0 mismatch=0 stalled=0 drifted=0 crossings=94353 remote=618192 steals=2 deferred=0
soak-test: t=2166s beat=429 rounds=681438925 rate=317361/s wakes=866767 wakerate=404/s workers=24 refused=0 mismatch=0 stalled=0 drifted=0 crossings=94584 remote=619639 steals=2 deferred=0
soak-test: t=2171s beat=430 rounds=683027043 rate=317623/s wakes=868787 wakerate=404/s workers=24 refused=0 mismatch=0 stalled=0 drifted=0 crossings=94833 remote=621074 steals=2 deferred=0
soak-test: t=2176s beat=431 rounds=684615286 rate=317648/s wakes=870807 wakerate=404/s workers=24 refused=0 mismatch=0 stalled=0 drifted=0 crossings=95076 remote=622516 steals=2 deferred=0
soak-test: t=2181s beat=432 rounds=686202965 rate=317535/s wakes=872827 wakerate=404/s workers=24 refused=0 mismatch=0 stalled=0 drifted=0 crossings=95281 remote=623962 steals=2 deferred=0
soak-test: t=2186s beat=433 rounds=687791561 rate=317719/s wakes=874847 wakerate=404/s workers=24 refused=0 mismatch=0 stalled=0 drifted=0 crossings=95496 remote=625402 steals=2 deferred=0
soak-test: t=2191s beat=434 rounds=689378712 rate=317430/s wakes=876867 wakerate=404/s workers=24 refused=0 mismatch=0 stalled=0 drifted=0 crossings=95720 remote=626832 steals=2 deferred=0
soak-test: t=2196s beat=435 rounds=690967319 rate=317721/s wakes=878887 wakerate=404/s workers=24 refused=0 mismatch=0 stalled=0 drifted=0 crossings=95964 remote=628275 steals=2 deferred=0
soak-test: t=2201s beat=436 rounds=692555216 rate=317579/s wakes=880907 wakerate=404/s workers=24 refused=0 mismatch=0 stalled=0 drifted=0 crossings=96163 remote=629717 steals=2 deferred=0
soak-test: t=2206s beat=437 rounds=694143282 rate=317613/s wakes=882927 wakerate=404/s workers=24 refused=0 mismatch=0 stalled=0 drifted=0 crossings=96390 remote=631161 steals=2 deferred=0
soak-test: t=2211s beat=438 rounds=695731463 rate=317636/s wakes=884947 wakerate=404/s workers=24 refused=0 mismatch=0 stalled=0 drifted=0 crossings=96626 remote=632604 steals=2 deferred=0
soak-test: t=2216s beat=439 rounds=697318423 rate=317392/s wakes=886967 wakerate=404/s workers=24 refused=0 mismatch=0 stalled=0 drifted=0 crossings=96842 remote=634044 steals=2 deferred=0
soak-test: t=2222s beat=440 rounds=698906410 rate=317597/s wakes=888987 wakerate=404/s workers=24 refused=0 mismatch=0 stalled=0 drifted=0 crossings=97034 remote=635496 steals=2 deferred=0
soak-test: t=2227s beat=441 rounds=700493432 rate=317404/s wakes=891007 wakerate=404/s workers=24 refused=0 mismatch=0 stalled=0 drifted=0 crossings=97261 remote=636942 steals=2 deferred=0
soak-test: t=2232s beat=442 rounds=702080985 rate=317510/s wakes=893027 wakerate=404/s workers=24 refused=0 mismatch=0 stalled=0 drifted=0 crossings=97527 remote=638375 steals=2 deferred=0
soak-test: t=2237s beat=443 rounds=703669226 rate=317648/s wakes=895047 wakerate=404/s workers=24 refused=0 mismatch=0 stalled=0 drifted=0 crossings=97771 remote=639812 steals=2 deferred=0
soak-test: t=2242s beat=444 rounds=705257605 rate=317675/s wakes=897067 wakerate=404/s workers=24 refused=0 mismatch=0 stalled=0 drifted=0 crossings=97975 remote=641252 steals=2 deferred=0
soak-test: t=2247s beat=445 rounds=706845003 rate=317479/s wakes=899087 wakerate=404/s workers=24 refused=0 mismatch=0 stalled=0 drifted=0 crossings=98173 remote=642699 steals=2 deferred=0
soak-test: t=2252s beat=446 rounds=708432790 rate=317557/s wakes=901107 wakerate=404/s workers=24 refused=0 mismatch=0 stalled=0 drifted=0 crossings=98403 remote=644142 steals=2 deferred=0
soak-test: t=2257s beat=447 rounds=710020565 rate=317555/s wakes=903127 wakerate=404/s workers=24 refused=0 mismatch=0 stalled=0 drifted=0 crossings=98627 remote=645585 steals=2 deferred=0
soak-test: t=2262s beat=448 rounds=711608401 rate=317567/s wakes=905147 wakerate=404/s workers=24 refused=0 mismatch=0 stalled=0 drifted=0 crossings=98852 remote=647032 steals=2 deferred=0
soak-test: t=2267s beat=449 rounds=713196159 rate=317551/s wakes=907167 wakerate=404/s workers=24 refused=0 mismatch=0 stalled=0 drifted=0 crossings=99117 remote=648459 steals=2 deferred=0
soak-test: t=2272s beat=450 rounds=714784152 rate=317598/s wakes=909187 wakerate=404/s workers=24 refused=0 mismatch=0 stalled=0 drifted=0 crossings=99342 remote=649904 steals=2 deferred=0
soak-test: t=2277s beat=451 rounds=716372310 rate=317631/s wakes=911207 wakerate=404/s workers=24 refused=0 mismatch=0 stalled=0 drifted=0 crossings=99576 remote=651339 steals=2 deferred=0
soak-test: t=2282s beat=452 rounds=717960060 rate=317550/s wakes=913227 wakerate=404/s workers=24 refused=0 mismatch=0 stalled=0 drifted=0 crossings=99802 remote=652780 steals=2 deferred=0
soak-test: t=2287s beat=453 rounds=719547718 rate=317531/s wakes=915247 wakerate=404/s workers=24 refused=0 mismatch=0 stalled=0 drifted=0 crossings=100020 remote=654227 steals=2 deferred=0
soak-test: t=2292s beat=454 rounds=721135350 rate=317526/s wakes=917267 wakerate=404/s workers=24 refused=0 mismatch=0 stalled=0 drifted=0 crossings=100239 remote=655676 steals=2 deferred=0
soak-test: t=2297s beat=455 rounds=722724129 rate=317755/s wakes=919287 wakerate=404/s workers=24 refused=0 mismatch=0 stalled=0 drifted=0 crossings=100433 remote=657129 steals=2 deferred=0
soak-test: t=2302s beat=456 rounds=724311458 rate=317465/s wakes=921307 wakerate=404/s workers=24 refused=0 mismatch=0 stalled=0 drifted=0 crossings=100694 remote=658568 steals=2 deferred=0
soak-test: t=2307s beat=457 rounds=725899205 rate=317549/s wakes=923327 wakerate=404/s workers=24 refused=0 mismatch=0 stalled=0 drifted=0 crossings=100909 remote=660012 steals=2 deferred=0
soak-test: t=2312s beat=458 rounds=727487527 rate=317664/s wakes=925347 wakerate=404/s workers=24 refused=0 mismatch=0 stalled=0 drifted=0 crossings=101121 remote=661458 steals=2 deferred=0
soak-test: t=2317s beat=459 rounds=729075849 rate=317664/s wakes=927367 wakerate=404/s workers=24 refused=0 mismatch=0 stalled=0 drifted=0 crossings=101359 remote=662898 steals=2 deferred=0
soak-test: t=2323s beat=460 rounds=730663212 rate=317472/s wakes=929387 wakerate=404/s workers=24 refused=0 mismatch=0 stalled=0 drifted=0 crossings=101548 remote=664356 steals=2 deferred=0
soak-test: t=2328s beat=461 rounds=732251581 rate=317673/s wakes=931407 wakerate=404/s workers=24 refused=0 mismatch=0 stalled=0 drifted=0 crossings=101785 remote=665810 steals=2 deferred=0
soak-test: t=2333s beat=462 rounds=733839778 rate=317639/s wakes=933427 wakerate=404/s workers=24 refused=0 mismatch=0 stalled=0 drifted=0 crossings=101996 remote=667255 steals=2 deferred=0
soak-test: t=2338s beat=463 rounds=735427198 rate=317484/s wakes=935447 wakerate=404/s workers=24 refused=0 mismatch=0 stalled=0 drifted=0 crossings=102242 remote=668686 steals=2 deferred=0
soak-test: t=2343s beat=464 rounds=737015509 rate=317662/s wakes=937467 wakerate=404/s workers=24 refused=0 mismatch=0 stalled=0 drifted=0 crossings=102445 remote=670139 steals=2 deferred=0
soak-test: t=2348s beat=465 rounds=738603110 rate=317520/s wakes=939487 wakerate=404/s workers=24 refused=0 mismatch=0 stalled=0 drifted=0 crossings=102647 remote=671591 steals=2 deferred=0
soak-test: t=2353s beat=466 rounds=740190956 rate=317569/s wakes=941507 wakerate=404/s workers=24 refused=0 mismatch=0 stalled=0 drifted=0 crossings=102911 remote=673029 steals=2 deferred=0
soak-test: t=2358s beat=467 rounds=741778185 rate=317445/s wakes=943527 wakerate=404/s workers=24 refused=0 mismatch=0 stalled=0 drifted=0 crossings=103126 remote=674473 steals=2 deferred=0
soak-test: t=2363s beat=468 rounds=743366355 rate=317634/s wakes=945547 wakerate=404/s workers=24 refused=0 mismatch=0 stalled=0 drifted=0 crossings=103360 remote=675919 steals=2 deferred=0
soak-test: t=2368s beat=469 rounds=744954811 rate=317691/s wakes=947567 wakerate=404/s workers=24 refused=0 mismatch=0 stalled=0 drifted=0 crossings=103577 remote=677370 steals=2 deferred=0
soak-test: t=2373s beat=470 rounds=746542758 rate=317589/s wakes=949587 wakerate=404/s workers=24 refused=0 mismatch=0 stalled=0 drifted=0 crossings=103829 remote=678802 steals=2 deferred=0
soak-test: t=2378s beat=471 rounds=748130358 rate=317520/s wakes=951607 wakerate=404/s workers=24 refused=0 mismatch=0 stalled=0 drifted=0 crossings=104035 remote=680251 steals=2 deferred=0
soak-test: t=2383s beat=472 rounds=749718943 rate=317717/s wakes=953627 wakerate=404/s workers=24 refused=0 mismatch=0 stalled=0 drifted=0 crossings=104277 remote=681696 steals=2 deferred=0
soak-test: t=2388s beat=473 rounds=751306335 rate=317478/s wakes=955647 wakerate=404/s workers=24 refused=0 mismatch=0 stalled=0 drifted=0 crossings=104463 remote=683144 steals=2 deferred=0
soak-test: t=2393s beat=474 rounds=752894794 rate=317691/s wakes=957667 wakerate=404/s workers=24 refused=0 mismatch=0 stalled=0 drifted=0 crossings=104683 remote=684588 steals=2 deferred=0
soak-test: t=2398s beat=475 rounds=754483557 rate=317752/s wakes=959687 wakerate=404/s workers=24 refused=0 mismatch=0 stalled=0 drifted=0 crossings=104879 remote=686046 steals=2 deferred=0
soak-test: t=2403s beat=476 rounds=756072448 rate=317778/s wakes=961707 wakerate=404/s workers=24 refused=0 mismatch=0 stalled=0 drifted=0 crossings=105102 remote=687482 steals=2 deferred=0
soak-test: t=2408s beat=477 rounds=757660235 rate=317557/s wakes=963727 wakerate=404/s workers=24 refused=0 mismatch=0 stalled=0 drifted=0 crossings=105341 remote=688921 steals=2 deferred=0
soak-test: t=2413s beat=478 rounds=759249287 rate=317810/s wakes=965747 wakerate=404/s workers=24 refused=0 mismatch=0 stalled=0 drifted=0 crossings=105579 remote=690357 steals=2 deferred=0
soak-test: t=2418s beat=479 rounds=760837376 rate=317617/s wakes=967767 wakerate=404/s workers=24 refused=0 mismatch=0 stalled=0 drifted=0 crossings=105800 remote=691800 steals=2 deferred=0
soak-test: t=2424s beat=480 rounds=762425872 rate=317699/s wakes=969787 wakerate=404/s workers=24 refused=0 mismatch=0 stalled=0 drifted=0 crossings=106053 remote=693237 steals=2 deferred=0
soak-test: t=2429s beat=481 rounds=764013962 rate=317618/s wakes=971807 wakerate=404/s workers=24 refused=0 mismatch=0 stalled=0 drifted=0 crossings=106279 remote=694684 steals=2 deferred=0
soak-test: t=2434s beat=482 rounds=765601957 rate=317599/s wakes=973827 wakerate=404/s workers=24 refused=0 mismatch=0 stalled=0 drifted=0 crossings=106510 remote=696136 steals=2 deferred=0
soak-test: t=2439s beat=483 rounds=767189741 rate=317556/s wakes=975847 wakerate=404/s workers=24 refused=0 mismatch=0 stalled=0 drifted=0 crossings=106722 remote=697572 steals=2 deferred=0
soak-test: t=2444s beat=484 rounds=768777054 rate=317462/s wakes=977867 wakerate=404/s workers=24 refused=0 mismatch=0 stalled=0 drifted=0 crossings=106947 remote=699011 steals=2 deferred=0
soak-test: t=2449s beat=485 rounds=770364928 rate=317574/s wakes=979887 wakerate=404/s workers=24 refused=0 mismatch=0 stalled=0 drifted=0 crossings=107148 remote=700455 steals=2 deferred=0
soak-test: t=2454s beat=486 rounds=771953934 rate=317801/s wakes=981907 wakerate=404/s workers=24 refused=0 mismatch=0 stalled=0 drifted=0 crossings=107352 remote=701905 steals=2 deferred=0
soak-test: t=2459s beat=487 rounds=773541769 rate=317567/s wakes=983927 wakerate=404/s workers=24 refused=0 mismatch=0 stalled=0 drifted=0 crossings=107566 remote=703355 steals=2 deferred=0
soak-test: t=2464s beat=488 rounds=775129867 rate=317619/s wakes=985947 wakerate=404/s workers=24 refused=0 mismatch=0 stalled=0 drifted=0 crossings=107808 remote=704786 steals=2 deferred=0
soak-test: t=2469s beat=489 rounds=776717529 rate=317532/s wakes=987967 wakerate=404/s workers=24 refused=0 mismatch=0 stalled=0 drifted=0 crossings=108026 remote=706234 steals=2 deferred=0
soak-test: t=2474s beat=490 rounds=778306139 rate=317722/s wakes=989987 wakerate=404/s workers=24 refused=0 mismatch=0 stalled=0 drifted=0 crossings=108234 remote=707680 steals=2 deferred=0
soak-test: t=2479s beat=491 rounds=779894453 rate=317662/s wakes=992007 wakerate=404/s workers=24 refused=0 mismatch=0 stalled=0 drifted=0 crossings=108480 remote=709118 steals=2 deferred=0
soak-test: t=2484s beat=492 rounds=781482890 rate=317687/s wakes=994027 wakerate=404/s workers=24 refused=0 mismatch=0 stalled=0 drifted=0 crossings=108691 remote=710571 steals=2 deferred=0
soak-test: t=2489s beat=493 rounds=783070577 rate=317537/s wakes=996047 wakerate=404/s workers=24 refused=0 mismatch=0 stalled=0 drifted=0 crossings=108866 remote=712037 steals=2 deferred=0
soak-test: t=2494s beat=494 rounds=784657936 rate=317471/s wakes=998067 wakerate=404/s workers=24 refused=0 mismatch=0 stalled=0 drifted=0 crossings=109049 remote=713486 steals=2 deferred=0
soak-test: t=2499s beat=495 rounds=786245959 rate=317604/s wakes=1000087 wakerate=404/s workers=24 refused=0 mismatch=0 stalled=0 drifted=0 crossings=109292 remote=714937 steals=2 deferred=0
soak-test: t=2504s beat=496 rounds=787832961 rate=317400/s wakes=1002107 wakerate=404/s workers=24 refused=0 mismatch=0 stalled=0 drifted=0 crossings=109533 remote=716368 steals=2 deferred=0
soak-test: t=2509s beat=497 rounds=789420560 rate=317519/s wakes=1004127 wakerate=404/s workers=24 refused=0 mismatch=0 stalled=0 drifted=0 crossings=109754 remote=717808 steals=2 deferred=0
soak-test: t=2514s beat=498 rounds=791008114 rate=317510/s wakes=1006147 wakerate=404/s workers=24 refused=0 mismatch=0 stalled=0 drifted=0 crossings=109990 remote=719240 steals=2 deferred=0
soak-test: t=2519s beat=499 rounds=792595742 rate=317525/s wakes=1008167 wakerate=404/s workers=24 refused=0 mismatch=0 stalled=0 drifted=0 crossings=110228 remote=720682 steals=2 deferred=0
soak-test: t=2525s beat=500 rounds=794184157 rate=317683/s wakes=1010187 wakerate=404/s workers=24 refused=0 mismatch=0 stalled=0 drifted=0 crossings=110468 remote=722115 steals=2 deferred=0
soak-test: t=2530s beat=501 rounds=795770813 rate=317331/s wakes=1012207 wakerate=404/s workers=24 refused=0 mismatch=0 stalled=0 drifted=0 crossings=110698 remote=723562 steals=2 deferred=0
soak-test: t=2535s beat=502 rounds=797358254 rate=317488/s wakes=1014227 wakerate=404/s workers=24 refused=0 mismatch=0 stalled=0 drifted=0 crossings=110940 remote=724997 steals=2 deferred=0
soak-test: t=2540s beat=503 rounds=798946063 rate=317561/s wakes=1016247 wakerate=404/s workers=24 refused=0 mismatch=0 stalled=0 drifted=0 crossings=111139 remote=726447 steals=2 deferred=0
soak-test: t=2545s beat=504 rounds=800533555 rate=317498/s wakes=1018267 wakerate=404/s workers=24 refused=0 mismatch=0 stalled=0 drifted=0 crossings=111368 remote=727897 steals=2 deferred=0
soak-test: t=2550s beat=505 rounds=802120959 rate=317480/s wakes=1020287 wakerate=404/s workers=24 refused=0 mismatch=0 stalled=0 drifted=0 crossings=111578 remote=729351 steals=2 deferred=0
soak-test: t=2555s beat=506 rounds=803709527 rate=317713/s wakes=1022307 wakerate=404/s workers=24 refused=0 mismatch=0 stalled=0 drifted=0 crossings=111789 remote=730804 steals=2 deferred=0
soak-test: t=2560s beat=507 rounds=805297026 rate=317499/s wakes=1024327 wakerate=404/s workers=24 refused=0 mismatch=0 stalled=0 drifted=0 crossings=112006 remote=732250 steals=2 deferred=0
soak-test: t=2565s beat=508 rounds=806884485 rate=317491/s wakes=1026347 wakerate=404/s workers=24 refused=0 mismatch=0 stalled=0 drifted=0 crossings=112213 remote=733696 steals=2 deferred=0
soak-test: t=2570s beat=509 rounds=808472098 rate=317522/s wakes=1028367 wakerate=404/s workers=24 refused=0 mismatch=0 stalled=0 drifted=0 crossings=112450 remote=735143 steals=2 deferred=0
soak-test: t=2575s beat=510 rounds=810059767 rate=317533/s wakes=1030387 wakerate=404/s workers=24 refused=0 mismatch=0 stalled=0 drifted=0 crossings=112710 remote=736575 steals=2 deferred=0
soak-test: t=2580s beat=511 rounds=811647047 rate=317456/s wakes=1032407 wakerate=404/s workers=24 refused=0 mismatch=0 stalled=0 drifted=0 crossings=112911 remote=738017 steals=2 deferred=0
soak-test: t=2585s beat=512 rounds=813234311 rate=317452/s wakes=1034427 wakerate=404/s workers=24 refused=0 mismatch=0 stalled=0 drifted=0 crossings=113124 remote=739462 steals=2 deferred=0
soak-test: t=2590s beat=513 rounds=814822667 rate=317671/s wakes=1036447 wakerate=404/s workers=24 refused=0 mismatch=0 stalled=0 drifted=0 crossings=113331 remote=740904 steals=2 deferred=0
soak-test: t=2595s beat=514 rounds=816410736 rate=317613/s wakes=1038467 wakerate=404/s workers=24 refused=0 mismatch=0 stalled=0 drifted=0 crossings=113541 remote=742333 steals=2 deferred=0
soak-test: t=2600s beat=515 rounds=817998793 rate=317611/s wakes=1040487 wakerate=404/s workers=24 refused=0 mismatch=0 stalled=0 drifted=0 crossings=113732 remote=743788 steals=2 deferred=0
soak-test: t=2605s beat=516 rounds=819586494 rate=317540/s wakes=1042507 wakerate=404/s workers=24 refused=0 mismatch=0 stalled=0 drifted=0 crossings=113964 remote=745221 steals=2 deferred=0
soak-test: t=2610s beat=517 rounds=821174274 rate=317556/s wakes=1044527 wakerate=404/s workers=24 refused=0 mismatch=0 stalled=0 drifted=0 crossings=114201 remote=746660 steals=2 deferred=0
soak-test: t=2615s beat=518 rounds=822762413 rate=317627/s wakes=1046547 wakerate=404/s workers=24 refused=0 mismatch=0 stalled=0 drifted=0 crossings=114434 remote=748091 steals=2 deferred=0
soak-test: t=2620s beat=519 rounds=824350258 rate=317569/s wakes=1048567 wakerate=404/s workers=24 refused=0 mismatch=0 stalled=0 drifted=0 crossings=114661 remote=749534 steals=2 deferred=0
soak-test: t=2626s beat=520 rounds=825938108 rate=317570/s wakes=1050587 wakerate=404/s workers=24 refused=0 mismatch=0 stalled=0 drifted=0 crossings=114859 remote=750983 steals=2 deferred=0
soak-test: t=2631s beat=521 rounds=827525799 rate=317538/s wakes=1052607 wakerate=404/s workers=24 refused=0 mismatch=0 stalled=0 drifted=0 crossings=115102 remote=752433 steals=2 deferred=0
soak-test: t=2636s beat=522 rounds=829114201 rate=317680/s wakes=1054627 wakerate=404/s workers=24 refused=0 mismatch=0 stalled=0 drifted=0 crossings=115308 remote=753888 steals=2 deferred=0
soak-test: t=2641s beat=523 rounds=830702353 rate=317630/s wakes=1056647 wakerate=404/s workers=24 refused=0 mismatch=0 stalled=0 drifted=0 crossings=115540 remote=755328 steals=2 deferred=0
soak-test: t=2646s beat=524 rounds=832291020 rate=317733/s wakes=1058667 wakerate=404/s workers=24 refused=0 mismatch=0 stalled=0 drifted=0 crossings=115763 remote=756771 steals=2 deferred=0
soak-test: t=2651s beat=525 rounds=833878845 rate=317565/s wakes=1060687 wakerate=404/s workers=24 refused=0 mismatch=0 stalled=0 drifted=0 crossings=116028 remote=758197 steals=2 deferred=0
soak-test: t=2656s beat=526 rounds=835467373 rate=317705/s wakes=1062707 wakerate=404/s workers=24 refused=0 mismatch=0 stalled=0 drifted=0 crossings=116243 remote=759633 steals=2 deferred=0
soak-test: t=2661s beat=527 rounds=837056199 rate=317765/s wakes=1064727 wakerate=404/s workers=24 refused=0 mismatch=0 stalled=0 drifted=0 crossings=116449 remote=761077 steals=2 deferred=0
soak-test: t=2666s beat=528 rounds=838643942 rate=317548/s wakes=1066747 wakerate=404/s workers=24 refused=0 mismatch=0 stalled=0 drifted=0 crossings=116674 remote=762525 steals=2 deferred=0
soak-test: t=2671s beat=529 rounds=840231427 rate=317497/s wakes=1068767 wakerate=404/s workers=24 refused=0 mismatch=0 stalled=0 drifted=0 crossings=116898 remote=763969 steals=2 deferred=0
soak-test: t=2676s beat=530 rounds=841819082 rate=317531/s wakes=1070787 wakerate=404/s workers=24 refused=0 mismatch=0 stalled=0 drifted=0 crossings=117106 remote=765411 steals=2 deferred=0
soak-test: t=2681s beat=531 rounds=843407229 rate=317629/s wakes=1072807 wakerate=404/s workers=24 refused=0 mismatch=0 stalled=0 drifted=0 crossings=117354 remote=766839 steals=2 deferred=0
soak-test: t=2686s beat=532 rounds=844994879 rate=317530/s wakes=1074827 wakerate=404/s workers=24 refused=0 mismatch=0 stalled=0 drifted=0 crossings=117564 remote=768288 steals=2 deferred=0
soak-test: t=2691s beat=533 rounds=846582419 rate=317508/s wakes=1076847 wakerate=404/s workers=24 refused=0 mismatch=0 stalled=0 drifted=0 crossings=117774 remote=769740 steals=2 deferred=0
soak-test: t=2696s beat=534 rounds=848170338 rate=317583/s wakes=1078867 wakerate=404/s workers=24 refused=0 mismatch=0 stalled=0 drifted=0 crossings=117952 remote=771196 steals=2 deferred=0
soak-test: t=2701s beat=535 rounds=849758348 rate=317602/s wakes=1080887 wakerate=404/s workers=24 refused=0 mismatch=0 stalled=0 drifted=0 crossings=118161 remote=772658 steals=2 deferred=0
soak-test: t=2706s beat=536 rounds=851346524 rate=317635/s wakes=1082907 wakerate=404/s workers=24 refused=0 mismatch=0 stalled=0 drifted=0 crossings=118355 remote=774110 steals=2 deferred=0
soak-test: t=2711s beat=537 rounds=852934739 rate=317643/s wakes=1084927 wakerate=404/s workers=24 refused=0 mismatch=0 stalled=0 drifted=0 crossings=118580 remote=775545 steals=2 deferred=0
soak-test: t=2716s beat=538 rounds=854522879 rate=317628/s wakes=1086947 wakerate=404/s workers=24 refused=0 mismatch=0 stalled=0 drifted=0 crossings=118832 remote=776978 steals=2 deferred=0
soak-test: t=2721s beat=539 rounds=856110736 rate=317571/s wakes=1088967 wakerate=404/s workers=24 refused=0 mismatch=0 stalled=0 drifted=0 crossings=119036 remote=778421 steals=2 deferred=0
soak-test: t=2727s beat=540 rounds=857698063 rate=317465/s wakes=1090987 wakerate=404/s workers=24 refused=0 mismatch=0 stalled=0 drifted=0 crossings=119282 remote=779852 steals=2 deferred=0
soak-test: t=2732s beat=541 rounds=859286785 rate=317744/s wakes=1093007 wakerate=404/s workers=24 refused=0 mismatch=0 stalled=0 drifted=0 crossings=119528 remote=781296 steals=2 deferred=0
soak-test: t=2737s beat=542 rounds=860875373 rate=317717/s wakes=1095027 wakerate=404/s workers=24 refused=0 mismatch=0 stalled=0 drifted=0 crossings=119709 remote=782757 steals=2 deferred=0
soak-test: t=2742s beat=543 rounds=862463363 rate=317598/s wakes=1097047 wakerate=404/s workers=24 refused=0 mismatch=0 stalled=0 drifted=0 crossings=119942 remote=784200 steals=2 deferred=0
soak-test: t=2747s beat=544 rounds=864051078 rate=317543/s wakes=1099067 wakerate=404/s workers=24 refused=0 mismatch=0 stalled=0 drifted=0 crossings=120156 remote=785653 steals=2 deferred=0
soak-test: t=2752s beat=545 rounds=865638885 rate=317561/s wakes=1101087 wakerate=404/s workers=24 refused=0 mismatch=0 stalled=0 drifted=0 crossings=120375 remote=787102 steals=2 deferred=0
soak-test: t=2757s beat=546 rounds=867226942 rate=317611/s wakes=1103107 wakerate=404/s workers=24 refused=0 mismatch=0 stalled=0 drifted=0 crossings=120618 remote=788539 steals=2 deferred=0
soak-test: t=2762s beat=547 rounds=868815430 rate=317697/s wakes=1105127 wakerate=404/s workers=24 refused=0 mismatch=0 stalled=0 drifted=0 crossings=120829 remote=789987 steals=2 deferred=0
soak-test: t=2767s beat=548 rounds=870402963 rate=317506/s wakes=1107147 wakerate=404/s workers=24 refused=0 mismatch=0 stalled=0 drifted=0 crossings=121029 remote=791442 steals=2 deferred=0
soak-test: t=2772s beat=549 rounds=871990678 rate=317543/s wakes=1109167 wakerate=404/s workers=24 refused=0 mismatch=0 stalled=0 drifted=0 crossings=121237 remote=792890 steals=2 deferred=0
soak-test: t=2777s beat=550 rounds=873579031 rate=317670/s wakes=1111187 wakerate=404/s workers=24 refused=0 mismatch=0 stalled=0 drifted=0 crossings=121451 remote=794338 steals=2 deferred=0
soak-test: t=2782s beat=551 rounds=875167037 rate=317601/s wakes=1113207 wakerate=404/s workers=24 refused=0 mismatch=0 stalled=0 drifted=0 crossings=121658 remote=795790 steals=2 deferred=0
soak-test: t=2787s beat=552 rounds=876755184 rate=317629/s wakes=1115227 wakerate=404/s workers=24 refused=0 mismatch=0 stalled=0 drifted=0 crossings=121894 remote=797226 steals=2 deferred=0
soak-test: t=2792s beat=553 rounds=878342597 rate=317482/s wakes=1117247 wakerate=404/s workers=24 refused=0 mismatch=0 stalled=0 drifted=0 crossings=122123 remote=798677 steals=2 deferred=0
soak-test: t=2797s beat=554 rounds=879931352 rate=317751/s wakes=1119267 wakerate=404/s workers=24 refused=0 mismatch=0 stalled=0 drifted=0 crossings=122330 remote=800134 steals=2 deferred=0
soak-test: t=2802s beat=555 rounds=881518745 rate=317478/s wakes=1121287 wakerate=404/s workers=24 refused=0 mismatch=0 stalled=0 drifted=0 crossings=122555 remote=801566 steals=2 deferred=0
soak-test: t=2807s beat=556 rounds=883106352 rate=317521/s wakes=1123307 wakerate=404/s workers=24 refused=0 mismatch=0 stalled=0 drifted=0 crossings=122786 remote=803001 steals=2 deferred=0
soak-test: t=2812s beat=557 rounds=884695125 rate=317754/s wakes=1125327 wakerate=404/s workers=24 refused=0 mismatch=0 stalled=0 drifted=0 crossings=122999 remote=804445 steals=2 deferred=0
soak-test: t=2817s beat=558 rounds=886283259 rate=317626/s wakes=1127347 wakerate=404/s workers=24 refused=0 mismatch=0 stalled=0 drifted=0 crossings=123208 remote=805891 steals=2 deferred=0
soak-test: t=2822s beat=559 rounds=887871541 rate=317656/s wakes=1129367 wakerate=404/s workers=24 refused=0 mismatch=0 stalled=0 drifted=0 crossings=123418 remote=807333 steals=2 deferred=0
soak-test: t=2828s beat=560 rounds=889459097 rate=317511/s wakes=1131387 wakerate=404/s workers=24 refused=0 mismatch=0 stalled=0 drifted=0 crossings=123670 remote=808768 steals=2 deferred=0
soak-test: t=2833s beat=561 rounds=891047131 rate=317606/s wakes=1133407 wakerate=404/s workers=24 refused=0 mismatch=0 stalled=0 drifted=0 crossings=123871 remote=810213 steals=2 deferred=0
soak-test: t=2838s beat=562 rounds=892634445 rate=317462/s wakes=1135427 wakerate=404/s workers=24 refused=0 mismatch=0 stalled=0 drifted=0 crossings=124096 remote=811663 steals=2 deferred=0
soak-test: t=2843s beat=563 rounds=894223305 rate=317772/s wakes=1137447 wakerate=404/s workers=24 refused=0 mismatch=0 stalled=0 drifted=0 crossings=124332 remote=813104 steals=2 deferred=0
soak-test: t=2848s beat=564 rounds=895811264 rate=317591/s wakes=1139467 wakerate=404/s workers=24 refused=0 mismatch=0 stalled=0 drifted=0 crossings=124541 remote=814556 steals=2 deferred=0
soak-test: t=2853s beat=565 rounds=897399710 rate=317689/s wakes=1141487 wakerate=404/s workers=24 refused=0 mismatch=0 stalled=0 drifted=0 crossings=124763 remote=815999 steals=2 deferred=0
soak-test: t=2858s beat=566 rounds=898987588 rate=317575/s wakes=1143507 wakerate=404/s workers=24 refused=0 mismatch=0 stalled=0 drifted=0 crossings=124994 remote=817444 steals=2 deferred=0
soak-test: t=2863s beat=567 rounds=900575974 rate=317677/s wakes=1145527 wakerate=404/s workers=24 refused=0 mismatch=0 stalled=0 drifted=0 crossings=125192 remote=818898 steals=2 deferred=0
soak-test: t=2868s beat=568 rounds=902165245 rate=317854/s wakes=1147547 wakerate=404/s workers=24 refused=0 mismatch=0 stalled=0 drifted=0 crossings=125400 remote=820339 steals=2 deferred=0
soak-test: t=2873s beat=569 rounds=903753174 rate=317585/s wakes=1149567 wakerate=404/s workers=24 refused=0 mismatch=0 stalled=0 drifted=0 crossings=125615 remote=821789 steals=2 deferred=0
soak-test: t=2878s beat=570 rounds=905340219 rate=317409/s wakes=1151587 wakerate=404/s workers=24 refused=0 mismatch=0 stalled=0 drifted=0 crossings=125799 remote=823241 steals=2 deferred=0
soak-test: t=2883s beat=571 rounds=906928275 rate=317611/s wakes=1153607 wakerate=404/s workers=24 refused=0 mismatch=0 stalled=0 drifted=0 crossings=126023 remote=824701 steals=2 deferred=0
soak-test: t=2888s beat=572 rounds=908516211 rate=317587/s wakes=1155627 wakerate=404/s workers=24 refused=0 mismatch=0 stalled=0 drifted=0 crossings=126229 remote=826158 steals=2 deferred=0
soak-test: t=2893s beat=573 rounds=910104243 rate=317606/s wakes=1157647 wakerate=404/s workers=24 refused=0 mismatch=0 stalled=0 drifted=0 crossings=126437 remote=827610 steals=2 deferred=0
soak-test: t=2898s beat=574 rounds=911692239 rate=317599/s wakes=1159667 wakerate=404/s workers=24 refused=0 mismatch=0 stalled=0 drifted=0 crossings=126653 remote=829057 steals=2 deferred=0
soak-test: t=2903s beat=575 rounds=913280282 rate=317608/s wakes=1161687 wakerate=404/s workers=24 refused=0 mismatch=0 stalled=0 drifted=0 crossings=126866 remote=830509 steals=2 deferred=0
soak-test: t=2908s beat=576 rounds=914868422 rate=317628/s wakes=1163707 wakerate=404/s workers=24 refused=0 mismatch=0 stalled=0 drifted=0 crossings=127057 remote=831964 steals=2 deferred=0
soak-test: t=2913s beat=577 rounds=916456975 rate=317710/s wakes=1165727 wakerate=404/s workers=24 refused=0 mismatch=0 stalled=0 drifted=0 crossings=127297 remote=833403 steals=2 deferred=0
soak-test: t=2918s beat=578 rounds=918045043 rate=317613/s wakes=1167747 wakerate=404/s workers=24 refused=0 mismatch=0 stalled=0 drifted=0 crossings=127517 remote=834849 steals=2 deferred=0
soak-test: t=2923s beat=579 rounds=919633366 rate=317664/s wakes=1169767 wakerate=404/s workers=24 refused=0 mismatch=0 stalled=0 drifted=0 crossings=127732 remote=836292 steals=2 deferred=0
soak-test: t=2929s beat=580 rounds=921220778 rate=317482/s wakes=1171787 wakerate=404/s workers=24 refused=0 mismatch=0 stalled=0 drifted=0 crossings=127942 remote=837734 steals=2 deferred=0
soak-test: t=2934s beat=581 rounds=922807626 rate=317369/s wakes=1173807 wakerate=404/s workers=24 refused=0 mismatch=0 stalled=0 drifted=0 crossings=128147 remote=839188 steals=2 deferred=0
soak-test: t=2939s beat=582 rounds=924395724 rate=317619/s wakes=1175827 wakerate=404/s workers=24 refused=0 mismatch=0 stalled=0 drifted=0 crossings=128382 remote=840632 steals=2 deferred=0
soak-test: t=2944s beat=583 rounds=925983830 rate=317621/s wakes=1177847 wakerate=404/s workers=24 refused=0 mismatch=0 stalled=0 drifted=0 crossings=128591 remote=842077 steals=2 deferred=0
soak-test: t=2949s beat=584 rounds=927572513 rate=317736/s wakes=1179867 wakerate=404/s workers=24 refused=0 mismatch=0 stalled=0 drifted=0 crossings=128814 remote=843524 steals=2 deferred=0
soak-test: t=2954s beat=585 rounds=929160915 rate=317680/s wakes=1181887 wakerate=404/s workers=24 refused=0 mismatch=0 stalled=0 drifted=0 crossings=129063 remote=844963 steals=2 deferred=0
soak-test: t=2959s beat=586 rounds=930749119 rate=317640/s wakes=1183907 wakerate=404/s workers=24 refused=0 mismatch=0 stalled=0 drifted=0 crossings=129299 remote=846399 steals=2 deferred=0
soak-test: t=2964s beat=587 rounds=932336702 rate=317516/s wakes=1185927 wakerate=404/s workers=24 refused=0 mismatch=0 stalled=0 drifted=0 crossings=129518 remote=847845 steals=2 deferred=0
soak-test: t=2969s beat=588 rounds=933924404 rate=317540/s wakes=1187947 wakerate=404/s workers=24 refused=0 mismatch=0 stalled=0 drifted=0 crossings=129747 remote=849281 steals=2 deferred=0
soak-test: t=2974s beat=589 rounds=935513007 rate=317720/s wakes=1189967 wakerate=404/s workers=24 refused=0 mismatch=0 stalled=0 drifted=0 crossings=129960 remote=850728 steals=2 deferred=0
soak-test: t=2979s beat=590 rounds=937100664 rate=317531/s wakes=1191987 wakerate=404/s workers=24 refused=0 mismatch=0 stalled=0 drifted=0 crossings=130176 remote=852171 steals=2 deferred=0
soak-test: t=2984s beat=591 rounds=938687850 rate=317437/s wakes=1194007 wakerate=404/s workers=24 refused=0 mismatch=0 stalled=0 drifted=0 crossings=130397 remote=853612 steals=2 deferred=0
soak-test: t=2989s beat=592 rounds=940276037 rate=317637/s wakes=1196027 wakerate=404/s workers=24 refused=0 mismatch=0 stalled=0 drifted=0 crossings=130574 remote=855068 steals=2 deferred=0
soak-test: t=2994s beat=593 rounds=941864044 rate=317601/s wakes=1198047 wakerate=404/s workers=24 refused=0 mismatch=0 stalled=0 drifted=0 crossings=130807 remote=856504 steals=2 deferred=0
soak-test: t=2999s beat=594 rounds=943452494 rate=317690/s wakes=1200067 wakerate=404/s workers=24 refused=0 mismatch=0 stalled=0 drifted=0 crossings=131052 remote=857940 steals=2 deferred=0
soak-test: t=3004s beat=595 rounds=945040399 rate=317581/s wakes=1202087 wakerate=404/s workers=24 refused=0 mismatch=0 stalled=0 drifted=0 crossings=131305 remote=859376 steals=2 deferred=0
soak-test: t=3009s beat=596 rounds=946628778 rate=317675/s wakes=1204107 wakerate=404/s workers=24 refused=0 mismatch=0 stalled=0 drifted=0 crossings=131549 remote=860793 steals=2 deferred=0
soak-test: t=3014s beat=597 rounds=948217165 rate=317677/s wakes=1206127 wakerate=404/s workers=24 refused=0 mismatch=0 stalled=0 drifted=0 crossings=131742 remote=862245 steals=2 deferred=0
soak-test: t=3019s beat=598 rounds=949804949 rate=317556/s wakes=1208147 wakerate=404/s workers=24 refused=0 mismatch=0 stalled=0 drifted=0 crossings=131971 remote=863693 steals=2 deferred=0
soak-test: t=3024s beat=599 rounds=951391953 rate=317400/s wakes=1210167 wakerate=404/s workers=24 refused=0 mismatch=0 stalled=0 drifted=0 crossings=132209 remote=865140 steals=2 deferred=0
soak-test: t=3030s beat=600 rounds=952979585 rate=317526/s wakes=1212187 wakerate=404/s workers=24 refused=0 mismatch=0 stalled=0 drifted=0 crossings=132402 remote=866593 steals=2 deferred=0
soak-test: t=3035s beat=601 rounds=954567516 rate=317586/s wakes=1214207 wakerate=404/s workers=24 refused=0 mismatch=0 stalled=0 drifted=0 crossings=132627 remote=868043 steals=2 deferred=0
soak-test: t=3040s beat=602 rounds=956155434 rate=317583/s wakes=1216227 wakerate=404/s workers=24 refused=0 mismatch=0 stalled=0 drifted=0 crossings=132833 remote=869486 steals=2 deferred=0
soak-test: t=3045s beat=603 rounds=957743253 rate=317563/s wakes=1218247 wakerate=404/s workers=24 refused=0 mismatch=0 stalled=0 drifted=0 crossings=133046 remote=870928 steals=2 deferred=0
soak-test: t=3050s beat=604 rounds=959330483 rate=317446/s wakes=1220267 wakerate=404/s workers=24 refused=0 mismatch=0 stalled=0 drifted=0 crossings=133263 remote=872374 steals=2 deferred=0
soak-test: t=3055s beat=605 rounds=960918709 rate=317645/s wakes=1222287 wakerate=404/s workers=24 refused=0 mismatch=0 stalled=0 drifted=0 crossings=133487 remote=873831 steals=2 deferred=0
soak-test: t=3060s beat=606 rounds=962506618 rate=317581/s wakes=1224307 wakerate=404/s workers=24 refused=0 mismatch=0 stalled=0 drifted=0 crossings=133711 remote=875277 steals=2 deferred=0
soak-test: t=3065s beat=607 rounds=964094869 rate=317650/s wakes=1226327 wakerate=404/s workers=24 refused=0 mismatch=0 stalled=0 drifted=0 crossings=133943 remote=876717 steals=2 deferred=0
soak-test: t=3070s beat=608 rounds=965682723 rate=317570/s wakes=1228347 wakerate=404/s workers=24 refused=0 mismatch=0 stalled=0 drifted=0 crossings=134172 remote=878157 steals=2 deferred=0
soak-test: t=3075s beat=609 rounds=967270140 rate=317483/s wakes=1230367 wakerate=404/s workers=24 refused=0 mismatch=0 stalled=0 drifted=0 crossings=134381 remote=879607 steals=2 deferred=0
soak-test: t=3080s beat=610 rounds=968857952 rate=317562/s wakes=1232387 wakerate=404/s workers=24 refused=0 mismatch=0 stalled=0 drifted=0 crossings=134565 remote=881059 steals=2 deferred=0
soak-test: t=3085s beat=611 rounds=970445926 rate=317594/s wakes=1234407 wakerate=404/s workers=24 refused=0 mismatch=0 stalled=0 drifted=0 crossings=134799 remote=882506 steals=2 deferred=0
soak-test: t=3090s beat=612 rounds=972034330 rate=317680/s wakes=1236427 wakerate=404/s workers=24 refused=0 mismatch=0 stalled=0 drifted=0 crossings=135035 remote=883947 steals=2 deferred=0
soak-test: t=3095s beat=613 rounds=973622136 rate=317561/s wakes=1238447 wakerate=404/s workers=24 refused=0 mismatch=0 stalled=0 drifted=0 crossings=135260 remote=885386 steals=2 deferred=0
soak-test: t=3100s beat=614 rounds=975210345 rate=317641/s wakes=1240467 wakerate=404/s workers=24 refused=0 mismatch=0 stalled=0 drifted=0 crossings=135477 remote=886840 steals=2 deferred=0
soak-test: t=3105s beat=615 rounds=976799063 rate=317743/s wakes=1242487 wakerate=404/s workers=24 refused=0 mismatch=0 stalled=0 drifted=0 crossings=135700 remote=888285 steals=2 deferred=0
soak-test: t=3110s beat=616 rounds=978387389 rate=317665/s wakes=1244507 wakerate=404/s workers=24 refused=0 mismatch=0 stalled=0 drifted=0 crossings=135916 remote=889728 steals=2 deferred=0
soak-test: t=3115s beat=617 rounds=979975132 rate=317548/s wakes=1246527 wakerate=404/s workers=24 refused=0 mismatch=0 stalled=0 drifted=0 crossings=136132 remote=891181 steals=2 deferred=0
soak-test: t=3120s beat=618 rounds=981563129 rate=317599/s wakes=1248547 wakerate=404/s workers=24 refused=0 mismatch=0 stalled=0 drifted=0 crossings=136370 remote=892619 steals=2 deferred=0
soak-test: t=3125s beat=619 rounds=983151904 rate=317755/s wakes=1250567 wakerate=404/s workers=24 refused=0 mismatch=0 stalled=0 drifted=0 crossings=136559 remote=894072 steals=2 deferred=0
soak-test: t=3131s beat=620 rounds=984740257 rate=317670/s wakes=1252587 wakerate=404/s workers=24 refused=0 mismatch=0 stalled=0 drifted=0 crossings=136791 remote=895509 steals=2 deferred=0
soak-test: t=3136s beat=621 rounds=986327461 rate=317440/s wakes=1254607 wakerate=404/s workers=24 refused=0 mismatch=0 stalled=0 drifted=0 crossings=137007 remote=896955 steals=2 deferred=0
soak-test: t=3141s beat=622 rounds=987915519 rate=317611/s wakes=1256627 wakerate=404/s workers=24 refused=0 mismatch=0 stalled=0 drifted=0 crossings=137217 remote=898409 steals=2 deferred=0
soak-test: t=3146s beat=623 rounds=989503096 rate=317515/s wakes=1258647 wakerate=404/s workers=24 refused=0 mismatch=0 stalled=0 drifted=0 crossings=137432 remote=899857 steals=2 deferred=0
soak-test: t=3151s beat=624 rounds=991090593 rate=317499/s wakes=1260667 wakerate=404/s workers=24 refused=0 mismatch=0 stalled=0 drifted=0 crossings=137672 remote=901297 steals=2 deferred=0
soak-test: t=3156s beat=625 rounds=992679231 rate=317727/s wakes=1262687 wakerate=404/s workers=24 refused=0 mismatch=0 stalled=0 drifted=0 crossings=137888 remote=902747 steals=2 deferred=0
soak-test: t=3161s beat=626 rounds=994268527 rate=317859/s wakes=1264707 wakerate=404/s workers=24 refused=0 mismatch=0 stalled=0 drifted=0 crossings=138124 remote=904182 steals=2 deferred=0
soak-test: t=3166s beat=627 rounds=995856654 rate=317625/s wakes=1266727 wakerate=404/s workers=24 refused=0 mismatch=0 stalled=0 drifted=0 crossings=138360 remote=905624 steals=2 deferred=0
soak-test: t=3171s beat=628 rounds=997444640 rate=317597/s wakes=1268747 wakerate=404/s workers=24 refused=0 mismatch=0 stalled=0 drifted=0 crossings=138559 remote=907073 steals=2 deferred=0
soak-test: t=3176s beat=629 rounds=999033007 rate=317673/s wakes=1270767 wakerate=404/s workers=24 refused=0 mismatch=0 stalled=0 drifted=0 crossings=138779 remote=908518 steals=2 deferred=0
soak-test: t=3181s beat=630 rounds=1000620881 rate=317574/s wakes=1272787 wakerate=404/s workers=24 refused=0 mismatch=0 stalled=0 drifted=0 crossings=139019 remote=909943 steals=2 deferred=0
soak-test: t=3186s beat=631 rounds=1002209231 rate=317670/s wakes=1274807 wakerate=404/s workers=24 refused=0 mismatch=0 stalled=0 drifted=0 crossings=139235 remote=911398 steals=2 deferred=0
soak-test: t=3191s beat=632 rounds=1003797050 rate=317563/s wakes=1276827 wakerate=404/s workers=24 refused=0 mismatch=0 stalled=0 drifted=0 crossings=139456 remote=912843 steals=2 deferred=0
soak-test: t=3196s beat=633 rounds=1005385071 rate=317604/s wakes=1278847 wakerate=404/s workers=24 refused=0 mismatch=0 stalled=0 drifted=0 crossings=139696 remote=914278 steals=2 deferred=0
soak-test: t=3201s beat=634 rounds=1006972674 rate=317520/s wakes=1280867 wakerate=404/s workers=24 refused=0 mismatch=0 stalled=0 drifted=0 crossings=139923 remote=915716 steals=2 deferred=0
soak-test: t=3206s beat=635 rounds=1008560863 rate=317637/s wakes=1282887 wakerate=404/s workers=24 refused=0 mismatch=0 stalled=0 drifted=0 crossings=140118 remote=917162 steals=2 deferred=0
soak-test: t=3211s beat=636 rounds=1010148611 rate=317549/s wakes=1284907 wakerate=404/s workers=24 refused=0 mismatch=0 stalled=0 drifted=0 crossings=140334 remote=918605 steals=2 deferred=0
soak-test: t=3216s beat=637 rounds=1011736325 rate=317542/s wakes=1286927 wakerate=404/s workers=24 refused=0 mismatch=0 stalled=0 drifted=0 crossings=140556 remote=920045 steals=2 deferred=0
soak-test: t=3221s beat=638 rounds=1013324064 rate=317547/s wakes=1288947 wakerate=404/s workers=24 refused=0 mismatch=0 stalled=0 drifted=0 crossings=140784 remote=921487 steals=2 deferred=0
soak-test: t=3226s beat=639 rounds=1014911480 rate=317483/s wakes=1290967 wakerate=404/s workers=24 refused=0 mismatch=0 stalled=0 drifted=0 crossings=141019 remote=922919 steals=2 deferred=0
soak-test: t=3232s beat=640 rounds=1016499538 rate=317611/s wakes=1292987 wakerate=404/s workers=24 refused=0 mismatch=0 stalled=0 drifted=0 crossings=141222 remote=924371 steals=2 deferred=0
soak-test: t=3237s beat=641 rounds=1018088230 rate=317738/s wakes=1295007 wakerate=404/s workers=24 refused=0 mismatch=0 stalled=0 drifted=0 crossings=141465 remote=925800 steals=2 deferred=0
soak-test: t=3242s beat=642 rounds=1019677083 rate=317770/s wakes=1297027 wakerate=404/s workers=24 refused=0 mismatch=0 stalled=0 drifted=0 crossings=141700 remote=927243 steals=2 deferred=0
soak-test: t=3247s beat=643 rounds=1021266114 rate=317806/s wakes=1299047 wakerate=404/s workers=24 refused=0 mismatch=0 stalled=0 drifted=0 crossings=141904 remote=928695 steals=2 deferred=0
soak-test: t=3252s beat=644 rounds=1022854020 rate=317581/s wakes=1301067 wakerate=404/s workers=24 refused=0 mismatch=0 stalled=0 drifted=0 crossings=142116 remote=930129 steals=2 deferred=0
soak-test: t=3257s beat=645 rounds=1024442686 rate=317733/s wakes=1303087 wakerate=404/s workers=24 refused=0 mismatch=0 stalled=0 drifted=0 crossings=142363 remote=931564 steals=2 deferred=0
soak-test: t=3262s beat=646 rounds=1026030658 rate=317594/s wakes=1305107 wakerate=404/s workers=24 refused=0 mismatch=0 stalled=0 drifted=0 crossings=142590 remote=933012 steals=2 deferred=0
soak-test: t=3267s beat=647 rounds=1027618638 rate=317596/s wakes=1307127 wakerate=404/s workers=24 refused=0 mismatch=0 stalled=0 drifted=0 crossings=142840 remote=934451 steals=2 deferred=0
soak-test: t=3272s beat=648 rounds=1029205907 rate=317453/s wakes=1309147 wakerate=404/s workers=24 refused=0 mismatch=0 stalled=0 drifted=0 crossings=143039 remote=935908 steals=2 deferred=0
soak-test: t=3277s beat=649 rounds=1030795100 rate=317838/s wakes=1311167 wakerate=404/s workers=24 refused=0 mismatch=0 stalled=0 drifted=0 crossings=143257 remote=937350 steals=2 deferred=0
soak-test: t=3282s beat=650 rounds=1032383190 rate=317618/s wakes=1313187 wakerate=404/s workers=24 refused=0 mismatch=0 stalled=0 drifted=0 crossings=143456 remote=938799 steals=2 deferred=0
soak-test: t=3287s beat=651 rounds=1033971367 rate=317635/s wakes=1315207 wakerate=404/s workers=24 refused=0 mismatch=0 stalled=0 drifted=0 crossings=143723 remote=940228 steals=2 deferred=0
soak-test: t=3292s beat=652 rounds=1035559127 rate=317552/s wakes=1317227 wakerate=404/s workers=24 refused=0 mismatch=0 stalled=0 drifted=0 crossings=143954 remote=941670 steals=2 deferred=0
soak-test: t=3297s beat=653 rounds=1037146589 rate=317492/s wakes=1319247 wakerate=404/s workers=24 refused=0 mismatch=0 stalled=0 drifted=0 crossings=144178 remote=943104 steals=2 deferred=0
soak-test: t=3302s beat=654 rounds=1038734252 rate=317532/s wakes=1321267 wakerate=404/s workers=24 refused=0 mismatch=0 stalled=0 drifted=0 crossings=144375 remote=944566 steals=2 deferred=0
soak-test: t=3307s beat=655 rounds=1040321750 rate=317499/s wakes=1323287 wakerate=404/s workers=24 refused=0 mismatch=0 stalled=0 drifted=0 crossings=144608 remote=946004 steals=2 deferred=0
soak-test: t=3312s beat=656 rounds=1041909018 rate=317453/s wakes=1325307 wakerate=404/s workers=24 refused=0 mismatch=0 stalled=0 drifted=0 crossings=144853 remote=947437 steals=2 deferred=0
soak-test: t=3317s beat=657 rounds=1043496889 rate=317574/s wakes=1327327 wakerate=404/s workers=24 refused=0 mismatch=0 stalled=0 drifted=0 crossings=145070 remote=948886 steals=2 deferred=0
soak-test: t=3322s beat=658 rounds=1045085359 rate=317694/s wakes=1329347 wakerate=404/s workers=24 refused=0 mismatch=0 stalled=0 drifted=0 crossings=145251 remote=950337 steals=2 deferred=0
soak-test: t=3327s beat=659 rounds=1046673247 rate=317577/s wakes=1331367 wakerate=404/s workers=24 refused=0 mismatch=0 stalled=0 drifted=0 crossings=145456 remote=951796 steals=2 deferred=0
soak-test: t=3333s beat=660 rounds=1048260526 rate=317455/s wakes=1333387 wakerate=404/s workers=24 refused=0 mismatch=0 stalled=0 drifted=0 crossings=145680 remote=953242 steals=2 deferred=0
soak-test: t=3338s beat=661 rounds=1049849584 rate=317811/s wakes=1335407 wakerate=404/s workers=24 refused=0 mismatch=0 stalled=0 drifted=0 crossings=145906 remote=954693 steals=2 deferred=0
soak-test: t=3343s beat=662 rounds=1051437185 rate=317520/s wakes=1337427 wakerate=404/s workers=24 refused=0 mismatch=0 stalled=0 drifted=0 crossings=146115 remote=956136 steals=2 deferred=0
soak-test: t=3348s beat=663 rounds=1053025102 rate=317583/s wakes=1339447 wakerate=404/s workers=24 refused=0 mismatch=0 stalled=0 drifted=0 crossings=146345 remote=957572 steals=2 deferred=0
soak-test: t=3353s beat=664 rounds=1054613691 rate=317717/s wakes=1341467 wakerate=404/s workers=24 refused=0 mismatch=0 stalled=0 drifted=0 crossings=146537 remote=959025 steals=2 deferred=0
soak-test: t=3358s beat=665 rounds=1056202868 rate=317835/s wakes=1343487 wakerate=404/s workers=24 refused=0 mismatch=0 stalled=0 drifted=0 crossings=146787 remote=960460 steals=2 deferred=0
soak-test: t=3363s beat=666 rounds=1057790995 rate=317625/s wakes=1345507 wakerate=404/s workers=24 refused=0 mismatch=0 stalled=0 drifted=0 crossings=147016 remote=961906 steals=2 deferred=0
soak-test: t=3368s beat=667 rounds=1059379197 rate=317640/s wakes=1347527 wakerate=404/s workers=24 refused=0 mismatch=0 stalled=0 drifted=0 crossings=147196 remote=963362 steals=2 deferred=0
soak-test: t=3373s beat=668 rounds=1060966997 rate=317560/s wakes=1349547 wakerate=404/s workers=24 refused=0 mismatch=0 stalled=0 drifted=0 crossings=147412 remote=964805 steals=2 deferred=0
soak-test: t=3378s beat=669 rounds=1062555333 rate=317667/s wakes=1351567 wakerate=404/s workers=24 refused=0 mismatch=0 stalled=0 drifted=0 crossings=147614 remote=966257 steals=2 deferred=0
soak-test: t=3383s beat=670 rounds=1064143030 rate=317539/s wakes=1353587 wakerate=404/s workers=24 refused=0 mismatch=0 stalled=0 drifted=0 crossings=147814 remote=967711 steals=2 deferred=0
soak-test: t=3388s beat=671 rounds=1065730050 rate=317404/s wakes=1355607 wakerate=404/s workers=24 refused=0 mismatch=0 stalled=0 drifted=0 crossings=148045 remote=969152 steals=2 deferred=0
soak-test: t=3393s beat=672 rounds=1067318211 rate=317632/s wakes=1357627 wakerate=404/s workers=24 refused=0 mismatch=0 stalled=0 drifted=0 crossings=148244 remote=970611 steals=2 deferred=0
soak-test: t=3398s beat=673 rounds=1068906665 rate=317690/s wakes=1359647 wakerate=404/s workers=24 refused=0 mismatch=0 stalled=0 drifted=0 crossings=148466 remote=972053 steals=2 deferred=0
soak-test: t=3403s beat=674 rounds=1070494607 rate=317588/s wakes=1361667 wakerate=404/s workers=24 refused=0 mismatch=0 stalled=0 drifted=0 crossings=148658 remote=973500 steals=2 deferred=0
soak-test: t=3408s beat=675 rounds=1072082918 rate=317662/s wakes=1363687 wakerate=404/s workers=24 refused=0 mismatch=0 stalled=0 drifted=0 crossings=148915 remote=974931 steals=2 deferred=0
soak-test: t=3413s beat=676 rounds=1073671684 rate=317753/s wakes=1365707 wakerate=404/s workers=24 refused=0 mismatch=0 stalled=0 drifted=0 crossings=149140 remote=976372 steals=2 deferred=0
soak-test: t=3418s beat=677 rounds=1075260278 rate=317718/s wakes=1367727 wakerate=404/s workers=24 refused=0 mismatch=0 stalled=0 drifted=0 crossings=149406 remote=977791 steals=2 deferred=0
soak-test: t=3423s beat=678 rounds=1076848053 rate=317555/s wakes=1369747 wakerate=404/s workers=24 refused=0 mismatch=0 stalled=0 drifted=0 crossings=149642 remote=979230 steals=2 deferred=0
soak-test: t=3428s beat=679 rounds=1078435988 rate=317587/s wakes=1371767 wakerate=404/s workers=24 refused=0 mismatch=0 stalled=0 drifted=0 crossings=149904 remote=980647 steals=2 deferred=0
soak-test: t=3434s beat=680 rounds=1080024543 rate=317711/s wakes=1373787 wakerate=404/s workers=24 refused=0 mismatch=0 stalled=0 drifted=0 crossings=150153 remote=982082 steals=2 deferred=0
soak-test: t=3439s beat=681 rounds=1081612323 rate=317556/s wakes=1375807 wakerate=404/s workers=24 refused=0 mismatch=0 stalled=0 drifted=0 crossings=150374 remote=983522 steals=2 deferred=0
soak-test: t=3444s beat=682 rounds=1083199842 rate=317503/s wakes=1377827 wakerate=404/s workers=24 refused=0 mismatch=0 stalled=0 drifted=0 crossings=150624 remote=984951 steals=2 deferred=0
soak-test: t=3449s beat=683 rounds=1084788268 rate=317685/s wakes=1379847 wakerate=404/s workers=24 refused=0 mismatch=0 stalled=0 drifted=0 crossings=150878 remote=986382 steals=2 deferred=0
soak-test: t=3454s beat=684 rounds=1086375688 rate=317484/s wakes=1381867 wakerate=404/s workers=24 refused=0 mismatch=0 stalled=0 drifted=0 crossings=151093 remote=987826 steals=2 deferred=0
soak-test: t=3459s beat=685 rounds=1087963611 rate=317584/s wakes=1383887 wakerate=404/s workers=24 refused=0 mismatch=0 stalled=0 drifted=0 crossings=151293 remote=989284 steals=2 deferred=0
soak-test: t=3464s beat=686 rounds=1089551549 rate=317587/s wakes=1385907 wakerate=404/s workers=24 refused=0 mismatch=0 stalled=0 drifted=0 crossings=151552 remote=990711 steals=2 deferred=0
soak-test: t=3469s beat=687 rounds=1091139957 rate=317681/s wakes=1387927 wakerate=404/s workers=24 refused=0 mismatch=0 stalled=0 drifted=0 crossings=151796 remote=992144 steals=2 deferred=0
soak-test: t=3474s beat=688 rounds=1092727008 rate=317410/s wakes=1389947 wakerate=404/s workers=24 refused=0 mismatch=0 stalled=0 drifted=0 crossings=152054 remote=993584 steals=2 deferred=0
soak-test: t=3479s beat=689 rounds=1094315156 rate=317629/s wakes=1391967 wakerate=404/s workers=24 refused=0 mismatch=0 stalled=0 drifted=0 crossings=152267 remote=995038 steals=2 deferred=0
soak-test: t=3484s beat=690 rounds=1095902788 rate=317526/s wakes=1393987 wakerate=404/s workers=24 refused=0 mismatch=0 stalled=0 drifted=0 crossings=152487 remote=996485 steals=2 deferred=0
soak-test: t=3489s beat=691 rounds=1097491237 rate=317689/s wakes=1396007 wakerate=404/s workers=24 refused=0 mismatch=0 stalled=0 drifted=0 crossings=152722 remote=997928 steals=2 deferred=0
soak-test: t=3494s beat=692 rounds=1099079169 rate=317586/s wakes=1398027 wakerate=404/s workers=24 refused=0 mismatch=0 stalled=0 drifted=0 crossings=152952 remote=999375 steals=2 deferred=0
soak-test: t=3499s beat=693 rounds=1100668006 rate=317767/s wakes=1400047 wakerate=404/s workers=24 refused=0 mismatch=0 stalled=0 drifted=0 crossings=153177 remote=1000819 steals=2 deferred=0
soak-test: t=3504s beat=694 rounds=1102256077 rate=317614/s wakes=1402067 wakerate=404/s workers=24 refused=0 mismatch=0 stalled=0 drifted=0 crossings=153402 remote=1002264 steals=2 deferred=0
soak-test: t=3509s beat=695 rounds=1103844233 rate=317631/s wakes=1404087 wakerate=404/s workers=24 refused=0 mismatch=0 stalled=0 drifted=0 crossings=153628 remote=1003715 steals=2 deferred=0
soak-test: t=3514s beat=696 rounds=1105431008 rate=317355/s wakes=1406107 wakerate=404/s workers=24 refused=0 mismatch=0 stalled=0 drifted=0 crossings=153863 remote=1005154 steals=2 deferred=0
soak-test: t=3519s beat=697 rounds=1107019217 rate=317641/s wakes=1408127 wakerate=404/s workers=24 refused=0 mismatch=0 stalled=0 drifted=0 crossings=154068 remote=1006591 steals=2 deferred=0
soak-test: t=3524s beat=698 rounds=1108607324 rate=317621/s wakes=1410147 wakerate=404/s workers=24 refused=0 mismatch=0 stalled=0 drifted=0 crossings=154295 remote=1008034 steals=2 deferred=0
soak-test: t=3529s beat=699 rounds=1110196534 rate=317842/s wakes=1412167 wakerate=404/s workers=24 refused=0 mismatch=0 stalled=0 drifted=0 crossings=154544 remote=1009476 steals=2 deferred=0
soak-test: t=3535s beat=700 rounds=1111784822 rate=317657/s wakes=1414187 wakerate=404/s workers=24 refused=0 mismatch=0 stalled=0 drifted=0 crossings=154767 remote=1010915 steals=2 deferred=0
soak-test: t=3540s beat=701 rounds=1113372746 rate=317584/s wakes=1416207 wakerate=404/s workers=24 refused=0 mismatch=0 stalled=0 drifted=0 crossings=155013 remote=1012350 steals=2 deferred=0
soak-test: t=3545s beat=702 rounds=1114960876 rate=317626/s wakes=1418227 wakerate=404/s workers=24 refused=0 mismatch=0 stalled=0 drifted=0 crossings=155221 remote=1013800 steals=2 deferred=0
soak-test: t=3550s beat=703 rounds=1116549319 rate=317688/s wakes=1420247 wakerate=404/s workers=24 refused=0 mismatch=0 stalled=0 drifted=0 crossings=155441 remote=1015252 steals=2 deferred=0
soak-test: t=3555s beat=704 rounds=1118136994 rate=317535/s wakes=1422267 wakerate=404/s workers=24 refused=0 mismatch=0 stalled=0 drifted=0 crossings=155675 remote=1016689 steals=2 deferred=0
soak-test: t=3560s beat=705 rounds=1119725548 rate=317710/s wakes=1424287 wakerate=404/s workers=24 refused=0 mismatch=0 stalled=0 drifted=0 crossings=155875 remote=1018135 steals=2 deferred=0
soak-test: t=3565s beat=706 rounds=1121314067 rate=317703/s wakes=1426307 wakerate=404/s workers=24 refused=0 mismatch=0 stalled=0 drifted=0 crossings=156104 remote=1019571 steals=2 deferred=0
soak-test: t=3570s beat=707 rounds=1122902271 rate=317640/s wakes=1428327 wakerate=404/s workers=24 refused=0 mismatch=0 stalled=0 drifted=0 crossings=156313 remote=1021024 steals=2 deferred=0
soak-test: t=3575s beat=708 rounds=1124490165 rate=317578/s wakes=1430347 wakerate=404/s workers=24 refused=0 mismatch=0 stalled=0 drifted=0 crossings=156522 remote=1022473 steals=2 deferred=0
soak-test: t=3580s beat=709 rounds=1126077904 rate=317547/s wakes=1432367 wakerate=404/s workers=24 refused=0 mismatch=0 stalled=0 drifted=0 crossings=156728 remote=1023928 steals=2 deferred=0
soak-test: t=3585s beat=710 rounds=1127666483 rate=317715/s wakes=1434387 wakerate=404/s workers=24 refused=0 mismatch=0 stalled=0 drifted=0 crossings=156928 remote=1025370 steals=2 deferred=0
soak-test: t=3590s beat=711 rounds=1129255144 rate=317732/s wakes=1436407 wakerate=404/s workers=24 refused=0 mismatch=0 stalled=0 drifted=0 crossings=157174 remote=1026797 steals=2 deferred=0
soak-test: t=3595s beat=712 rounds=1130844144 rate=317800/s wakes=1438427 wakerate=404/s workers=24 refused=0 mismatch=0 stalled=0 drifted=0 crossings=157404 remote=1028231 steals=2 deferred=0
soak-test: t=3600s beat=713 rounds=1132432528 rate=317676/s wakes=1440447 wakerate=404/s workers=24 refused=0 mismatch=0 stalled=0 drifted=0 crossings=157597 remote=1029681 steals=2 deferred=0
soak-test: t=3605s beat=714 rounds=1134020959 rate=317686/s wakes=1442467 wakerate=404/s workers=24 refused=0 mismatch=0 stalled=0 drifted=0 crossings=157837 remote=1031122 steals=2 deferred=0
soak-test: t=3610s beat=715 rounds=1135609256 rate=317659/s wakes=1444487 wakerate=404/s workers=24 refused=0 mismatch=0 stalled=0 drifted=0 crossings=158064 remote=1032557 steals=2 deferred=0
soak-test: t=3615s beat=716 rounds=1137196969 rate=317542/s wakes=1446507 wakerate=404/s workers=24 refused=0 mismatch=0 stalled=0 drifted=0 crossings=158288 remote=1033994 steals=2 deferred=0
soak-test: t=3620s beat=717 rounds=1138784741 rate=317554/s wakes=1448527 wakerate=404/s workers=24 refused=0 mismatch=0 stalled=0 drifted=0 crossings=158462 remote=1035459 steals=2 deferred=0
soak-test: t=3625s beat=718 rounds=1140372939 rate=317639/s wakes=1450547 wakerate=404/s workers=24 refused=0 mismatch=0 stalled=0 drifted=0 crossings=158695 remote=1036893 steals=2 deferred=0
soak-test: t=3630s beat=719 rounds=1141961331 rate=317678/s wakes=1452567 wakerate=404/s workers=24 refused=0 mismatch=0 stalled=0 drifted=0 crossings=158895 remote=1038339 steals=2 deferred=0
soak-test: t=3636s beat=720 rounds=1143549616 rate=317657/s wakes=1454587 wakerate=404/s workers=24 refused=0 mismatch=0 stalled=0 drifted=0 crossings=159138 remote=1039773 steals=2 deferred=0
soak-test: t=3641s beat=721 rounds=1145137639 rate=317604/s wakes=1456607 wakerate=404/s workers=24 refused=0 mismatch=0 stalled=0 drifted=0 crossings=159336 remote=1041226 steals=2 deferred=0
soak-test: t=3646s beat=722 rounds=1146725739 rate=317620/s wakes=1458627 wakerate=404/s workers=24 refused=0 mismatch=0 stalled=0 drifted=0 crossings=159536 remote=1042678 steals=2 deferred=0
soak-test: t=3651s beat=723 rounds=1148314047 rate=317661/s wakes=1460647 wakerate=404/s workers=24 refused=0 mismatch=0 stalled=0 drifted=0 crossings=159776 remote=1044120 steals=2 deferred=0
soak-test: t=3656s beat=724 rounds=1149902214 rate=317633/s wakes=1462667 wakerate=404/s workers=24 refused=0 mismatch=0 stalled=0 drifted=0 crossings=160010 remote=1045558 steals=2 deferred=0
soak-test: t=3661s beat=725 rounds=1151490239 rate=317605/s wakes=1464687 wakerate=404/s workers=24 refused=0 mismatch=0 stalled=0 drifted=0 crossings=160241 remote=1046998 steals=2 deferred=0
soak-test: t=3666s beat=726 rounds=1153078786 rate=317709/s wakes=1466707 wakerate=404/s workers=24 refused=0 mismatch=0 stalled=0 drifted=0 crossings=160462 remote=1048438 steals=2 deferred=0
soak-test: t=3671s beat=727 rounds=1154667147 rate=317672/s wakes=1468727 wakerate=404/s workers=24 refused=0 mismatch=0 stalled=0 drifted=0 crossings=160656 remote=1049888 steals=2 deferred=0
soak-test: t=3676s beat=728 rounds=1156254764 rate=317523/s wakes=1470747 wakerate=404/s workers=24 refused=0 mismatch=0 stalled=0 drifted=0 crossings=160892 remote=1051330 steals=2 deferred=0
soak-test: t=3681s beat=729 rounds=1157843273 rate=317701/s wakes=1472767 wakerate=404/s workers=24 refused=0 mismatch=0 stalled=0 drifted=0 crossings=161116 remote=1052775 steals=2 deferred=0
soak-test: t=3686s beat=730 rounds=1159431376 rate=317620/s wakes=1474787 wakerate=404/s workers=24 refused=0 mismatch=0 stalled=0 drifted=0 crossings=161331 remote=1054214 steals=2 deferred=0
soak-test: t=3691s beat=731 rounds=1161018524 rate=317429/s wakes=1476807 wakerate=404/s workers=24 refused=0 mismatch=0 stalled=0 drifted=0 crossings=161556 remote=1055655 steals=2 deferred=0
soak-test: t=3696s beat=732 rounds=1162606781 rate=317651/s wakes=1478827 wakerate=404/s workers=24 refused=0 mismatch=0 stalled=0 drifted=0 crossings=161774 remote=1057093 steals=2 deferred=0
soak-test: t=3701s beat=733 rounds=1164194485 rate=317540/s wakes=1480847 wakerate=404/s workers=24 refused=0 mismatch=0 stalled=0 drifted=0 crossings=161968 remote=1058543 steals=2 deferred=0
soak-test: t=3706s beat=734 rounds=1165781746 rate=317452/s wakes=1482867 wakerate=404/s workers=24 refused=0 mismatch=0 stalled=0 drifted=0 crossings=162189 remote=1059991 steals=2 deferred=0
soak-test: t=3711s beat=735 rounds=1167369948 rate=317640/s wakes=1484887 wakerate=404/s workers=24 refused=0 mismatch=0 stalled=0 drifted=0 crossings=162418 remote=1061436 steals=2 deferred=0
soak-test: t=3716s beat=736 rounds=1168958206 rate=317651/s wakes=1486907 wakerate=404/s workers=24 refused=0 mismatch=0 stalled=0 drifted=0 crossings=162640 remote=1062878 steals=2 deferred=0
soak-test: t=3721s beat=737 rounds=1170546585 rate=317675/s wakes=1488927 wakerate=404/s workers=24 refused=0 mismatch=0 stalled=0 drifted=0 crossings=162863 remote=1064323 steals=2 deferred=0
soak-test: t=3726s beat=738 rounds=1172134999 rate=317682/s wakes=1490947 wakerate=404/s workers=24 refused=0 mismatch=0 stalled=0 drifted=0 crossings=163109 remote=1065762 steals=2 deferred=0
soak-test: t=3731s beat=739 rounds=1173722289 rate=317458/s wakes=1492967 wakerate=404/s workers=24 refused=0 mismatch=0 stalled=0 drifted=0 crossings=163332 remote=1067195 steals=2 deferred=0
soak-test: t=3737s beat=740 rounds=1175310574 rate=317657/s wakes=1494987 wakerate=404/s workers=24 refused=0 mismatch=0 stalled=0 drifted=0 crossings=163553 remote=1068636 steals=2 deferred=0
soak-test: t=3742s beat=741 rounds=1176897668 rate=317418/s wakes=1497007 wakerate=404/s workers=24 refused=0 mismatch=0 stalled=0 drifted=0 crossings=163792 remote=1070080 steals=2 deferred=0
soak-test: t=3747s beat=742 rounds=1178485388 rate=317544/s wakes=1499027 wakerate=404/s workers=24 refused=0 mismatch=0 stalled=0 drifted=0 crossings=164021 remote=1071528 steals=2 deferred=0
soak-test: t=3752s beat=743 rounds=1180073446 rate=317611/s wakes=1501047 wakerate=404/s workers=24 refused=0 mismatch=0 stalled=0 drifted=0 crossings=164237 remote=1072978 steals=2 deferred=0
soak-test: t=3757s beat=744 rounds=1181661923 rate=317695/s wakes=1503067 wakerate=404/s workers=24 refused=0 mismatch=0 stalled=0 drifted=0 crossings=164467 remote=1074429 steals=2 deferred=0
soak-test: t=3762s beat=745 rounds=1183250266 rate=317668/s wakes=1505087 wakerate=404/s workers=24 refused=0 mismatch=0 stalled=0 drifted=0 crossings=164647 remote=1075885 steals=2 deferred=0
soak-test: t=3767s beat=746 rounds=1184837261 rate=317399/s wakes=1507107 wakerate=404/s workers=24 refused=0 mismatch=0 stalled=0 drifted=0 crossings=164896 remote=1077333 steals=2 deferred=0
soak-test: t=3772s beat=747 rounds=1186425059 rate=317559/s wakes=1509127 wakerate=404/s workers=24 refused=0 mismatch=0 stalled=0 drifted=0 crossings=165097 remote=1078779 steals=2 deferred=0
soak-test: t=3777s beat=748 rounds=1188012788 rate=317545/s wakes=1511147 wakerate=404/s workers=24 refused=0 mismatch=0 stalled=0 drifted=0 crossings=165334 remote=1080213 steals=2 deferred=0
soak-test: t=3782s beat=749 rounds=1189601315 rate=317705/s wakes=1513167 wakerate=404/s workers=24 refused=0 mismatch=0 stalled=0 drifted=0 crossings=165540 remote=1081666 steals=2 deferred=0
soak-test: t=3787s beat=750 rounds=1191188750 rate=317487/s wakes=1515187 wakerate=404/s workers=24 refused=0 mismatch=0 stalled=0 drifted=0 crossings=165722 remote=1083125 steals=2 deferred=0
soak-test: t=3792s beat=751 rounds=1192776859 rate=317621/s wakes=1517207 wakerate=404/s workers=24 refused=0 mismatch=0 stalled=0 drifted=0 crossings=165940 remote=1084581 steals=2 deferred=0
soak-test: t=3797s beat=752 rounds=1194365092 rate=317646/s wakes=1519227 wakerate=404/s workers=24 refused=0 mismatch=0 stalled=0 drifted=0 crossings=166145 remote=1086028 steals=2 deferred=0
soak-test: t=3802s beat=753 rounds=1195953052 rate=317592/s wakes=1521247 wakerate=404/s workers=24 refused=0 mismatch=0 stalled=0 drifted=0 crossings=166357 remote=1087482 steals=2 deferred=0
soak-test: t=3807s beat=754 rounds=1197540452 rate=317480/s wakes=1523267 wakerate=404/s workers=24 refused=0 mismatch=0 stalled=0 drifted=0 crossings=166571 remote=1088919 steals=2 deferred=0
soak-test: t=3812s beat=755 rounds=1199128576 rate=317624/s wakes=1525287 wakerate=404/s workers=24 refused=0 mismatch=0 stalled=0 drifted=0 crossings=166790 remote=1090365 steals=2 deferred=0
soak-test: t=3817s beat=756 rounds=1200716529 rate=317590/s wakes=1527307 wakerate=404/s workers=24 refused=0 mismatch=0 stalled=0 drifted=0 crossings=167036 remote=1091793 steals=2 deferred=0
soak-test: t=3822s beat=757 rounds=1202304568 rate=317607/s wakes=1529327 wakerate=404/s workers=24 refused=0 mismatch=0 stalled=0 drifted=0 crossings=167278 remote=1093229 steals=2 deferred=0
soak-test: t=3827s beat=758 rounds=1203892333 rate=317553/s wakes=1531347 wakerate=404/s workers=24 refused=0 mismatch=0 stalled=0 drifted=0 crossings=167502 remote=1094684 steals=2 deferred=0
soak-test: t=3832s beat=759 rounds=1205479883 rate=317510/s wakes=1533367 wakerate=404/s workers=24 refused=0 mismatch=0 stalled=0 drifted=0 crossings=167729 remote=1096131 steals=2 deferred=0
soak-test: t=3838s beat=760 rounds=1207067632 rate=317549/s wakes=1535387 wakerate=404/s workers=24 refused=0 mismatch=0 stalled=0 drifted=0 crossings=167959 remote=1097570 steals=2 deferred=0
soak-test: t=3843s beat=761 rounds=1208656096 rate=317692/s wakes=1537407 wakerate=404/s workers=24 refused=0 mismatch=0 stalled=0 drifted=0 crossings=168179 remote=1099011 steals=2 deferred=0
soak-test: t=3848s beat=762 rounds=1210243534 rate=317487/s wakes=1539427 wakerate=404/s workers=24 refused=0 mismatch=0 stalled=0 drifted=0 crossings=168417 remote=1100452 steals=2 deferred=0
soak-test: t=3853s beat=763 rounds=1211831796 rate=317652/s wakes=1541447 wakerate=404/s workers=24 refused=0 mismatch=0 stalled=0 drifted=0 crossings=168633 remote=1101903 steals=2 deferred=0
soak-test: t=3858s beat=764 rounds=1213419920 rate=317624/s wakes=1543467 wakerate=404/s workers=24 refused=0 mismatch=0 stalled=0 drifted=0 crossings=168865 remote=1103351 steals=2 deferred=0
soak-test: t=3863s beat=765 rounds=1215007659 rate=317547/s wakes=1545487 wakerate=404/s workers=24 refused=0 mismatch=0 stalled=0 drifted=0 crossings=169071 remote=1104797 steals=2 deferred=0
soak-test: t=3868s beat=766 rounds=1216596236 rate=317715/s wakes=1547507 wakerate=404/s workers=24 refused=0 mismatch=0 stalled=0 drifted=0 crossings=169282 remote=1106234 steals=2 deferred=0
soak-test: t=3873s beat=767 rounds=1218184551 rate=317663/s wakes=1549527 wakerate=404/s workers=24 refused=0 mismatch=0 stalled=0 drifted=0 crossings=169496 remote=1107679 steals=2 deferred=0
soak-test: t=3878s beat=768 rounds=1219772214 rate=317532/s wakes=1551547 wakerate=404/s workers=24 refused=0 mismatch=0 stalled=0 drifted=0 crossings=169735 remote=1109123 steals=2 deferred=0
soak-test: t=3883s beat=769 rounds=1221360367 rate=317630/s wakes=1553567 wakerate=404/s workers=24 refused=0 mismatch=0 stalled=0 drifted=0 crossings=169960 remote=1110559 steals=2 deferred=0
soak-test: t=3888s beat=770 rounds=1222949074 rate=317741/s wakes=1555587 wakerate=404/s workers=24 refused=0 mismatch=0 stalled=0 drifted=0 crossings=170199 remote=1112002 steals=2 deferred=0
soak-test: t=3893s beat=771 rounds=1224537235 rate=317632/s wakes=1557607 wakerate=404/s workers=24 refused=0 mismatch=0 stalled=0 drifted=0 crossings=170424 remote=1113445 steals=2 deferred=0
soak-test: t=3898s beat=772 rounds=1226124923 rate=317537/s wakes=1559627 wakerate=404/s workers=24 refused=0 mismatch=0 stalled=0 drifted=0 crossings=170625 remote=1114890 steals=2 deferred=0
soak-test: t=3903s beat=773 rounds=1227712936 rate=317602/s wakes=1561647 wakerate=404/s workers=24 refused=0 mismatch=0 stalled=0 drifted=0 crossings=170847 remote=1116333 steals=2 deferred=0
soak-test: t=3908s beat=774 rounds=1229301129 rate=317638/s wakes=1563667 wakerate=404/s workers=24 refused=0 mismatch=0 stalled=0 drifted=0 crossings=171072 remote=1117772 steals=2 deferred=0
soak-test: t=3913s beat=775 rounds=1230889401 rate=317654/s wakes=1565687 wakerate=404/s workers=24 refused=0 mismatch=0 stalled=0 drifted=0 crossings=171309 remote=1119216 steals=2 deferred=0
soak-test: t=3918s beat=776 rounds=1232476941 rate=317508/s wakes=1567707 wakerate=404/s workers=24 refused=0 mismatch=0 stalled=0 drifted=0 crossings=171540 remote=1120658 steals=2 deferred=0
soak-test: t=3923s beat=777 rounds=1234064049 rate=317421/s wakes=1569727 wakerate=404/s workers=24 refused=0 mismatch=0 stalled=0 drifted=0 crossings=171767 remote=1122097 steals=2 deferred=0
soak-test: t=3928s beat=778 rounds=1235651694 rate=317529/s wakes=1571747 wakerate=404/s workers=24 refused=0 mismatch=0 stalled=0 drifted=0 crossings=172013 remote=1123532 steals=2 deferred=0
soak-test: t=3933s beat=779 rounds=1237239928 rate=317646/s wakes=1573767 wakerate=404/s workers=24 refused=0 mismatch=0 stalled=0 drifted=0 crossings=172245 remote=1124985 steals=2 deferred=0
soak-test: t=3939s beat=780 rounds=1238826660 rate=317346/s wakes=1575787 wakerate=404/s workers=24 refused=0 mismatch=0 stalled=0 drifted=0 crossings=172463 remote=1126417 steals=2 deferred=0
soak-test: t=3944s beat=781 rounds=1240414461 rate=317560/s wakes=1577807 wakerate=404/s workers=24 refused=0 mismatch=0 stalled=0 drifted=0 crossings=172704 remote=1127862 steals=2 deferred=0
soak-test: t=3949s beat=782 rounds=1242002532 rate=317614/s wakes=1579827 wakerate=404/s workers=24 refused=0 mismatch=0 stalled=0 drifted=0 crossings=172940 remote=1129297 steals=2 deferred=0
soak-test: t=3954s beat=783 rounds=1243590160 rate=317525/s wakes=1581847 wakerate=404/s workers=24 refused=0 mismatch=0 stalled=0 drifted=0 crossings=173174 remote=1130730 steals=2 deferred=0
soak-test: t=3959s beat=784 rounds=1245178961 rate=317760/s wakes=1583867 wakerate=404/s workers=24 refused=0 mismatch=0 stalled=0 drifted=0 crossings=173365 remote=1132185 steals=2 deferred=0
soak-test: t=3964s beat=785 rounds=1246767143 rate=317636/s wakes=1585887 wakerate=404/s workers=24 refused=0 mismatch=0 stalled=0 drifted=0 crossings=173576 remote=1133632 steals=2 deferred=0
soak-test: t=3969s beat=786 rounds=1248354923 rate=317556/s wakes=1587907 wakerate=404/s workers=24 refused=0 mismatch=0 stalled=0 drifted=0 crossings=173800 remote=1135080 steals=2 deferred=0
soak-test: t=3974s beat=787 rounds=1249943671 rate=317749/s wakes=1589927 wakerate=404/s workers=24 refused=0 mismatch=0 stalled=0 drifted=0 crossings=174013 remote=1136531 steals=2 deferred=0
soak-test: t=3979s beat=788 rounds=1251531790 rate=317623/s wakes=1591947 wakerate=404/s workers=24 refused=0 mismatch=0 stalled=0 drifted=0 crossings=174262 remote=1137959 steals=2 deferred=0
soak-test: t=3984s beat=789 rounds=1253119553 rate=317552/s wakes=1593967 wakerate=404/s workers=24 refused=0 mismatch=0 stalled=0 drifted=0 crossings=174491 remote=1139407 steals=2 deferred=0
soak-test: t=3989s beat=790 rounds=1254707343 rate=317558/s wakes=1595987 wakerate=404/s workers=24 refused=0 mismatch=0 stalled=0 drifted=0 crossings=174732 remote=1140846 steals=2 deferred=0
soak-test: t=3994s beat=791 rounds=1256294697 rate=317470/s wakes=1598007 wakerate=404/s workers=24 refused=0 mismatch=0 stalled=0 drifted=0 crossings=174938 remote=1142293 steals=2 deferred=0
soak-test: t=3999s beat=792 rounds=1257882304 rate=317521/s wakes=1600027 wakerate=404/s workers=24 refused=0 mismatch=0 stalled=0 drifted=0 crossings=175160 remote=1143735 steals=2 deferred=0
soak-test: t=4004s beat=793 rounds=1259469561 rate=317451/s wakes=1602047 wakerate=404/s workers=24 refused=0 mismatch=0 stalled=0 drifted=0 crossings=175377 remote=1145187 steals=2 deferred=0
soak-test: t=4009s beat=794 rounds=1261057084 rate=317504/s wakes=1604067 wakerate=404/s workers=24 refused=0 mismatch=0 stalled=0 drifted=0 crossings=175602 remote=1146633 steals=2 deferred=0
soak-test: t=4014s beat=795 rounds=1262644867 rate=317556/s wakes=1606087 wakerate=404/s workers=24 refused=0 mismatch=0 stalled=0 drifted=0 crossings=175832 remote=1148072 steals=2 deferred=0
soak-test: t=4019s beat=796 rounds=1264233082 rate=317643/s wakes=1608107 wakerate=404/s workers=24 refused=0 mismatch=0 stalled=0 drifted=0 crossings=176046 remote=1149519 steals=2 deferred=0
soak-test: t=4024s beat=797 rounds=1265821095 rate=317602/s wakes=1610127 wakerate=404/s workers=24 refused=0 mismatch=0 stalled=0 drifted=0 crossings=176304 remote=1150942 steals=2 deferred=0
soak-test: t=4029s beat=798 rounds=1267409123 rate=317605/s wakes=1612147 wakerate=404/s workers=24 refused=0 mismatch=0 stalled=0 drifted=0 crossings=176517 remote=1152388 steals=2 deferred=0
soak-test: t=4034s beat=799 rounds=1268996892 rate=317553/s wakes=1614167 wakerate=404/s workers=24 refused=0 mismatch=0 stalled=0 drifted=0 crossings=176758 remote=1153829 steals=2 deferred=0
soak-test: t=4040s beat=800 rounds=1270585415 rate=317704/s wakes=1616187 wakerate=404/s workers=24 refused=0 mismatch=0 stalled=0 drifted=0 crossings=176980 remote=1155281 steals=2 deferred=0
soak-test: t=4045s beat=801 rounds=1272173199 rate=317556/s wakes=1618207 wakerate=404/s workers=24 refused=0 mismatch=0 stalled=0 drifted=0 crossings=177212 remote=1156715 steals=2 deferred=0
soak-test: t=4050s beat=802 rounds=1273761161 rate=317592/s wakes=1620227 wakerate=404/s workers=24 refused=0 mismatch=0 stalled=0 drifted=0 crossings=177458 remote=1158150 steals=2 deferred=0
soak-test: t=4055s beat=803 rounds=1275350294 rate=317826/s wakes=1622247 wakerate=404/s workers=24 refused=0 mismatch=0 stalled=0 drifted=0 crossings=177670 remote=1159591 steals=2 deferred=0
soak-test: t=4060s beat=804 rounds=1276938155 rate=317572/s wakes=1624267 wakerate=404/s workers=24 refused=0 mismatch=0 stalled=0 drifted=0 crossings=177910 remote=1161020 steals=2 deferred=0
soak-test: t=4065s beat=805 rounds=1278525447 rate=317458/s wakes=1626287 wakerate=404/s workers=24 refused=0 mismatch=0 stalled=0 drifted=0 crossings=178137 remote=1162470 steals=2 deferred=0
soak-test: t=4070s beat=806 rounds=1280113710 rate=317652/s wakes=1628307 wakerate=404/s workers=24 refused=0 mismatch=0 stalled=0 drifted=0 crossings=178340 remote=1163910 steals=2 deferred=0
soak-test: t=4075s beat=807 rounds=1281701143 rate=317486/s wakes=1630327 wakerate=404/s workers=24 refused=0 mismatch=0 stalled=0 drifted=0 crossings=178548 remote=1165361 steals=2 deferred=0
soak-test: t=4080s beat=808 rounds=1283289179 rate=317607/s wakes=1632347 wakerate=404/s workers=24 refused=0 mismatch=0 stalled=0 drifted=0 crossings=178753 remote=1166822 steals=2 deferred=0
soak-test: t=4085s beat=809 rounds=1284876749 rate=317514/s wakes=1634367 wakerate=404/s workers=24 refused=0 mismatch=0 stalled=0 drifted=0 crossings=178951 remote=1168281 steals=2 deferred=0
soak-test: t=4090s beat=810 rounds=1286464375 rate=317525/s wakes=1636387 wakerate=404/s workers=24 refused=0 mismatch=0 stalled=0 drifted=0 crossings=179147 remote=1169735 steals=2 deferred=0
soak-test: t=4095s beat=811 rounds=1288052276 rate=317580/s wakes=1638407 wakerate=404/s workers=24 refused=0 mismatch=0 stalled=0 drifted=0 crossings=179386 remote=1171186 steals=2 deferred=0
soak-test: t=4100s beat=812 rounds=1289640836 rate=317712/s wakes=1640427 wakerate=404/s workers=24 refused=0 mismatch=0 stalled=0 drifted=0 crossings=179619 remote=1172626 steals=2 deferred=0
soak-test: t=4105s beat=813 rounds=1291228319 rate=317496/s wakes=1642447 wakerate=404/s workers=24 refused=0 mismatch=0 stalled=0 drifted=0 crossings=179847 remote=1174065 steals=2 deferred=0
soak-test: t=4110s beat=814 rounds=1292816004 rate=317537/s wakes=1644467 wakerate=404/s workers=24 refused=0 mismatch=0 stalled=0 drifted=0 crossings=180037 remote=1175524 steals=2 deferred=0
soak-test: t=4115s beat=815 rounds=1294404280 rate=317655/s wakes=1646487 wakerate=404/s workers=24 refused=0 mismatch=0 stalled=0 drifted=0 crossings=180264 remote=1176965 steals=2 deferred=0
soak-test: t=4120s beat=816 rounds=1295992278 rate=317599/s wakes=1648507 wakerate=404/s workers=24 refused=0 mismatch=0 stalled=0 drifted=0 crossings=180438 remote=1178419 steals=2 deferred=0
soak-test: t=4125s beat=817 rounds=1297580275 rate=317599/s wakes=1650527 wakerate=404/s workers=24 refused=0 mismatch=0 stalled=0 drifted=0 crossings=180651 remote=1179862 steals=2 deferred=0
soak-test: t=4130s beat=818 rounds=1299168459 rate=317636/s wakes=1652547 wakerate=404/s workers=24 refused=0 mismatch=0 stalled=0 drifted=0 crossings=180896 remote=1181299 steals=2 deferred=0
soak-test: t=4135s beat=819 rounds=1300756855 rate=317679/s wakes=1654567 wakerate=404/s workers=24 refused=0 mismatch=0 stalled=0 drifted=0 crossings=181122 remote=1182744 steals=2 deferred=0
soak-test: t=4141s beat=820 rounds=1302345012 rate=317631/s wakes=1656587 wakerate=404/s workers=24 refused=0 mismatch=0 stalled=0 drifted=0 crossings=181354 remote=1184174 steals=2 deferred=0
soak-test: t=4146s beat=821 rounds=1303932718 rate=317541/s wakes=1658607 wakerate=404/s workers=24 refused=0 mismatch=0 stalled=0 drifted=0 crossings=181576 remote=1185615 steals=2 deferred=0
soak-test: t=4151s beat=822 rounds=1305520529 rate=317562/s wakes=1660627 wakerate=404/s workers=24 refused=0 mismatch=0 stalled=0 drifted=0 crossings=181810 remote=1187054 steals=2 deferred=0
soak-test: t=4156s beat=823 rounds=1307108819 rate=317658/s wakes=1662647 wakerate=404/s workers=24 refused=0 mismatch=0 stalled=0 drifted=0 crossings=182016 remote=1188507 steals=2 deferred=0
soak-test: t=4161s beat=824 rounds=1308697181 rate=317672/s wakes=1664667 wakerate=404/s workers=24 refused=0 mismatch=0 stalled=0 drifted=0 crossings=182239 remote=1189950 steals=2 deferred=0
soak-test: t=4166s beat=825 rounds=1310285077 rate=317579/s wakes=1666687 wakerate=404/s workers=24 refused=0 mismatch=0 stalled=0 drifted=0 crossings=182462 remote=1191398 steals=2 deferred=0
soak-test: t=4171s beat=826 rounds=1311872965 rate=317577/s wakes=1668707 wakerate=404/s workers=24 refused=0 mismatch=0 stalled=0 drifted=0 crossings=182711 remote=1192842 steals=2 deferred=0
soak-test: t=4176s beat=827 rounds=1313460914 rate=317589/s wakes=1670727 wakerate=404/s workers=24 refused=0 mismatch=0 stalled=0 drifted=0 crossings=182928 remote=1194285 steals=2 deferred=0
soak-test: t=4181s beat=828 rounds=1315048691 rate=317555/s wakes=1672747 wakerate=404/s workers=24 refused=0 mismatch=0 stalled=0 drifted=0 crossings=183161 remote=1195728 steals=2 deferred=0
soak-test: t=4186s beat=829 rounds=1316636720 rate=317605/s wakes=1674767 wakerate=404/s workers=24 refused=0 mismatch=0 stalled=0 drifted=0 crossings=183383 remote=1197173 steals=2 deferred=0
soak-test: t=4191s beat=830 rounds=1318225136 rate=317683/s wakes=1676787 wakerate=404/s workers=24 refused=0 mismatch=0 stalled=0 drifted=0 crossings=183629 remote=1198609 steals=2 deferred=0
soak-test: t=4196s beat=831 rounds=1319813655 rate=317703/s wakes=1678807 wakerate=404/s workers=24 refused=0 mismatch=0 stalled=0 drifted=0 crossings=183895 remote=1200038 steals=2 deferred=0
soak-test: t=4201s beat=832 rounds=1321401774 rate=317623/s wakes=1680827 wakerate=404/s workers=24 refused=0 mismatch=0 stalled=0 drifted=0 crossings=184100 remote=1201490 steals=2 deferred=0
soak-test: t=4206s beat=833 rounds=1322989384 rate=317522/s wakes=1682847 wakerate=404/s workers=24 refused=0 mismatch=0 stalled=0 drifted=0 crossings=184321 remote=1202929 steals=2 deferred=0
soak-test: t=4211s beat=834 rounds=1324577028 rate=317528/s wakes=1684867 wakerate=404/s workers=24 refused=0 mismatch=0 stalled=0 drifted=0 crossings=184533 remote=1204383 steals=2 deferred=0
soak-test: t=4216s beat=835 rounds=1326165179 rate=317630/s wakes=1686887 wakerate=404/s workers=24 refused=0 mismatch=0 stalled=0 drifted=0 crossings=184752 remote=1205823 steals=2 deferred=0
soak-test: t=4221s beat=836 rounds=1327752860 rate=317536/s wakes=1688907 wakerate=404/s workers=24 refused=0 mismatch=0 stalled=0 drifted=0 crossings=184996 remote=1207261 steals=2 deferred=0
soak-test: t=4226s beat=837 rounds=1329340701 rate=317568/s wakes=1690927 wakerate=404/s workers=24 refused=0 mismatch=0 stalled=0 drifted=0 crossings=185227 remote=1208706 steals=2 deferred=0
soak-test: t=4231s beat=838 rounds=1330928689 rate=317597/s wakes=1692947 wakerate=404/s workers=24 refused=0 mismatch=0 stalled=0 drifted=0 crossings=185444 remote=1210156 steals=2 deferred=0
soak-test: t=4236s beat=839 rounds=1332516525 rate=317567/s wakes=1694967 wakerate=404/s workers=24 refused=0 mismatch=0 stalled=0 drifted=0 crossings=185653 remote=1211602 steals=2 deferred=0
soak-test: t=4242s beat=840 rounds=1334104420 rate=317579/s wakes=1696987 wakerate=404/s workers=24 refused=0 mismatch=0 stalled=0 drifted=0 crossings=185911 remote=1213042 steals=2 deferred=0
soak-test: t=4247s beat=841 rounds=1335692617 rate=317639/s wakes=1699007 wakerate=404/s workers=24 refused=0 mismatch=0 stalled=0 drifted=0 crossings=186100 remote=1214500 steals=2 deferred=0
soak-test: t=4252s beat=842 rounds=1337280394 rate=317555/s wakes=1701027 wakerate=404/s workers=24 refused=0 mismatch=0 stalled=0 drifted=0 crossings=186318 remote=1215938 steals=2 deferred=0
soak-test: t=4257s beat=843 rounds=1338868380 rate=317597/s wakes=1703047 wakerate=404/s workers=24 refused=0 mismatch=0 stalled=0 drifted=0 crossings=186525 remote=1217390 steals=2 deferred=0
soak-test: t=4262s beat=844 rounds=1340456536 rate=317631/s wakes=1705067 wakerate=404/s workers=24 refused=0 mismatch=0 stalled=0 drifted=0 crossings=186746 remote=1218838 steals=2 deferred=0
soak-test: t=4267s beat=845 rounds=1342044690 rate=317630/s wakes=1707087 wakerate=404/s workers=24 refused=0 mismatch=0 stalled=0 drifted=0 crossings=186950 remote=1220292 steals=2 deferred=0
soak-test: t=4272s beat=846 rounds=1343632577 rate=317577/s wakes=1709107 wakerate=404/s workers=24 refused=0 mismatch=0 stalled=0 drifted=0 crossings=187144 remote=1221744 steals=2 deferred=0
soak-test: t=4277s beat=847 rounds=1345220812 rate=317647/s wakes=1711127 wakerate=404/s workers=24 refused=0 mismatch=0 stalled=0 drifted=0 crossings=187357 remote=1223194 steals=2 deferred=0
soak-test: t=4282s beat=848 rounds=1346808307 rate=317499/s wakes=1713147 wakerate=404/s workers=24 refused=0 mismatch=0 stalled=0 drifted=0 crossings=187560 remote=1224640 steals=2 deferred=0
soak-test: t=4287s beat=849 rounds=1348396619 rate=317662/s wakes=1715167 wakerate=404/s workers=24 refused=0 mismatch=0 stalled=0 drifted=0 crossings=187772 remote=1226086 steals=2 deferred=0
soak-test: t=4292s beat=850 rounds=1349985012 rate=317678/s wakes=1717187 wakerate=404/s workers=24 refused=0 mismatch=0 stalled=0 drifted=0 crossings=187997 remote=1227524 steals=2 deferred=0
soak-test: t=4297s beat=851 rounds=1351572759 rate=317549/s wakes=1719207 wakerate=404/s workers=24 refused=0 mismatch=0 stalled=0 drifted=0 crossings=188228 remote=1228968 steals=2 deferred=0
soak-test: t=4302s beat=852 rounds=1353160717 rate=317591/s wakes=1721227 wakerate=404/s workers=24 refused=0 mismatch=0 stalled=0 drifted=0 crossings=188439 remote=1230402 steals=2 deferred=0
soak-test: t=4307s beat=853 rounds=1354748012 rate=317459/s wakes=1723247 wakerate=404/s workers=24 refused=0 mismatch=0 stalled=0 drifted=0 crossings=188632 remote=1231860 steals=2 deferred=0
soak-test: t=4312s beat=854 rounds=1356336054 rate=317608/s wakes=1725267 wakerate=404/s workers=24 refused=0 mismatch=0 stalled=0 drifted=0 crossings=188860 remote=1233308 steals=2 deferred=0
soak-test: t=4317s beat=855 rounds=1357924659 rate=317721/s wakes=1727287 wakerate=404/s workers=24 refused=0 mismatch=0 stalled=0 drifted=0 crossings=189063 remote=1234756 steals=2 deferred=0
soak-test: t=4322s beat=856 rounds=1359512986 rate=317665/s wakes=1729307 wakerate=404/s workers=24 refused=0 mismatch=0 stalled=0 drifted=0 crossings=189320 remote=1236194 steals=2 deferred=0
soak-test: t=4327s beat=857 rounds=1361102004 rate=317803/s wakes=1731327 wakerate=404/s workers=24 refused=0 mismatch=0 stalled=0 drifted=0 crossings=189559 remote=1237637 steals=2 deferred=0
soak-test: t=4332s beat=858 rounds=1362689777 rate=317554/s wakes=1733347 wakerate=404/s workers=24 refused=0 mismatch=0 stalled=0 drifted=0 crossings=189770 remote=1239087 steals=2 deferred=0
soak-test: t=4337s beat=859 rounds=1364277547 rate=317554/s wakes=1735367 wakerate=404/s workers=24 refused=0 mismatch=0 stalled=0 drifted=0 crossings=189983 remote=1240528 steals=2 deferred=0
soak-test: t=4343s beat=860 rounds=1365866072 rate=317705/s wakes=1737387 wakerate=404/s workers=24 refused=0 mismatch=0 stalled=0 drifted=0 crossings=190213 remote=1241962 steals=2 deferred=0
soak-test: t=4348s beat=861 rounds=1367454096 rate=317604/s wakes=1739407 wakerate=404/s workers=24 refused=0 mismatch=0 stalled=0 drifted=0 crossings=190411 remote=1243417 steals=2 deferred=0
soak-test: t=4353s beat=862 rounds=1369041722 rate=317525/s wakes=1741427 wakerate=404/s workers=24 refused=0 mismatch=0 stalled=0 drifted=0 crossings=190623 remote=1244862 steals=2 deferred=0
soak-test: t=4358s beat=863 rounds=1370629144 rate=317484/s wakes=1743447 wakerate=404/s workers=24 refused=0 mismatch=0 stalled=0 drifted=0 crossings=190828 remote=1246305 steals=2 deferred=0
soak-test: t=4363s beat=864 rounds=1372217286 rate=317628/s wakes=1745467 wakerate=404/s workers=24 refused=0 mismatch=0 stalled=0 drifted=0 crossings=191076 remote=1247743 steals=2 deferred=0
soak-test: t=4368s beat=865 rounds=1373805687 rate=317680/s wakes=1747487 wakerate=404/s workers=24 refused=0 mismatch=0 stalled=0 drifted=0 crossings=191276 remote=1249185 steals=2 deferred=0
soak-test: t=4373s beat=866 rounds=1375393462 rate=317555/s wakes=1749507 wakerate=404/s workers=24 refused=0 mismatch=0 stalled=0 drifted=0 crossings=191492 remote=1250629 steals=2 deferred=0
soak-test: t=4378s beat=867 rounds=1376981115 rate=317530/s wakes=1751527 wakerate=404/s workers=24 refused=0 mismatch=0 stalled=0 drifted=0 crossings=191700 remote=1252082 steals=2 deferred=0
soak-test: t=4383s beat=868 rounds=1378568675 rate=317512/s wakes=1753547 wakerate=404/s workers=24 refused=0 mismatch=0 stalled=0 drifted=0 crossings=191926 remote=1253537 steals=2 deferred=0
soak-test: t=4388s beat=869 rounds=1380157361 rate=317737/s wakes=1755567 wakerate=404/s workers=24 refused=0 mismatch=0 stalled=0 drifted=0 crossings=192158 remote=1254985 steals=2 deferred=0
soak-test: t=4393s beat=870 rounds=1381744913 rate=317510/s wakes=1757587 wakerate=404/s workers=24 refused=0 mismatch=0 stalled=0 drifted=0 crossings=192355 remote=1256440 steals=2 deferred=0
soak-test: t=4398s beat=871 rounds=1383332847 rate=317586/s wakes=1759607 wakerate=404/s workers=24 refused=0 mismatch=0 stalled=0 drifted=0 crossings=192576 remote=1257888 steals=2 deferred=0
soak-test: t=4403s beat=872 rounds=1384921469 rate=317724/s wakes=1761627 wakerate=404/s workers=24 refused=0 mismatch=0 stalled=0 drifted=0 crossings=192803 remote=1259326 steals=2 deferred=0
soak-test: t=4408s beat=873 rounds=1386509685 rate=317643/s wakes=1763647 wakerate=404/s workers=24 refused=0 mismatch=0 stalled=0 drifted=0 crossings=193034 remote=1260775 steals=2 deferred=0
soak-test: t=4413s beat=874 rounds=1388096913 rate=317445/s wakes=1765667 wakerate=404/s workers=24 refused=0 mismatch=0 stalled=0 drifted=0 crossings=193279 remote=1262212 steals=2 deferred=0
soak-test: t=4418s beat=875 rounds=1389685058 rate=317629/s wakes=1767687 wakerate=404/s workers=24 refused=0 mismatch=0 stalled=0 drifted=0 crossings=193493 remote=1263669 steals=2 deferred=0
soak-test: t=4423s beat=876 rounds=1391272698 rate=317528/s wakes=1769707 wakerate=404/s workers=24 refused=0 mismatch=0 stalled=0 drifted=0 crossings=193677 remote=1265124 steals=2 deferred=0
soak-test: t=4428s beat=877 rounds=1392861423 rate=317745/s wakes=1771727 wakerate=404/s workers=24 refused=0 mismatch=0 stalled=0 drifted=0 crossings=193893 remote=1266568 steals=2 deferred=0
soak-test: t=4433s beat=878 rounds=1394448723 rate=317460/s wakes=1773747 wakerate=404/s workers=24 refused=0 mismatch=0 stalled=0 drifted=0 crossings=194138 remote=1268007 steals=2 deferred=0
soak-test: t=4438s beat=879 rounds=1396036705 rate=317596/s wakes=1775767 wakerate=404/s workers=24 refused=0 mismatch=0 stalled=0 drifted=0 crossings=194356 remote=1269461 steals=2 deferred=0
soak-test: t=4444s beat=880 rounds=1397624189 rate=317496/s wakes=1777787 wakerate=404/s workers=24 refused=0 mismatch=0 stalled=0 drifted=0 crossings=194573 remote=1270901 steals=2 deferred=0
soak-test: t=4449s beat=881 rounds=1399211895 rate=317541/s wakes=1779807 wakerate=404/s workers=24 refused=0 mismatch=0 stalled=0 drifted=0 crossings=194793 remote=1272347 steals=2 deferred=0
soak-test: t=4454s beat=882 rounds=1400800041 rate=317629/s wakes=1781827 wakerate=404/s workers=24 refused=0 mismatch=0 stalled=0 drifted=0 crossings=195030 remote=1273787 steals=2 deferred=0
soak-test: t=4459s beat=883 rounds=1402387884 rate=317568/s wakes=1783847 wakerate=404/s workers=24 refused=0 mismatch=0 stalled=0 drifted=0 crossings=195268 remote=1275223 steals=2 deferred=0
soak-test: t=4464s beat=884 rounds=1403975905 rate=317604/s wakes=1785867 wakerate=404/s workers=24 refused=0 mismatch=0 stalled=0 drifted=0 crossings=195503 remote=1276664 steals=2 deferred=0
soak-test: t=4469s beat=885 rounds=1405563790 rate=317577/s wakes=1787887 wakerate=404/s workers=24 refused=0 mismatch=0 stalled=0 drifted=0 crossings=195725 remote=1278105 steals=2 deferred=0
soak-test: t=4474s beat=886 rounds=1407151601 rate=317562/s wakes=1789907 wakerate=404/s workers=24 refused=0 mismatch=0 stalled=0 drifted=0 crossings=195958 remote=1279545 steals=2 deferred=0
soak-test: t=4479s beat=887 rounds=1408740611 rate=317802/s wakes=1791927 wakerate=404/s workers=24 refused=0 mismatch=0 stalled=0 drifted=0 crossings=196158 remote=1280998 steals=2 deferred=0
soak-test: t=4484s beat=888 rounds=1410327988 rate=317475/s wakes=1793947 wakerate=404/s workers=24 refused=0 mismatch=0 stalled=0 drifted=0 crossings=196388 remote=1282441 steals=2 deferred=0
soak-test: t=4489s beat=889 rounds=1411915602 rate=317522/s wakes=1795967 wakerate=404/s workers=24 refused=0 mismatch=0 stalled=0 drifted=0 crossings=196581 remote=1283899 steals=2 deferred=0
soak-test: t=4494s beat=890 rounds=1413503710 rate=317621/s wakes=1797987 wakerate=404/s workers=24 refused=0 mismatch=0 stalled=0 drifted=0 crossings=196772 remote=1285354 steals=2 deferred=0
soak-test: t=4499s beat=891 rounds=1415091942 rate=317646/s wakes=1800007 wakerate=404/s workers=24 refused=0 mismatch=0 stalled=0 drifted=0 crossings=197016 remote=1286794 steals=2 deferred=0
soak-test: t=4504s beat=892 rounds=1416680579 rate=317727/s wakes=1802027 wakerate=404/s workers=24 refused=0 mismatch=0 stalled=0 drifted=0 crossings=197224 remote=1288246 steals=2 deferred=0
soak-test: t=4509s beat=893 rounds=1418268327 rate=317549/s wakes=1804047 wakerate=404/s workers=24 refused=0 mismatch=0 stalled=0 drifted=0 crossings=197415 remote=1289702 steals=2 deferred=0
soak-test: t=4514s beat=894 rounds=1419856342 rate=317603/s wakes=1806067 wakerate=404/s workers=24 refused=0 mismatch=0 stalled=0 drifted=0 crossings=197595 remote=1291165 steals=2 deferred=0
soak-test: t=4519s beat=895 rounds=1421444485 rate=317628/s wakes=1808087 wakerate=404/s workers=24 refused=0 mismatch=0 stalled=0 drifted=0 crossings=197788 remote=1292620 steals=2 deferred=0
soak-test: t=4524s beat=896 rounds=1423031762 rate=317455/s wakes=1810107 wakerate=404/s workers=24 refused=0 mismatch=0 stalled=0 drifted=0 crossings=198009 remote=1294071 steals=2 deferred=0
soak-test: t=4529s beat=897 rounds=1424619111 rate=317469/s wakes=1812127 wakerate=404/s workers=24 refused=0 mismatch=0 stalled=0 drifted=0 crossings=198250 remote=1295518 steals=2 deferred=0
soak-test: t=4534s beat=898 rounds=1426207587 rate=317695/s wakes=1814147 wakerate=404/s workers=24 refused=0 mismatch=0 stalled=0 drifted=0 crossings=198475 remote=1296959 steals=2 deferred=0
soak-test: t=4539s beat=899 rounds=1427794984 rate=317479/s wakes=1816167 wakerate=404/s workers=24 refused=0 mismatch=0 stalled=0 drifted=0 crossings=198695 remote=1298405 steals=2 deferred=0
soak-test: t=4545s beat=900 rounds=1429383914 rate=317786/s wakes=1818187 wakerate=404/s workers=24 refused=0 mismatch=0 stalled=0 drifted=0 crossings=198894 remote=1299856 steals=2 deferred=0
soak-test: t=4550s beat=901 rounds=1430972048 rate=317626/s wakes=1820207 wakerate=404/s workers=24 refused=0 mismatch=0 stalled=0 drifted=0 crossings=199114 remote=1301306 steals=2 deferred=0
soak-test: t=4555s beat=902 rounds=1432560494 rate=317689/s wakes=1822227 wakerate=404/s workers=24 refused=0 mismatch=0 stalled=0 drifted=0 crossings=199363 remote=1302737 steals=2 deferred=0
soak-test: t=4560s beat=903 rounds=1434148358 rate=317572/s wakes=1824247 wakerate=404/s workers=24 refused=0 mismatch=0 stalled=0 drifted=0 crossings=199567 remote=1304183 steals=2 deferred=0
soak-test: t=4565s beat=904 rounds=1435736990 rate=317726/s wakes=1826267 wakerate=404/s workers=24 refused=0 mismatch=0 stalled=0 drifted=0 crossings=199797 remote=1305624 steals=2 deferred=0
soak-test: t=4570s beat=905 rounds=1437325546 rate=317711/s wakes=1828287 wakerate=404/s workers=24 refused=0 mismatch=0 stalled=0 drifted=0 crossings=200003 remote=1307069 steals=2 deferred=0
soak-test: t=4575s beat=906 rounds=1438913582 rate=317607/s wakes=1830307 wakerate=404/s workers=24 refused=0 mismatch=0 stalled=0 drifted=0 crossings=200240 remote=1308507 steals=2 deferred=0
soak-test: t=4580s beat=907 rounds=1440501243 rate=317532/s wakes=1832327 wakerate=404/s workers=24 refused=0 mismatch=0 stalled=0 drifted=0 crossings=200494 remote=1309950 steals=2 deferred=0
soak-test: t=4585s beat=908 rounds=1442088583 rate=317468/s wakes=1834347 wakerate=404/s workers=24 refused=0 mismatch=0 stalled=0 drifted=0 crossings=200718 remote=1311393 steals=2 deferred=0
soak-test: t=4590s beat=909 rounds=1443675696 rate=317422/s wakes=1836367 wakerate=404/s workers=24 refused=0 mismatch=0 stalled=0 drifted=0 crossings=200940 remote=1312839 steals=2 deferred=0
soak-test: t=4595s beat=910 rounds=1445262964 rate=317453/s wakes=1838387 wakerate=404/s workers=24 refused=0 mismatch=0 stalled=0 drifted=0 crossings=201161 remote=1314287 steals=2 deferred=0
soak-test: t=4600s beat=911 rounds=1446850684 rate=317544/s wakes=1840407 wakerate=404/s workers=24 refused=0 mismatch=0 stalled=0 drifted=0 crossings=201382 remote=1315730 steals=2 deferred=0
soak-test: t=4605s beat=912 rounds=1448438852 rate=317633/s wakes=1842427 wakerate=404/s workers=24 refused=0 mismatch=0 stalled=0 drifted=0 crossings=201634 remote=1317158 steals=2 deferred=0
soak-test: t=4610s beat=913 rounds=1450026116 rate=317452/s wakes=1844447 wakerate=404/s workers=24 refused=0 mismatch=0 stalled=0 drifted=0 crossings=201841 remote=1318609 steals=2 deferred=0
soak-test: t=4615s beat=914 rounds=1451614146 rate=317606/s wakes=1846467 wakerate=404/s workers=24 refused=0 mismatch=0 stalled=0 drifted=0 crossings=202089 remote=1320049 steals=2 deferred=0
soak-test: t=4620s beat=915 rounds=1453202028 rate=317576/s wakes=1848487 wakerate=404/s workers=24 refused=0 mismatch=0 stalled=0 drifted=0 crossings=202282 remote=1321506 steals=2 deferred=0
soak-test: t=4625s beat=916 rounds=1454790065 rate=317607/s wakes=1850507 wakerate=404/s workers=24 refused=0 mismatch=0 stalled=0 drifted=0 crossings=202500 remote=1322958 steals=2 deferred=0
soak-test: t=4630s beat=917 rounds=1456378052 rate=317597/s wakes=1852527 wakerate=404/s workers=24 refused=0 mismatch=0 stalled=0 drifted=0 crossings=202735 remote=1324397 steals=2 deferred=0
soak-test: t=4635s beat=918 rounds=1457965665 rate=317522/s wakes=1854547 wakerate=404/s workers=24 refused=0 mismatch=0 stalled=0 drifted=0 crossings=202959 remote=1325824 steals=2 deferred=0
soak-test: t=4640s beat=919 rounds=1459553329 rate=317532/s wakes=1856567 wakerate=404/s workers=24 refused=0 mismatch=0 stalled=0 drifted=0 crossings=203178 remote=1327271 steals=2 deferred=0
soak-test: t=4646s beat=920 rounds=1461141872 rate=317708/s wakes=1858587 wakerate=404/s workers=24 refused=0 mismatch=0 stalled=0 drifted=0 crossings=203416 remote=1328720 steals=2 deferred=0
soak-test: t=4651s beat=921 rounds=1462729811 rate=317587/s wakes=1860607 wakerate=404/s workers=24 refused=0 mismatch=0 stalled=0 drifted=0 crossings=203621 remote=1330175 steals=2 deferred=0
soak-test: t=4656s beat=922 rounds=1464317312 rate=317500/s wakes=1862627 wakerate=404/s workers=24 refused=0 mismatch=0 stalled=0 drifted=0 crossings=203874 remote=1331602 steals=2 deferred=0
soak-test: t=4661s beat=923 rounds=1465904839 rate=317505/s wakes=1864647 wakerate=404/s workers=24 refused=0 mismatch=0 stalled=0 drifted=0 crossings=204097 remote=1333042 steals=2 deferred=0
soak-test: t=4666s beat=924 rounds=1467492849 rate=317602/s wakes=1866667 wakerate=404/s workers=24 refused=0 mismatch=0 stalled=0 drifted=0 crossings=204283 remote=1334506 steals=2 deferred=0
soak-test: t=4671s beat=925 rounds=1469080299 rate=317490/s wakes=1868687 wakerate=404/s workers=24 refused=0 mismatch=0 stalled=0 drifted=0 crossings=204500 remote=1335953 steals=2 deferred=0
soak-test: t=4676s beat=926 rounds=1470668618 rate=317663/s wakes=1870707 wakerate=404/s workers=24 refused=0 mismatch=0 stalled=0 drifted=0 crossings=204711 remote=1337398 steals=2 deferred=0
soak-test: t=4681s beat=927 rounds=1472257033 rate=317683/s wakes=1872727 wakerate=404/s workers=24 refused=0 mismatch=0 stalled=0 drifted=0 crossings=204946 remote=1338840 steals=2 deferred=0
soak-test: t=4686s beat=928 rounds=1473845686 rate=317730/s wakes=1874747 wakerate=404/s workers=24 refused=0 mismatch=0 stalled=0 drifted=0 crossings=205186 remote=1340279 steals=2 deferred=0
soak-test: t=4691s beat=929 rounds=1475434145 rate=317691/s wakes=1876767 wakerate=404/s workers=24 refused=0 mismatch=0 stalled=0 drifted=0 crossings=205412 remote=1341728 steals=2 deferred=0
soak-test: t=4696s beat=930 rounds=1477021807 rate=317532/s wakes=1878787 wakerate=404/s workers=24 refused=0 mismatch=0 stalled=0 drifted=0 crossings=205614 remote=1343177 steals=2 deferred=0
soak-test: t=4701s beat=931 rounds=1478610018 rate=317642/s wakes=1880807 wakerate=404/s workers=24 refused=0 mismatch=0 stalled=0 drifted=0 crossings=205864 remote=1344606 steals=2 deferred=0
soak-test: t=4706s beat=932 rounds=1480198064 rate=317609/s wakes=1882827 wakerate=404/s workers=24 refused=0 mismatch=0 stalled=0 drifted=0 crossings=206074 remote=1346058 steals=2 deferred=0
soak-test: t=4711s beat=933 rounds=1481786121 rate=317611/s wakes=1884847 wakerate=404/s workers=24 refused=0 mismatch=0 stalled=0 drifted=0 crossings=206317 remote=1347485 steals=2 deferred=0
soak-test: t=4716s beat=934 rounds=1483374319 rate=317639/s wakes=1886867 wakerate=404/s workers=24 refused=0 mismatch=0 stalled=0 drifted=0 crossings=206541 remote=1348934 steals=2 deferred=0
soak-test: t=4721s beat=935 rounds=1484962844 rate=317705/s wakes=1888887 wakerate=404/s workers=24 refused=0 mismatch=0 stalled=0 drifted=0 crossings=206755 remote=1350380 steals=2 deferred=0
soak-test: t=4726s beat=936 rounds=1486550710 rate=317573/s wakes=1890907 wakerate=404/s workers=24 refused=0 mismatch=0 stalled=0 drifted=0 crossings=206993 remote=1351819 steals=2 deferred=0
soak-test: t=4731s beat=937 rounds=1488138815 rate=317621/s wakes=1892927 wakerate=404/s workers=24 refused=0 mismatch=0 stalled=0 drifted=0 crossings=207227 remote=1353262 steals=2 deferred=0
soak-test: t=4736s beat=938 rounds=1489726607 rate=317558/s wakes=1894947 wakerate=404/s workers=24 refused=0 mismatch=0 stalled=0 drifted=0 crossings=207435 remote=1354713 steals=2 deferred=0
soak-test: t=4741s beat=939 rounds=1491314422 rate=317563/s wakes=1896967 wakerate=404/s workers=24 refused=0 mismatch=0 stalled=0 drifted=0 crossings=207667 remote=1356161 steals=2 deferred=0
soak-test: t=4747s beat=940 rounds=1492902119 rate=317539/s wakes=1898987 wakerate=404/s workers=24 refused=0 mismatch=0 stalled=0 drifted=0 crossings=207878 remote=1357609 steals=2 deferred=0
soak-test: t=4752s beat=941 rounds=1494489760 rate=317528/s wakes=1901007 wakerate=404/s workers=24 refused=0 mismatch=0 stalled=0 drifted=0 crossings=208117 remote=1359041 steals=2 deferred=0
soak-test: t=4757s beat=942 rounds=1496077440 rate=317536/s wakes=1903027 wakerate=404/s workers=24 refused=0 mismatch=0 stalled=0 drifted=0 crossings=208328 remote=1360485 steals=2 deferred=0
soak-test: t=4762s beat=943 rounds=1497665569 rate=317625/s wakes=1905047 wakerate=404/s workers=24 refused=0 mismatch=0 stalled=0 drifted=0 crossings=208570 remote=1361919 steals=2 deferred=0
soak-test: t=4767s beat=944 rounds=1499253312 rate=317548/s wakes=1907067 wakerate=404/s workers=24 refused=0 mismatch=0 stalled=0 drifted=0 crossings=208794 remote=1363359 steals=2 deferred=0
soak-test: t=4772s beat=945 rounds=1500841513 rate=317640/s wakes=1909087 wakerate=404/s workers=24 refused=0 mismatch=0 stalled=0 drifted=0 crossings=209005 remote=1364810 steals=2 deferred=0
soak-test: t=4777s beat=946 rounds=1502429715 rate=317640/s wakes=1911107 wakerate=404/s workers=24 refused=0 mismatch=0 stalled=0 drifted=0 crossings=209230 remote=1366263 steals=2 deferred=0
soak-test: t=4782s beat=947 rounds=1504017641 rate=317585/s wakes=1913127 wakerate=404/s workers=24 refused=0 mismatch=0 stalled=0 drifted=0 crossings=209427 remote=1367720 steals=2 deferred=0
soak-test: t=4787s beat=948 rounds=1505606006 rate=317673/s wakes=1915147 wakerate=404/s workers=24 refused=0 mismatch=0 stalled=0 drifted=0 crossings=209666 remote=1369153 steals=2 deferred=0
soak-test: t=4792s beat=949 rounds=1507194383 rate=317675/s wakes=1917167 wakerate=404/s workers=24 refused=0 mismatch=0 stalled=0 drifted=0 crossings=209868 remote=1370610 steals=2 deferred=0
soak-test: t=4797s beat=950 rounds=1508781593 rate=317442/s wakes=1919187 wakerate=404/s workers=24 refused=0 mismatch=0 stalled=0 drifted=0 crossings=210076 remote=1372055 steals=2 deferred=0
soak-test: t=4802s beat=951 rounds=1510370017 rate=317684/s wakes=1921207 wakerate=404/s workers=24 refused=0 mismatch=0 stalled=0 drifted=0 crossings=210290 remote=1373490 steals=2 deferred=0
soak-test: t=4807s beat=952 rounds=1511958239 rate=317644/s wakes=1923227 wakerate=404/s workers=24 refused=0 mismatch=0 stalled=0 drifted=0 crossings=210510 remote=1374928 steals=2 deferred=0
soak-test: t=4812s beat=953 rounds=1513545392 rate=317430/s wakes=1925247 wakerate=404/s workers=24 refused=0 mismatch=0 stalled=0 drifted=0 crossings=210731 remote=1376369 steals=2 deferred=0
soak-test: t=4817s beat=954 rounds=1515134146 rate=317750/s wakes=1927267 wakerate=404/s workers=24 refused=0 mismatch=0 stalled=0 drifted=0 crossings=210979 remote=1377800 steals=2 deferred=0
soak-test: t=4822s beat=955 rounds=1516721884 rate=317547/s wakes=1929287 wakerate=404/s workers=24 refused=0 mismatch=0 stalled=0 drifted=0 crossings=211188 remote=1379250 steals=2 deferred=0
soak-test: t=4827s beat=956 rounds=1518310080 rate=317639/s wakes=1931307 wakerate=404/s workers=24 refused=0 mismatch=0 stalled=0 drifted=0 crossings=211405 remote=1380693 steals=2 deferred=0
soak-test: t=4832s beat=957 rounds=1519897724 rate=317528/s wakes=1933327 wakerate=404/s workers=24 refused=0 mismatch=0 stalled=0 drifted=0 crossings=211631 remote=1382139 steals=2 deferred=0
soak-test: t=4837s beat=958 rounds=1521485758 rate=317606/s wakes=1935347 wakerate=404/s workers=24 refused=0 mismatch=0 stalled=0 drifted=0 crossings=211826 remote=1383579 steals=2 deferred=0
soak-test: t=4842s beat=959 rounds=1523073710 rate=317590/s wakes=1937367 wakerate=404/s workers=24 refused=0 mismatch=0 stalled=0 drifted=0 crossings=212060 remote=1385024 steals=2 deferred=0
soak-test: t=4848s beat=960 rounds=1524661646 rate=317587/s wakes=1939387 wakerate=404/s workers=24 refused=0 mismatch=0 stalled=0 drifted=0 crossings=212301 remote=1386453 steals=2 deferred=0
soak-test: t=4853s beat=961 rounds=1526250416 rate=317754/s wakes=1941407 wakerate=404/s workers=24 refused=0 mismatch=0 stalled=0 drifted=0 crossings=212518 remote=1387893 steals=2 deferred=0
soak-test: t=4858s beat=962 rounds=1527839071 rate=317731/s wakes=1943427 wakerate=404/s workers=24 refused=0 mismatch=0 stalled=0 drifted=0 crossings=212733 remote=1389327 steals=2 deferred=0
soak-test: t=4863s beat=963 rounds=1529427468 rate=317679/s wakes=1945447 wakerate=404/s workers=24 refused=0 mismatch=0 stalled=0 drifted=0 crossings=212952 remote=1390764 steals=2 deferred=0
soak-test: t=4868s beat=964 rounds=1531015802 rate=317666/s wakes=1947467 wakerate=404/s workers=24 refused=0 mismatch=0 stalled=0 drifted=0 crossings=213177 remote=1392205 steals=2 deferred=0
soak-test: t=4873s beat=965 rounds=1532603623 rate=317564/s wakes=1949487 wakerate=404/s workers=24 refused=0 mismatch=0 stalled=0 drifted=0 crossings=213405 remote=1393635 steals=2 deferred=0
soak-test: t=4878s beat=966 rounds=1534191031 rate=317481/s wakes=1951507 wakerate=404/s workers=24 refused=0 mismatch=0 stalled=0 drifted=0 crossings=213632 remote=1395071 steals=2 deferred=0
soak-test: t=4883s beat=967 rounds=1535777850 rate=317363/s wakes=1953527 wakerate=404/s workers=24 refused=0 mismatch=0 stalled=0 drifted=0 crossings=213843 remote=1396518 steals=2 deferred=0
soak-test: t=4888s beat=968 rounds=1537365440 rate=317518/s wakes=1955547 wakerate=404/s workers=24 refused=0 mismatch=0 stalled=0 drifted=0 crossings=214051 remote=1397974 steals=2 deferred=0
soak-test: t=4893s beat=969 rounds=1538952631 rate=317438/s wakes=1957567 wakerate=404/s workers=24 refused=0 mismatch=0 stalled=0 drifted=0 crossings=214286 remote=1399415 steals=2 deferred=0
soak-test: t=4898s beat=970 rounds=1540540972 rate=317668/s wakes=1959587 wakerate=404/s workers=24 refused=0 mismatch=0 stalled=0 drifted=0 crossings=214501 remote=1400874 steals=2 deferred=0
soak-test: t=4903s beat=971 rounds=1542129537 rate=317713/s wakes=1961607 wakerate=404/s workers=24 refused=0 mismatch=0 stalled=0 drifted=0 crossings=214718 remote=1402313 steals=2 deferred=0
soak-test: t=4908s beat=972 rounds=1543717462 rate=317585/s wakes=1963627 wakerate=404/s workers=24 refused=0 mismatch=0 stalled=0 drifted=0 crossings=214939 remote=1403752 steals=2 deferred=0
soak-test: t=4913s beat=973 rounds=1545305567 rate=317621/s wakes=1965647 wakerate=404/s workers=24 refused=0 mismatch=0 stalled=0 drifted=0 crossings=215162 remote=1405201 steals=2 deferred=0
soak-test: t=4918s beat=974 rounds=1546894111 rate=317708/s wakes=1967667 wakerate=404/s workers=24 refused=0 mismatch=0 stalled=0 drifted=0 crossings=215388 remote=1406645 steals=2 deferred=0
soak-test: t=4923s beat=975 rounds=1548482282 rate=317634/s wakes=1969687 wakerate=404/s workers=24 refused=0 mismatch=0 stalled=0 drifted=0 crossings=215600 remote=1408091 steals=2 deferred=0
soak-test: t=4928s beat=976 rounds=1550070062 rate=317556/s wakes=1971707 wakerate=404/s workers=24 refused=0 mismatch=0 stalled=0 drifted=0 crossings=215843 remote=1409531 steals=2 deferred=0
soak-test: t=4933s beat=977 rounds=1551657683 rate=317524/s wakes=1973727 wakerate=404/s workers=24 refused=0 mismatch=0 stalled=0 drifted=0 crossings=216029 remote=1410986 steals=2 deferred=0
soak-test: t=4938s beat=978 rounds=1553244880 rate=317439/s wakes=1975747 wakerate=404/s workers=24 refused=0 mismatch=0 stalled=0 drifted=0 crossings=216244 remote=1412437 steals=2 deferred=0
soak-test: t=4943s beat=979 rounds=1554833258 rate=317675/s wakes=1977767 wakerate=404/s workers=24 refused=0 mismatch=0 stalled=0 drifted=0 crossings=216475 remote=1413883 steals=2 deferred=0
soak-test: t=4949s beat=980 rounds=1556422113 rate=317771/s wakes=1979787 wakerate=404/s workers=24 refused=0 mismatch=0 stalled=0 drifted=0 crossings=216705 remote=1415332 steals=2 deferred=0
soak-test: t=4954s beat=981 rounds=1558009547 rate=317486/s wakes=1981807 wakerate=404/s workers=24 refused=0 mismatch=0 stalled=0 drifted=0 crossings=216942 remote=1416768 steals=2 deferred=0
soak-test: t=4959s beat=982 rounds=1559597462 rate=317583/s wakes=1983827 wakerate=404/s workers=24 refused=0 mismatch=0 stalled=0 drifted=0 crossings=217147 remote=1418220 steals=2 deferred=0
soak-test: t=4964s beat=983 rounds=1561185243 rate=317556/s wakes=1985847 wakerate=404/s workers=24 refused=0 mismatch=0 stalled=0 drifted=0 crossings=217374 remote=1419665 steals=2 deferred=0
soak-test: t=4969s beat=984 rounds=1562772923 rate=317536/s wakes=1987867 wakerate=404/s workers=24 refused=0 mismatch=0 stalled=0 drifted=0 crossings=217588 remote=1421116 steals=2 deferred=0
soak-test: t=4974s beat=985 rounds=1564360724 rate=317560/s wakes=1989887 wakerate=404/s workers=24 refused=0 mismatch=0 stalled=0 drifted=0 crossings=217833 remote=1422549 steals=2 deferred=0
soak-test: t=4979s beat=986 rounds=1565948508 rate=317556/s wakes=1991907 wakerate=404/s workers=24 refused=0 mismatch=0 stalled=0 drifted=0 crossings=218096 remote=1423983 steals=2 deferred=0
soak-test: t=4984s beat=987 rounds=1567536266 rate=317551/s wakes=1993927 wakerate=404/s workers=24 refused=0 mismatch=0 stalled=0 drifted=0 crossings=218296 remote=1425438 steals=2 deferred=0
soak-test: t=4989s beat=988 rounds=1569124489 rate=317644/s wakes=1995947 wakerate=404/s workers=24 refused=0 mismatch=0 stalled=0 drifted=0 crossings=218496 remote=1426888 steals=2 deferred=0
soak-test: t=4994s beat=989 rounds=1570711985 rate=317499/s wakes=1997967 wakerate=404/s workers=24 refused=0 mismatch=0 stalled=0 drifted=0 crossings=218724 remote=1428321 steals=2 deferred=0
soak-test: t=4999s beat=990 rounds=1572300084 rate=317619/s wakes=1999987 wakerate=404/s workers=24 refused=0 mismatch=0 stalled=0 drifted=0 crossings=218937 remote=1429766 steals=2 deferred=0
soak-test: t=5004s beat=991 rounds=1573887117 rate=317406/s wakes=2002007 wakerate=404/s workers=24 refused=0 mismatch=0 stalled=0 drifted=0 crossings=219133 remote=1431221 steals=2 deferred=0
soak-test: t=5009s beat=992 rounds=1575474970 rate=317570/s wakes=2004027 wakerate=404/s workers=24 refused=0 mismatch=0 stalled=0 drifted=0 crossings=219314 remote=1432680 steals=2 deferred=0
soak-test: t=5014s beat=993 rounds=1577063029 rate=317611/s wakes=2006047 wakerate=404/s workers=24 refused=0 mismatch=0 stalled=0 drifted=0 crossings=219537 remote=1434123 steals=2 deferred=0
soak-test: t=5019s beat=994 rounds=1578651011 rate=317596/s wakes=2008067 wakerate=404/s workers=24 refused=0 mismatch=0 stalled=0 drifted=0 crossings=219759 remote=1435564 steals=2 deferred=0
soak-test: t=5024s beat=995 rounds=1580238639 rate=317525/s wakes=2010087 wakerate=404/s workers=24 refused=0 mismatch=0 stalled=0 drifted=0 crossings=219985 remote=1437017 steals=2 deferred=0
soak-test: t=5029s beat=996 rounds=1581826696 rate=317611/s wakes=2012107 wakerate=404/s workers=24 refused=0 mismatch=0 stalled=0 drifted=0 crossings=220230 remote=1438452 steals=2 deferred=0
soak-test: t=5034s beat=997 rounds=1583414293 rate=317519/s wakes=2014127 wakerate=404/s workers=24 refused=0 mismatch=0 stalled=0 drifted=0 crossings=220431 remote=1439903 steals=2 deferred=0
soak-test: t=5039s beat=998 rounds=1585002351 rate=317611/s wakes=2016147 wakerate=404/s workers=24 refused=0 mismatch=0 stalled=0 drifted=0 crossings=220664 remote=1441339 steals=2 deferred=0
soak-test: t=5044s beat=999 rounds=1586590752 rate=317680/s wakes=2018167 wakerate=404/s workers=24 refused=0 mismatch=0 stalled=0 drifted=0 crossings=220867 remote=1442789 steals=2 deferred=0
soak-test: t=5050s beat=1000 rounds=1588179105 rate=317670/s wakes=2020187 wakerate=404/s workers=24 refused=0 mismatch=0 stalled=0 drifted=0 crossings=221095 remote=1444234 steals=2 deferred=0
soak-test: t=5055s beat=1001 rounds=1589766984 rate=317575/s wakes=2022207 wakerate=404/s workers=24 refused=0 mismatch=0 stalled=0 drifted=0 crossings=221319 remote=1445675 steals=2 deferred=0
soak-test: t=5060s beat=1002 rounds=1591355070 rate=317617/s wakes=2024227 wakerate=404/s workers=24 refused=0 mismatch=0 stalled=0 drifted=0 crossings=221506 remote=1447129 steals=2 deferred=0
soak-test: t=5065s beat=1003 rounds=1592941756 rate=317337/s wakes=2026247 wakerate=404/s workers=24 refused=0 mismatch=0 stalled=0 drifted=0 crossings=221754 remote=1448571 steals=2 deferred=0
soak-test: t=5070s beat=1004 rounds=1594529638 rate=317576/s wakes=2028267 wakerate=404/s workers=24 refused=0 mismatch=0 stalled=0 drifted=0 crossings=221960 remote=1450013 steals=2 deferred=0
soak-test: t=5075s beat=1005 rounds=1596117778 rate=317628/s wakes=2030287 wakerate=404/s workers=24 refused=0 mismatch=0 stalled=0 drifted=0 crossings=222166 remote=1451465 steals=2 deferred=0
soak-test: t=5080s beat=1006 rounds=1597706188 rate=317682/s wakes=2032307 wakerate=404/s workers=24 refused=0 mismatch=0 stalled=0 drifted=0 crossings=222392 remote=1452903 steals=2 deferred=0
soak-test: t=5085s beat=1007 rounds=1599294861 rate=317734/s wakes=2034327 wakerate=404/s workers=24 refused=0 mismatch=0 stalled=0 drifted=0 crossings=222622 remote=1454348 steals=2 deferred=0
soak-test: t=5090s beat=1008 rounds=1600882962 rate=317620/s wakes=2036347 wakerate=404/s workers=24 refused=0 mismatch=0 stalled=0 drifted=0 crossings=222853 remote=1455780 steals=2 deferred=0
soak-test: t=5095s beat=1009 rounds=1602470965 rate=317600/s wakes=2038367 wakerate=404/s workers=24 refused=0 mismatch=0 stalled=0 drifted=0 crossings=223092 remote=1457220 steals=2 deferred=0
soak-test: t=5100s beat=1010 rounds=1604058777 rate=317562/s wakes=2040387 wakerate=404/s workers=24 refused=0 mismatch=0 stalled=0 drifted=0 crossings=223323 remote=1458661 steals=2 deferred=0
soak-test: t=5105s beat=1011 rounds=1605646501 rate=317544/s wakes=2042407 wakerate=404/s workers=24 refused=0 mismatch=0 stalled=0 drifted=0 crossings=223557 remote=1460115 steals=2 deferred=0
soak-test: t=5110s beat=1012 rounds=1607234300 rate=317559/s wakes=2044427 wakerate=404/s workers=24 refused=0 mismatch=0 stalled=0 drifted=0 crossings=223756 remote=1461569 steals=2 deferred=0
soak-test: t=5115s beat=1013 rounds=1608822096 rate=317559/s wakes=2046447 wakerate=404/s workers=24 refused=0 mismatch=0 stalled=0 drifted=0 crossings=223986 remote=1463020 steals=2 deferred=0
soak-test: t=5120s beat=1014 rounds=1610409868 rate=317554/s wakes=2048467 wakerate=404/s workers=24 refused=0 mismatch=0 stalled=0 drifted=0 crossings=224186 remote=1464472 steals=2 deferred=0
soak-test: t=5125s beat=1015 rounds=1611998337 rate=317693/s wakes=2050487 wakerate=404/s workers=24 refused=0 mismatch=0 stalled=0 drifted=0 crossings=224391 remote=1465913 steals=2 deferred=0
soak-test: t=5130s beat=1016 rounds=1613586207 rate=317574/s wakes=2052507 wakerate=404/s workers=24 refused=0 mismatch=0 stalled=0 drifted=0 crossings=224614 remote=1467352 steals=2 deferred=0
soak-test: t=5135s beat=1017 rounds=1615173410 rate=317440/s wakes=2054527 wakerate=404/s workers=24 refused=0 mismatch=0 stalled=0 drifted=0 crossings=224854 remote=1468790 steals=2 deferred=0
soak-test: t=5140s beat=1018 rounds=1616761407 rate=317599/s wakes=2056547 wakerate=404/s workers=24 refused=0 mismatch=0 stalled=0 drifted=0 crossings=225122 remote=1470220 steals=2 deferred=0
soak-test: t=5145s beat=1019 rounds=1618349444 rate=317607/s wakes=2058567 wakerate=404/s workers=24 refused=0 mismatch=0 stalled=0 drifted=0 crossings=225366 remote=1471653 steals=2 deferred=0
soak-test: t=5151s beat=1020 rounds=1619936948 rate=317500/s wakes=2060587 wakerate=404/s workers=24 refused=0 mismatch=0 stalled=0 drifted=0 crossings=225583 remote=1473098 steals=2 deferred=0
soak-test: t=5156s beat=1021 rounds=1621524282 rate=317466/s wakes=2062607 wakerate=404/s workers=24 refused=0 mismatch=0 stalled=0 drifted=0 crossings=225793 remote=1474535 steals=2 deferred=0
soak-test: t=5161s beat=1022 rounds=1623113231 rate=317789/s wakes=2064627 wakerate=404/s workers=24 refused=0 mismatch=0 stalled=0 drifted=0 crossings=226041 remote=1475973 steals=2 deferred=0
soak-test: t=5166s beat=1023 rounds=1624701248 rate=317603/s wakes=2066647 wakerate=404/s workers=24 refused=0 mismatch=0 stalled=0 drifted=0 crossings=226232 remote=1477429 steals=2 deferred=0
soak-test: t=5171s beat=1024 rounds=1626289218 rate=317594/s wakes=2068667 wakerate=404/s workers=24 refused=0 mismatch=0 stalled=0 drifted=0 crossings=226442 remote=1478870 steals=2 deferred=0
soak-test: t=5176s beat=1025 rounds=1627877351 rate=317626/s wakes=2070687 wakerate=404/s workers=24 refused=0 mismatch=0 stalled=0 drifted=0 crossings=226658 remote=1480322 steals=2 deferred=0
soak-test: t=5181s beat=1026 rounds=1629464735 rate=317476/s wakes=2072707 wakerate=404/s workers=24 refused=0 mismatch=0 stalled=0 drifted=0 crossings=226877 remote=1481766 steals=2 deferred=0
soak-test: t=5186s beat=1027 rounds=1631052336 rate=317520/s wakes=2074727 wakerate=404/s workers=24 refused=0 mismatch=0 stalled=0 drifted=0 crossings=227122 remote=1483207 steals=2 deferred=0
soak-test: t=5191s beat=1028 rounds=1632640363 rate=317605/s wakes=2076747 wakerate=404/s workers=24 refused=0 mismatch=0 stalled=0 drifted=0 crossings=227329 remote=1484652 steals=2 deferred=0
soak-test: t=5196s beat=1029 rounds=1634228046 rate=317536/s wakes=2078767 wakerate=404/s workers=24 refused=0 mismatch=0 stalled=0 drifted=0 crossings=227592 remote=1486087 steals=2 deferred=0
soak-test: t=5201s beat=1030 rounds=1635815879 rate=317566/s wakes=2080787 wakerate=404/s workers=24 refused=0 mismatch=0 stalled=0 drifted=0 crossings=227772 remote=1487553 steals=2 deferred=0
soak-test: t=5206s beat=1031 rounds=1637402777 rate=317379/s wakes=2082807 wakerate=404/s workers=24 refused=0 mismatch=0 stalled=0 drifted=0 crossings=227994 remote=1488993 steals=2 deferred=0
soak-test: t=5211s beat=1032 rounds=1638990907 rate=317626/s wakes=2084827 wakerate=404/s workers=24 refused=0 mismatch=0 stalled=0 drifted=0 crossings=228220 remote=1490437 steals=2 deferred=0
soak-test: t=5216s beat=1033 rounds=1640579223 rate=317663/s wakes=2086847 wakerate=404/s workers=24 refused=0 mismatch=0 stalled=0 drifted=0 crossings=228449 remote=1491880 steals=2 deferred=0
soak-test: t=5221s beat=1034 rounds=1642167917 rate=317738/s wakes=2088867 wakerate=404/s workers=24 refused=0 mismatch=0 stalled=0 drifted=0 crossings=228689 remote=1493313 steals=2 deferred=0
soak-test: t=5226s beat=1035 rounds=1643756001 rate=317616/s wakes=2090887 wakerate=404/s workers=24 refused=0 mismatch=0 stalled=0 drifted=0 crossings=228907 remote=1494758 steals=2 deferred=0
soak-test: t=5231s beat=1036 rounds=1645343911 rate=317582/s wakes=2092907 wakerate=404/s workers=24 refused=0 mismatch=0 stalled=0 drifted=0 crossings=229130 remote=1496208 steals=2 deferred=0
soak-test: t=5236s beat=1037 rounds=1646931782 rate=317574/s wakes=2094927 wakerate=404/s workers=24 refused=0 mismatch=0 stalled=0 drifted=0 crossings=229361 remote=1497648 steals=2 deferred=0
soak-test: t=5241s beat=1038 rounds=1648520389 rate=317721/s wakes=2096947 wakerate=404/s workers=24 refused=0 mismatch=0 stalled=0 drifted=0 crossings=229611 remote=1499074 steals=2 deferred=0
soak-test: t=5246s beat=1039 rounds=1650108855 rate=317693/s wakes=2098967 wakerate=404/s workers=24 refused=0 mismatch=0 stalled=0 drifted=0 crossings=229849 remote=1500523 steals=2 deferred=0
soak-test: t=5252s beat=1040 rounds=1651696945 rate=317618/s wakes=2100987 wakerate=404/s workers=24 refused=0 mismatch=0 stalled=0 drifted=0 crossings=230050 remote=1501976 steals=2 deferred=0
soak-test: t=5257s beat=1041 rounds=1653284558 rate=317522/s wakes=2103007 wakerate=404/s workers=24 refused=0 mismatch=0 stalled=0 drifted=0 crossings=230237 remote=1503430 steals=2 deferred=0
soak-test: t=5262s beat=1042 rounds=1654872610 rate=317610/s wakes=2105027 wakerate=404/s workers=24 refused=0 mismatch=0 stalled=0 drifted=0 crossings=230449 remote=1504877 steals=2 deferred=0
soak-test: t=5267s beat=1043 rounds=1656460253 rate=317528/s wakes=2107047 wakerate=404/s workers=24 refused=0 mismatch=0 stalled=0 drifted=0 crossings=230680 remote=1506311 steals=2 deferred=0
soak-test: t=5272s beat=1044 rounds=1658048084 rate=317566/s wakes=2109067 wakerate=404/s workers=24 refused=0 mismatch=0 stalled=0 drifted=0 crossings=230882 remote=1507758 steals=2 deferred=0
soak-test: t=5277s beat=1045 rounds=1659636361 rate=317655/s wakes=2111087 wakerate=404/s workers=24 refused=0 mismatch=0 stalled=0 drifted=0 crossings=231076 remote=1509208 steals=2 deferred=0
soak-test: t=5282s beat=1046 rounds=1661224403 rate=317608/s wakes=2113107 wakerate=404/s workers=24 refused=0 mismatch=0 stalled=0 drifted=0 crossings=231287 remote=1510656 steals=2 deferred=0
soak-test: t=5287s beat=1047 rounds=1662813073 rate=317734/s wakes=2115127 wakerate=404/s workers=24 refused=0 mismatch=0 stalled=0 drifted=0 crossings=231508 remote=1512103 steals=2 deferred=0
soak-test: t=5292s beat=1048 rounds=1664400735 rate=317532/s wakes=2117147 wakerate=404/s workers=24 refused=0 mismatch=0 stalled=0 drifted=0 crossings=231730 remote=1513552 steals=2 deferred=0
soak-test: t=5297s beat=1049 rounds=1665988860 rate=317625/s wakes=2119167 wakerate=404/s workers=24 refused=0 mismatch=0 stalled=0 drifted=0 crossings=231927 remote=1515005 steals=2 deferred=0
soak-test: t=5302s beat=1050 rounds=1667576321 rate=317492/s wakes=2121187 wakerate=404/s workers=24 refused=0 mismatch=0 stalled=0 drifted=0 crossings=232154 remote=1516452 steals=2 deferred=0
soak-test: t=5307s beat=1051 rounds=1669164991 rate=317734/s wakes=2123207 wakerate=404/s workers=24 refused=0 mismatch=0 stalled=0 drifted=0 crossings=232374 remote=1517893 steals=2 deferred=0
soak-test: t=5312s beat=1052 rounds=1670754280 rate=317857/s wakes=2125227 wakerate=404/s workers=24 refused=0 mismatch=0 stalled=0 drifted=0 crossings=232573 remote=1519344 steals=2 deferred=0
soak-test: t=5317s beat=1053 rounds=1672342251 rate=317594/s wakes=2127247 wakerate=404/s workers=24 refused=0 mismatch=0 stalled=0 drifted=0 crossings=232799 remote=1520792 steals=2 deferred=0
soak-test: t=5322s beat=1054 rounds=1673929926 rate=317535/s wakes=2129267 wakerate=404/s workers=24 refused=0 mismatch=0 stalled=0 drifted=0 crossings=233036 remote=1522230 steals=2 deferred=0
soak-test: t=5327s beat=1055 rounds=1675518109 rate=317636/s wakes=2131287 wakerate=404/s workers=24 refused=0 mismatch=0 stalled=0 drifted=0 crossings=233265 remote=1523666 steals=2 deferred=0
soak-test: t=5332s beat=1056 rounds=1677105522 rate=317482/s wakes=2133307 wakerate=404/s workers=24 refused=0 mismatch=0 stalled=0 drifted=0 crossings=233494 remote=1525110 steals=2 deferred=0
soak-test: t=5337s beat=1057 rounds=1678693450 rate=317585/s wakes=2135327 wakerate=404/s workers=24 refused=0 mismatch=0 stalled=0 drifted=0 crossings=233741 remote=1526540 steals=2 deferred=0
soak-test: t=5342s beat=1058 rounds=1680281015 rate=317513/s wakes=2137347 wakerate=404/s workers=24 refused=0 mismatch=0 stalled=0 drifted=0 crossings=233959 remote=1527978 steals=2 deferred=0
soak-test: t=5347s beat=1059 rounds=1681868496 rate=317496/s wakes=2139367 wakerate=404/s workers=24 refused=0 mismatch=0 stalled=0 drifted=0 crossings=234171 remote=1529418 steals=2 deferred=0
soak-test: t=5353s beat=1060 rounds=1683456303 rate=317561/s wakes=2141387 wakerate=404/s workers=24 refused=0 mismatch=0 stalled=0 drifted=0 crossings=234405 remote=1530863 steals=2 deferred=0
soak-test: t=5358s beat=1061 rounds=1685044440 rate=317627/s wakes=2143407 wakerate=404/s workers=24 refused=0 mismatch=0 stalled=0 drifted=0 crossings=234634 remote=1532309 steals=2 deferred=0
soak-test: t=5363s beat=1062 rounds=1686632350 rate=317582/s wakes=2145427 wakerate=404/s workers=24 refused=0 mismatch=0 stalled=0 drifted=0 crossings=234851 remote=1533754 steals=2 deferred=0
soak-test: t=5368s beat=1063 rounds=1688220172 rate=317564/s wakes=2147447 wakerate=404/s workers=24 refused=0 mismatch=0 stalled=0 drifted=0 crossings=235108 remote=1535182 steals=2 deferred=0
soak-test: t=5373s beat=1064 rounds=1689808749 rate=317715/s wakes=2149467 wakerate=404/s workers=24 refused=0 mismatch=0 stalled=0 drifted=0 crossings=235292 remote=1536645 steals=2 deferred=0
soak-test: t=5378s beat=1065 rounds=1691397205 rate=317691/s wakes=2151487 wakerate=404/s workers=24 refused=0 mismatch=0 stalled=0 drifted=0 crossings=235505 remote=1538091 steals=2 deferred=0
soak-test: t=5383s beat=1066 rounds=1692985636 rate=317686/s wakes=2153507 wakerate=404/s workers=24 refused=0 mismatch=0 stalled=0 drifted=0 crossings=235687 remote=1539555 steals=2 deferred=0
soak-test: t=5388s beat=1067 rounds=1694573145 rate=317501/s wakes=2155527 wakerate=404/s workers=24 refused=0 mismatch=0 stalled=0 drifted=0 crossings=235932 remote=1540984 steals=2 deferred=0
soak-test: t=5393s beat=1068 rounds=1696160767 rate=317524/s wakes=2157547 wakerate=404/s workers=24 refused=0 mismatch=0 stalled=0 drifted=0 crossings=236145 remote=1542443 steals=2 deferred=0
soak-test: t=5398s beat=1069 rounds=1697748277 rate=317502/s wakes=2159567 wakerate=404/s workers=24 refused=0 mismatch=0 stalled=0 drifted=0 crossings=236371 remote=1543882 steals=2 deferred=0
soak-test: t=5403s beat=1070 rounds=1699335220 rate=317388/s wakes=2161587 wakerate=404/s workers=24 refused=0 mismatch=0 stalled=0 drifted=0 crossings=236578 remote=1545329 steals=2 deferred=0
soak-test: t=5408s beat=1071 rounds=1700923461 rate=317648/s wakes=2163607 wakerate=404/s workers=24 refused=0 mismatch=0 stalled=0 drifted=0 crossings=236791 remote=1546788 steals=2 deferred=0
soak-test: t=5413s beat=1072 rounds=1702512041 rate=317716/s wakes=2165627 wakerate=404/s workers=24 refused=0 mismatch=0 stalled=0 drifted=0 crossings=237027 remote=1548223 steals=2 deferred=0
soak-test: t=5418s beat=1073 rounds=1704100248 rate=317641/s wakes=2167647 wakerate=404/s workers=24 refused=0 mismatch=0 stalled=0 drifted=0 crossings=237275 remote=1549662 steals=2 deferred=0
soak-test: t=5423s beat=1074 rounds=1705688190 rate=317588/s wakes=2169667 wakerate=404/s workers=24 refused=0 mismatch=0 stalled=0 drifted=0 crossings=237497 remote=1551105 steals=2 deferred=0
soak-test: t=5428s beat=1075 rounds=1707276045 rate=317571/s wakes=2171687 wakerate=404/s workers=24 refused=0 mismatch=0 stalled=0 drifted=0 crossings=237696 remote=1552552 steals=2 deferred=0
soak-test: t=5433s beat=1076 rounds=1708864301 rate=317651/s wakes=2173707 wakerate=404/s workers=24 refused=0 mismatch=0 stalled=0 drifted=0 crossings=237914 remote=1553995 steals=2 deferred=0
soak-test: t=5438s beat=1077 rounds=1710452140 rate=317567/s wakes=2175727 wakerate=404/s workers=24 refused=0 mismatch=0 stalled=0 drifted=0 crossings=238169 remote=1555419 steals=2 deferred=0
soak-test: t=5443s beat=1078 rounds=1712040512 rate=317674/s wakes=2177747 wakerate=404/s workers=24 refused=0 mismatch=0 stalled=0 drifted=0 crossings=238429 remote=1556855 steals=2 deferred=0
soak-test: t=5448s beat=1079 rounds=1713628538 rate=317605/s wakes=2179767 wakerate=404/s workers=24 refused=0 mismatch=0 stalled=0 drifted=0 crossings=238646 remote=1558306 steals=2 deferred=0
soak-test: t=5454s beat=1080 rounds=1715217111 rate=317714/s wakes=2181787 wakerate=404/s workers=24 refused=0 mismatch=0 stalled=0 drifted=0 crossings=238856 remote=1559751 steals=2 deferred=0
soak-test: t=5459s beat=1081 rounds=1716804556 rate=317489/s wakes=2183807 wakerate=404/s workers=24 refused=0 mismatch=0 stalled=0 drifted=0 crossings=239093 remote=1561187 steals=2 deferred=0
soak-test: t=5464s beat=1082 rounds=1718392742 rate=317637/s wakes=2185827 wakerate=404/s workers=24 refused=0 mismatch=0 stalled=0 drifted=0 crossings=239326 remote=1562631 steals=2 deferred=0
soak-test: t=5469s beat=1083 rounds=1719981094 rate=317670/s wakes=2187847 wakerate=404/s workers=24 refused=0 mismatch=0 stalled=0 drifted=0 crossings=239555 remote=1564072 steals=2 deferred=0
soak-test: t=5474s beat=1084 rounds=1721569408 rate=317662/s wakes=2189867 wakerate=404/s workers=24 refused=0 mismatch=0 stalled=0 drifted=0 crossings=239767 remote=1565520 steals=2 deferred=0
soak-test: t=5479s beat=1085 rounds=1723157398 rate=317598/s wakes=2191887 wakerate=404/s workers=24 refused=0 mismatch=0 stalled=0 drifted=0 crossings=239980 remote=1566957 steals=2 deferred=0
soak-test: t=5484s beat=1086 rounds=1724745865 rate=317693/s wakes=2193907 wakerate=404/s workers=24 refused=0 mismatch=0 stalled=0 drifted=0 crossings=240170 remote=1568418 steals=2 deferred=0
soak-test: t=5489s beat=1087 rounds=1726332790 rate=317385/s wakes=2195927 wakerate=404/s workers=24 refused=0 mismatch=0 stalled=0 drifted=0 crossings=240375 remote=1569873 steals=2 deferred=0
soak-test: t=5494s beat=1088 rounds=1727920580 rate=317558/s wakes=2197947 wakerate=404/s workers=24 refused=0 mismatch=0 stalled=0 drifted=0 crossings=240586 remote=1571307 steals=2 deferred=0
soak-test: t=5499s beat=1089 rounds=1729508891 rate=317662/s wakes=2199967 wakerate=404/s workers=24 refused=0 mismatch=0 stalled=0 drifted=0 crossings=240831 remote=1572751 steals=2 deferred=0
soak-test: t=5504s beat=1090 rounds=1731096814 rate=317584/s wakes=2201987 wakerate=404/s workers=24 refused=0 mismatch=0 stalled=0 drifted=0 crossings=241033 remote=1574203 steals=2 deferred=0
soak-test: t=5509s beat=1091 rounds=1732684534 rate=317544/s wakes=2204007 wakerate=404/s workers=24 refused=0 mismatch=0 stalled=0 drifted=0 crossings=241254 remote=1575647 steals=2 deferred=0
soak-test: t=5514s beat=1092 rounds=1734272479 rate=317589/s wakes=2206027 wakerate=404/s workers=24 refused=0 mismatch=0 stalled=0 drifted=0 crossings=241459 remote=1577091 steals=2 deferred=0
soak-test: t=5519s beat=1093 rounds=1735860754 rate=317655/s wakes=2208047 wakerate=404/s workers=24 refused=0 mismatch=0 stalled=0 drifted=0 crossings=241714 remote=1578520 steals=2 deferred=0
soak-test: t=5524s beat=1094 rounds=1737449710 rate=317791/s wakes=2210067 wakerate=404/s workers=24 refused=0 mismatch=0 stalled=0 drifted=0 crossings=241921 remote=1579968 steals=2 deferred=0
soak-test: t=5529s beat=1095 rounds=1739038389 rate=317735/s wakes=2212087 wakerate=404/s workers=24 refused=0 mismatch=0 stalled=0 drifted=0 crossings=242179 remote=1581397 steals=2 deferred=0
soak-test: t=5534s beat=1096 rounds=1740626670 rate=317656/s wakes=2214107 wakerate=404/s workers=24 refused=0 mismatch=0 stalled=0 drifted=0 crossings=242407 remote=1582829 steals=2 deferred=0
soak-test: t=5539s beat=1097 rounds=1742214489 rate=317563/s wakes=2216127 wakerate=404/s workers=24 refused=0 mismatch=0 stalled=0 drifted=0 crossings=242627 remote=1584268 steals=2 deferred=0
soak-test: t=5544s beat=1098 rounds=1743802199 rate=317542/s wakes=2218147 wakerate=404/s workers=24 refused=0 mismatch=0 stalled=0 drifted=0 crossings=242834 remote=1585717 steals=2 deferred=0
soak-test: t=5549s beat=1099 rounds=1745389366 rate=317433/s wakes=2220167 wakerate=404/s workers=24 refused=0 mismatch=0 stalled=0 drifted=0 crossings=243074 remote=1587155 steals=2 deferred=0
soak-test: t=5555s beat=1100 rounds=1746976871 rate=317501/s wakes=2222187 wakerate=404/s workers=24 refused=0 mismatch=0 stalled=0 drifted=0 crossings=243308 remote=1588601 steals=2 deferred=0
soak-test: t=5560s beat=1101 rounds=1748564887 rate=317603/s wakes=2224207 wakerate=404/s workers=24 refused=0 mismatch=0 stalled=0 drifted=0 crossings=243516 remote=1590060 steals=2 deferred=0
soak-test: t=5565s beat=1102 rounds=1750152157 rate=317454/s wakes=2226227 wakerate=404/s workers=24 refused=0 mismatch=0 stalled=0 drifted=0 crossings=243742 remote=1591503 steals=2 deferred=0
soak-test: t=5570s beat=1103 rounds=1751740097 rate=317588/s wakes=2228247 wakerate=404/s workers=24 refused=0 mismatch=0 stalled=0 drifted=0 crossings=243965 remote=1592946 steals=2 deferred=0
soak-test: t=5575s beat=1104 rounds=1753328025 rate=317585/s wakes=2230267 wakerate=404/s workers=24 refused=0 mismatch=0 stalled=0 drifted=0 crossings=244168 remote=1594394 steals=2 deferred=0
soak-test: t=5580s beat=1105 rounds=1754916793 rate=317753/s wakes=2232287 wakerate=404/s workers=24 refused=0 mismatch=0 stalled=0 drifted=0 crossings=244390 remote=1595838 steals=2 deferred=0
soak-test: t=5585s beat=1106 rounds=1756504843 rate=317610/s wakes=2234307 wakerate=404/s workers=24 refused=0 mismatch=0 stalled=0 drifted=0 crossings=244610 remote=1597282 steals=2 deferred=0
soak-test: t=5590s beat=1107 rounds=1758092980 rate=317627/s wakes=2236327 wakerate=404/s workers=24 refused=0 mismatch=0 stalled=0 drifted=0 crossings=244837 remote=1598729 steals=2 deferred=0
soak-test: t=5595s beat=1108 rounds=1759681157 rate=317635/s wakes=2238347 wakerate=404/s workers=24 refused=0 mismatch=0 stalled=0 drifted=0 crossings=245074 remote=1600170 steals=2 deferred=0
soak-test: t=5600s beat=1109 rounds=1761269159 rate=317600/s wakes=2240367 wakerate=404/s workers=24 refused=0 mismatch=0 stalled=0 drifted=0 crossings=245325 remote=1601603 steals=2 deferred=0
soak-test: t=5605s beat=1110 rounds=1762857568 rate=317681/s wakes=2242387 wakerate=404/s workers=24 refused=0 mismatch=0 stalled=0 drifted=0 crossings=245538 remote=1603053 steals=2 deferred=0
soak-test: t=5610s beat=1111 rounds=1764445152 rate=317516/s wakes=2244407 wakerate=404/s workers=24 refused=0 mismatch=0 stalled=0 drifted=0 crossings=245788 remote=1604497 steals=2 deferred=0
soak-test: t=5615s beat=1112 rounds=1766032933 rate=317556/s wakes=2246427 wakerate=404/s workers=24 refused=0 mismatch=0 stalled=0 drifted=0 crossings=246018 remote=1605940 steals=2 deferred=0
soak-test: t=5620s beat=1113 rounds=1767620219 rate=317457/s wakes=2248447 wakerate=404/s workers=24 refused=0 mismatch=0 stalled=0 drifted=0 crossings=246259 remote=1607374 steals=2 deferred=0
soak-test: t=5625s beat=1114 rounds=1769208099 rate=317576/s wakes=2250467 wakerate=404/s workers=24 refused=0 mismatch=0 stalled=0 drifted=0 crossings=246492 remote=1608810 steals=2 deferred=0
soak-test: t=5630s beat=1115 rounds=1770796240 rate=317628/s wakes=2252487 wakerate=404/s workers=24 refused=0 mismatch=0 stalled=0 drifted=0 crossings=246690 remote=1610258 steals=2 deferred=0
soak-test: t=5635s beat=1116 rounds=1772383303 rate=317412/s wakes=2254507 wakerate=404/s workers=24 refused=0 mismatch=0 stalled=0 drifted=0 crossings=246923 remote=1611706 steals=2 deferred=0
soak-test: t=5640s beat=1117 rounds=1773970595 rate=317458/s wakes=2256527 wakerate=404/s workers=24 refused=0 mismatch=0 stalled=0 drifted=0 crossings=247161 remote=1613152 steals=2 deferred=0
soak-test: t=5645s beat=1118 rounds=1775558401 rate=317561/s wakes=2258547 wakerate=404/s workers=24 refused=0 mismatch=0 stalled=0 drifted=0 crossings=247356 remote=1614603 steals=2 deferred=0
soak-test: t=5650s beat=1119 rounds=1777147008 rate=317721/s wakes=2260567 wakerate=404/s workers=24 refused=0 mismatch=0 stalled=0 drifted=0 crossings=247580 remote=1616043 steals=2 deferred=0
soak-test: t=5656s beat=1120 rounds=1778735053 rate=317609/s wakes=2262587 wakerate=404/s workers=24 refused=0 mismatch=0 stalled=0 drifted=0 crossings=247795 remote=1617489 steals=2 deferred=0
soak-test: t=5661s beat=1121 rounds=1780322840 rate=317557/s wakes=2264607 wakerate=404/s workers=24 refused=0 mismatch=0 stalled=0 drifted=0 crossings=248028 remote=1618937 steals=2 deferred=0
soak-test: t=5666s beat=1122 rounds=1781910692 rate=317570/s wakes=2266627 wakerate=404/s workers=24 refused=0 mismatch=0 stalled=0 drifted=0 crossings=248233 remote=1620393 steals=2 deferred=0
soak-test: t=5671s beat=1123 rounds=1783498804 rate=317622/s wakes=2268647 wakerate=404/s workers=24 refused=0 mismatch=0 stalled=0 drifted=0 crossings=248456 remote=1621835 steals=2 deferred=0
soak-test: t=5676s beat=1124 rounds=1785087277 rate=317694/s wakes=2270667 wakerate=404/s workers=24 refused=0 mismatch=0 stalled=0 drifted=0 crossings=248645 remote=1623293 steals=2 deferred=0
soak-test: t=5681s beat=1125 rounds=1786674661 rate=317476/s wakes=2272687 wakerate=404/s workers=24 refused=0 mismatch=0 stalled=0 drifted=0 crossings=248848 remote=1624742 steals=2 deferred=0
soak-test: t=5686s beat=1126 rounds=1788261944 rate=317456/s wakes=2274707 wakerate=404/s workers=24 refused=0 mismatch=0 stalled=0 drifted=0 crossings=249062 remote=1626188 steals=2 deferred=0
soak-test: t=5691s beat=1127 rounds=1789849317 rate=317474/s wakes=2276727 wakerate=404/s workers=24 refused=0 mismatch=0 stalled=0 drifted=0 crossings=249300 remote=1627624 steals=2 deferred=0
soak-test: t=5696s beat=1128 rounds=1791437601 rate=317656/s wakes=2278747 wakerate=404/s workers=24 refused=0 mismatch=0 stalled=0 drifted=0 crossings=249516 remote=1629070 steals=2 deferred=0
soak-test: t=5701s beat=1129 rounds=1793026293 rate=317738/s wakes=2280767 wakerate=404/s workers=24 refused=0 mismatch=0 stalled=0 drifted=0 crossings=249748 remote=1630505 steals=2 deferred=0
soak-test: t=5706s beat=1130 rounds=1794614346 rate=317610/s wakes=2282787 wakerate=404/s workers=24 refused=0 mismatch=0 stalled=0 drifted=0 crossings=249955 remote=1631965 steals=2 deferred=0
soak-test: t=5711s beat=1131 rounds=1796202374 rate=317605/s wakes=2284807 wakerate=404/s workers=24 refused=0 mismatch=0 stalled=0 drifted=0 crossings=250166 remote=1633404 steals=2 deferred=0
soak-test: t=5716s beat=1132 rounds=1797789832 rate=317491/s wakes=2286827 wakerate=404/s workers=24 refused=0 mismatch=0 stalled=0 drifted=0 crossings=250405 remote=1634842 steals=2 deferred=0
soak-test: t=5721s beat=1133 rounds=1799377652 rate=317564/s wakes=2288847 wakerate=404/s workers=24 refused=0 mismatch=0 stalled=0 drifted=0 crossings=250624 remote=1636292 steals=2 deferred=0
soak-test: t=5726s beat=1134 rounds=1800965809 rate=317631/s wakes=2290867 wakerate=404/s workers=24 refused=0 mismatch=0 stalled=0 drifted=0 crossings=250831 remote=1637748 steals=2 deferred=0
soak-test: t=5731s beat=1135 rounds=1802553878 rate=317613/s wakes=2292887 wakerate=404/s workers=24 refused=0 mismatch=0 stalled=0 drifted=0 crossings=251014 remote=1639202 steals=2 deferred=0
soak-test: t=5736s beat=1136 rounds=1804142501 rate=317724/s wakes=2294907 wakerate=404/s workers=24 refused=0 mismatch=0 stalled=0 drifted=0 crossings=251215 remote=1640660 steals=2 deferred=0
soak-test: t=5741s beat=1137 rounds=1805729947 rate=317489/s wakes=2296927 wakerate=404/s workers=24 refused=0 mismatch=0 stalled=0 drifted=0 crossings=251430 remote=1642117 steals=2 deferred=0
soak-test: t=5746s beat=1138 rounds=1807318952 rate=317801/s wakes=2298947 wakerate=404/s workers=24 refused=0 mismatch=0 stalled=0 drifted=0 crossings=251659 remote=1643555 steals=2 deferred=0
soak-test: t=5751s beat=1139 rounds=1808906902 rate=317590/s wakes=2300967 wakerate=404/s workers=24 refused=0 mismatch=0 stalled=0 drifted=0 crossings=251893 remote=1644985 steals=2 deferred=0
soak-test: t=5757s beat=1140 rounds=1810495054 rate=317630/s wakes=2302987 wakerate=404/s workers=24 refused=0 mismatch=0 stalled=0 drifted=0 crossings=252095 remote=1646429 steals=2 deferred=0
soak-test: t=5762s beat=1141 rounds=1812083101 rate=317609/s wakes=2305007 wakerate=404/s workers=24 refused=0 mismatch=0 stalled=0 drifted=0 crossings=252313 remote=1647874 steals=2 deferred=0
soak-test: t=5767s beat=1142 rounds=1813671502 rate=317680/s wakes=2307027 wakerate=404/s workers=24 refused=0 mismatch=0 stalled=0 drifted=0 crossings=252531 remote=1649307 steals=2 deferred=0
soak-test: t=5772s beat=1143 rounds=1815259667 rate=317633/s wakes=2309047 wakerate=404/s workers=24 refused=0 mismatch=0 stalled=0 drifted=0 crossings=252753 remote=1650754 steals=2 deferred=0
soak-test: t=5777s beat=1144 rounds=1816847800 rate=317626/s wakes=2311067 wakerate=404/s workers=24 refused=0 mismatch=0 stalled=0 drifted=0 crossings=252990 remote=1652199 steals=2 deferred=0
soak-test: t=5782s beat=1145 rounds=1818436443 rate=317728/s wakes=2313087 wakerate=404/s workers=24 refused=0 mismatch=0 stalled=0 drifted=0 crossings=253191 remote=1653650 steals=2 deferred=0
soak-test: t=5787s beat=1146 rounds=1820024622 rate=317635/s wakes=2315107 wakerate=404/s workers=24 refused=0 mismatch=0 stalled=0 drifted=0 crossings=253394 remote=1655103 steals=2 deferred=0
soak-test: t=5792s beat=1147 rounds=1821611986 rate=317472/s wakes=2317127 wakerate=404/s workers=24 refused=0 mismatch=0 stalled=0 drifted=0 crossings=253619 remote=1656533 steals=2 deferred=0
soak-test: t=5797s beat=1148 rounds=1823199690 rate=317540/s wakes=2319147 wakerate=404/s workers=24 refused=0 mismatch=0 stalled=0 drifted=0 crossings=253830 remote=1657981 steals=2 deferred=0
soak-test: t=5802s beat=1149 rounds=1824786866 rate=317435/s wakes=2321167 wakerate=404/s workers=24 refused=0 mismatch=0 stalled=0 drifted=0 crossings=254018 remote=1659434 steals=2 deferred=0
soak-test: t=5807s beat=1150 rounds=1826374313 rate=317489/s wakes=2323187 wakerate=404/s workers=24 refused=0 mismatch=0 stalled=0 drifted=0 crossings=254216 remote=1660883 steals=2 deferred=0
soak-test: t=5812s beat=1151 rounds=1827962379 rate=317613/s wakes=2325207 wakerate=404/s workers=24 refused=0 mismatch=0 stalled=0 drifted=0 crossings=254431 remote=1662334 steals=2 deferred=0
soak-test: t=5817s beat=1152 rounds=1829550824 rate=317689/s wakes=2327227 wakerate=404/s workers=24 refused=0 mismatch=0 stalled=0 drifted=0 crossings=254655 remote=1663776 steals=2 deferred=0
soak-test: t=5822s beat=1153 rounds=1831138815 rate=317598/s wakes=2329247 wakerate=404/s workers=24 refused=0 mismatch=0 stalled=0 drifted=0 crossings=254892 remote=1665213 steals=2 deferred=0
soak-test: t=5827s beat=1154 rounds=1832727435 rate=317724/s wakes=2331267 wakerate=404/s workers=24 refused=0 mismatch=0 stalled=0 drifted=0 crossings=255134 remote=1666657 steals=2 deferred=0
soak-test: t=5832s beat=1155 rounds=1834315463 rate=317605/s wakes=2333287 wakerate=404/s workers=24 refused=0 mismatch=0 stalled=0 drifted=0 crossings=255338 remote=1668102 steals=2 deferred=0
soak-test: t=5837s beat=1156 rounds=1835903564 rate=317620/s wakes=2335307 wakerate=404/s workers=24 refused=0 mismatch=0 stalled=0 drifted=0 crossings=255546 remote=1669555 steals=2 deferred=0
soak-test: t=5842s beat=1157 rounds=1837492129 rate=317713/s wakes=2337327 wakerate=404/s workers=24 refused=0 mismatch=0 stalled=0 drifted=0 crossings=255797 remote=1670989 steals=2 deferred=0
soak-test: t=5847s beat=1158 rounds=1839080312 rate=317636/s wakes=2339347 wakerate=404/s workers=24 refused=0 mismatch=0 stalled=0 drifted=0 crossings=256031 remote=1672432 steals=2 deferred=0
soak-test: t=5852s beat=1159 rounds=1840668705 rate=317678/s wakes=2341367 wakerate=404/s workers=24 refused=0 mismatch=0 stalled=0 drifted=0 crossings=256217 remote=1673881 steals=2 deferred=0
soak-test: t=5858s beat=1160 rounds=1842256585 rate=317576/s wakes=2343387 wakerate=404/s workers=24 refused=0 mismatch=0 stalled=0 drifted=0 crossings=256462 remote=1675320 steals=2 deferred=0
soak-test: t=5863s beat=1161 rounds=1843844363 rate=317555/s wakes=2345407 wakerate=404/s workers=24 refused=0 mismatch=0 stalled=0 drifted=0 crossings=256673 remote=1676763 steals=2 deferred=0
soak-test: t=5868s beat=1162 rounds=1845432612 rate=317649/s wakes=2347427 wakerate=404/s workers=24 refused=0 mismatch=0 stalled=0 drifted=0 crossings=256926 remote=1678191 steals=2 deferred=0
soak-test: t=5873s beat=1163 rounds=1847020670 rate=317611/s wakes=2349447 wakerate=404/s workers=24 refused=0 mismatch=0 stalled=0 drifted=0 crossings=257147 remote=1679633 steals=2 deferred=0
soak-test: t=5878s beat=1164 rounds=1848608676 rate=317601/s wakes=2351467 wakerate=404/s workers=24 refused=0 mismatch=0 stalled=0 drifted=0 crossings=257369 remote=1681082 steals=2 deferred=0
soak-test: t=5883s beat=1165 rounds=1850196413 rate=317547/s wakes=2353487 wakerate=404/s workers=24 refused=0 mismatch=0 stalled=0 drifted=0 crossings=257601 remote=1682525 steals=2 deferred=0
soak-test: t=5888s beat=1166 rounds=1851784241 rate=317565/s wakes=2355507 wakerate=404/s workers=24 refused=0 mismatch=0 stalled=0 drifted=0 crossings=257827 remote=1683968 steals=2 deferred=0
soak-test: t=5893s beat=1167 rounds=1853373021 rate=317756/s wakes=2357527 wakerate=404/s workers=24 refused=0 mismatch=0 stalled=0 drifted=0 crossings=258020 remote=1685419 steals=2 deferred=0
soak-test: t=5898s beat=1168 rounds=1854960688 rate=317533/s wakes=2359547 wakerate=404/s workers=24 refused=0 mismatch=0 stalled=0 drifted=0 crossings=258211 remote=1686873 steals=2 deferred=0
soak-test: t=5903s beat=1169 rounds=1856549832 rate=317828/s wakes=2361567 wakerate=404/s workers=24 refused=0 mismatch=0 stalled=0 drifted=0 crossings=258425 remote=1688318 steals=2 deferred=0
soak-test: t=5908s beat=1170 rounds=1858138054 rate=317644/s wakes=2363587 wakerate=404/s workers=24 refused=0 mismatch=0 stalled=0 drifted=0 crossings=258640 remote=1689763 steals=2 deferred=0
soak-test: t=5913s beat=1171 rounds=1859725488 rate=317486/s wakes=2365607 wakerate=404/s workers=24 refused=0 mismatch=0 stalled=0 drifted=0 crossings=258856 remote=1691203 steals=2 deferred=0
soak-test: t=5918s beat=1172 rounds=1861313781 rate=317658/s wakes=2367627 wakerate=404/s workers=24 refused=0 mismatch=0 stalled=0 drifted=0 crossings=259097 remote=1692638 steals=2 deferred=0
soak-test: t=5923s beat=1173 rounds=1862901455 rate=317534/s wakes=2369647 wakerate=404/s workers=24 refused=0 mismatch=0 stalled=0 drifted=0 crossings=259325 remote=1694083 steals=2 deferred=0
soak-test: t=5928s beat=1174 rounds=1864489077 rate=317524/s wakes=2371667 wakerate=404/s workers=24 refused=0 mismatch=0 stalled=0 drifted=0 crossings=259560 remote=1695517 steals=2 deferred=0
soak-test: t=5933s beat=1175 rounds=1866076980 rate=317580/s wakes=2373687 wakerate=404/s workers=24 refused=0 mismatch=0 stalled=0 drifted=0 crossings=259777 remote=1696965 steals=2 deferred=0
soak-test: t=5938s beat=1176 rounds=1867664193 rate=317442/s wakes=2375707 wakerate=404/s workers=24 refused=0 mismatch=0 stalled=0 drifted=0 crossings=260010 remote=1698413 steals=2 deferred=0
soak-test: t=5943s beat=1177 rounds=1869251528 rate=317467/s wakes=2377727 wakerate=404/s workers=24 refused=0 mismatch=0 stalled=0 drifted=0 crossings=260276 remote=1699841 steals=2 deferred=0
soak-test: t=5948s beat=1178 rounds=1870839164 rate=317527/s wakes=2379747 wakerate=404/s workers=24 refused=0 mismatch=0 stalled=0 drifted=0 crossings=260506 remote=1701280 steals=2 deferred=0
soak-test: t=5953s beat=1179 rounds=1872427456 rate=317658/s wakes=2381767 wakerate=404/s workers=24 refused=0 mismatch=0 stalled=0 drifted=0 crossings=260712 remote=1702737 steals=2 deferred=0
soak-test: t=5959s beat=1180 rounds=1874015744 rate=317657/s wakes=2383787 wakerate=404/s workers=24 refused=0 mismatch=0 stalled=0 drifted=0 crossings=260950 remote=1704179 steals=2 deferred=0
soak-test: t=5964s beat=1181 rounds=1875603475 rate=317546/s wakes=2385807 wakerate=404/s workers=24 refused=0 mismatch=0 stalled=0 drifted=0 crossings=261155 remote=1705622 steals=2 deferred=0
soak-test: t=5969s beat=1182 rounds=1877191293 rate=317563/s wakes=2387827 wakerate=404/s workers=24 refused=0 mismatch=0 stalled=0 drifted=0 crossings=261382 remote=1707054 steals=2 deferred=0
soak-test: t=5974s beat=1183 rounds=1878778954 rate=317532/s wakes=2389847 wakerate=404/s workers=24 refused=0 mismatch=0 stalled=0 drifted=0 crossings=261586 remote=1708507 steals=2 deferred=0
soak-test: t=5979s beat=1184 rounds=1880366693 rate=317547/s wakes=2391867 wakerate=404/s workers=24 refused=0 mismatch=0 stalled=0 drifted=0 crossings=261768 remote=1709964 steals=2 deferred=0
soak-test: t=5984s beat=1185 rounds=1881954414 rate=317544/s wakes=2393887 wakerate=404/s workers=24 refused=0 mismatch=0 stalled=0 drifted=0 crossings=262004 remote=1711398 steals=2 deferred=0
soak-test: t=5989s beat=1186 rounds=1883542252 rate=317567/s wakes=2395907 wakerate=404/s workers=24 refused=0 mismatch=0 stalled=0 drifted=0 crossings=262220 remote=1712854 steals=2 deferred=0
soak-test: t=5994s beat=1187 rounds=1885129608 rate=317471/s wakes=2397927 wakerate=404/s workers=24 refused=0 mismatch=0 stalled=0 drifted=0 crossings=262442 remote=1714300 steals=2 deferred=0
soak-test: t=5999s beat=1188 rounds=1886717440 rate=317566/s wakes=2399947 wakerate=404/s workers=24 refused=0 mismatch=0 stalled=0 drifted=0 crossings=262651 remote=1715745 steals=2 deferred=0
soak-test: t=6004s beat=1189 rounds=1888304830 rate=317478/s wakes=2401967 wakerate=404/s workers=24 refused=0 mismatch=0 stalled=0 drifted=0 crossings=262855 remote=1717199 steals=2 deferred=0
soak-test: t=6009s beat=1190 rounds=1889892840 rate=317602/s wakes=2403987 wakerate=404/s workers=24 refused=0 mismatch=0 stalled=0 drifted=0 crossings=263064 remote=1718636 steals=2 deferred=0
soak-test: t=6014s beat=1191 rounds=1891481315 rate=317695/s wakes=2406007 wakerate=404/s workers=24 refused=0 mismatch=0 stalled=0 drifted=0 crossings=263285 remote=1720085 steals=2 deferred=0
soak-test: t=6019s beat=1192 rounds=1893069141 rate=317565/s wakes=2408027 wakerate=404/s workers=24 refused=0 mismatch=0 stalled=0 drifted=0 crossings=263496 remote=1721529 steals=2 deferred=0
soak-test: t=6024s beat=1193 rounds=1894656595 rate=317490/s wakes=2410047 wakerate=404/s workers=24 refused=0 mismatch=0 stalled=0 drifted=0 crossings=263731 remote=1722981 steals=2 deferred=0
soak-test: t=6029s beat=1194 rounds=1896245210 rate=317723/s wakes=2412067 wakerate=404/s workers=24 refused=0 mismatch=0 stalled=0 drifted=0 crossings=263976 remote=1724418 steals=2 deferred=0
soak-test: t=6034s beat=1195 rounds=1897832045 rate=317367/s wakes=2414087 wakerate=404/s workers=24 refused=0 mismatch=0 stalled=0 drifted=0 crossings=264193 remote=1725857 steals=2 deferred=0
soak-test: t=6039s beat=1196 rounds=1899420370 rate=317665/s wakes=2416107 wakerate=404/s workers=24 refused=0 mismatch=0 stalled=0 drifted=0 crossings=264390 remote=1727313 steals=2 deferred=0
soak-test: t=6044s beat=1197 rounds=1901008052 rate=317536/s wakes=2418127 wakerate=404/s workers=24 refused=0 mismatch=0 stalled=0 drifted=0 crossings=264604 remote=1728760 steals=2 deferred=0
soak-test: t=6049s beat=1198 rounds=1902595881 rate=317565/s wakes=2420147 wakerate=404/s workers=24 refused=0 mismatch=0 stalled=0 drifted=0 crossings=264831 remote=1730204 steals=2 deferred=0
soak-test: t=6054s beat=1199 rounds=1904184578 rate=317739/s wakes=2422167 wakerate=404/s workers=24 refused=0 mismatch=0 stalled=0 drifted=0 crossings=265054 remote=1731650 steals=2 deferred=0
soak-test: t=6060s beat=1200 rounds=1905772883 rate=317661/s wakes=2424187 wakerate=404/s workers=24 refused=0 mismatch=0 stalled=0 drifted=0 crossings=265272 remote=1733091 steals=2 deferred=0
soak-test: t=6065s beat=1201 rounds=1907361029 rate=317629/s wakes=2426207 wakerate=404/s workers=24 refused=0 mismatch=0 stalled=0 drifted=0 crossings=265538 remote=1734526 steals=2 deferred=0
soak-test: t=6070s beat=1202 rounds=1908949123 rate=317618/s wakes=2428227 wakerate=404/s workers=24 refused=0 mismatch=0 stalled=0 drifted=0 crossings=265742 remote=1735977 steals=2 deferred=0
soak-test: t=6075s beat=1203 rounds=1910537067 rate=317588/s wakes=2430247 wakerate=404/s workers=24 refused=0 mismatch=0 stalled=0 drifted=0 crossings=265977 remote=1737426 steals=2 deferred=0
soak-test: t=6080s beat=1204 rounds=1912125539 rate=317694/s wakes=2432267 wakerate=404/s workers=24 refused=0 mismatch=0 stalled=0 drifted=0 crossings=266202 remote=1738865 steals=2 deferred=0
soak-test: t=6085s beat=1205 rounds=1913713743 rate=317640/s wakes=2434287 wakerate=404/s workers=24 refused=0 mismatch=0 stalled=0 drifted=0 crossings=266410 remote=1740303 steals=2 deferred=0
soak-test: t=6090s beat=1206 rounds=1915302110 rate=317673/s wakes=2436307 wakerate=404/s workers=24 refused=0 mismatch=0 stalled=0 drifted=0 crossings=266642 remote=1741743 steals=2 deferred=0
soak-test: t=6095s beat=1207 rounds=1916890005 rate=317579/s wakes=2438327 wakerate=404/s workers=24 refused=0 mismatch=0 stalled=0 drifted=0 crossings=266861 remote=1743180 steals=2 deferred=0
soak-test: t=6100s beat=1208 rounds=1918478195 rate=317638/s wakes=2440347 wakerate=404/s workers=24 refused=0 mismatch=0 stalled=0 drifted=0 crossings=267087 remote=1744617 steals=2 deferred=0
soak-test: t=6105s beat=1209 rounds=1920066200 rate=317601/s wakes=2442367 wakerate=404/s workers=24 refused=0 mismatch=0 stalled=0 drifted=0 crossings=267321 remote=1746059 steals=2 deferred=0
soak-test: t=6110s beat=1210 rounds=1921654384 rate=317636/s wakes=2444387 wakerate=404/s workers=24 refused=0 mismatch=0 stalled=0 drifted=0 crossings=267517 remote=1747508 steals=2 deferred=0
soak-test: t=6115s beat=1211 rounds=1923242762 rate=317675/s wakes=2446407 wakerate=404/s workers=24 refused=0 mismatch=0 stalled=0 drifted=0 crossings=267757 remote=1748943 steals=2 deferred=0
soak-test: t=6120s beat=1212 rounds=1924830090 rate=317465/s wakes=2448427 wakerate=404/s workers=24 refused=0 mismatch=0 stalled=0 drifted=0 crossings=268017 remote=1750370 steals=2 deferred=0
soak-test: t=6125s beat=1213 rounds=1926417835 rate=317549/s wakes=2450447 wakerate=404/s workers=24 refused=0 mismatch=0 stalled=0 drifted=0 crossings=268212 remote=1751833 steals=2 deferred=0
soak-test: t=6130s beat=1214 rounds=1928006433 rate=317719/s wakes=2452467 wakerate=404/s workers=24 refused=0 mismatch=0 stalled=0 drifted=0 crossings=268422 remote=1753282 steals=2 deferred=0
soak-test: t=6135s beat=1215 rounds=1929594357 rate=317584/s wakes=2454487 wakerate=404/s workers=24 refused=0 mismatch=0 stalled=0 drifted=0 crossings=268610 remote=1754750 steals=2 deferred=0
soak-test: t=6140s beat=1216 rounds=1931182550 rate=317638/s wakes=2456507 wakerate=404/s workers=24 refused=0 mismatch=0 stalled=0 drifted=0 crossings=268836 remote=1756202 steals=2 deferred=0
soak-test: t=6145s beat=1217 rounds=1932770398 rate=317569/s wakes=2458527 wakerate=404/s workers=24 refused=0 mismatch=0 stalled=0 drifted=0 crossings=269070 remote=1757645 steals=2 deferred=0
soak-test: t=6150s beat=1218 rounds=1934358349 rate=317590/s wakes=2460547 wakerate=404/s workers=24 refused=0 mismatch=0 stalled=0 drifted=0 crossings=269276 remote=1759100 steals=2 deferred=0
soak-test: t=6155s beat=1219 rounds=1935946326 rate=317595/s wakes=2462567 wakerate=404/s workers=24 refused=0 mismatch=0 stalled=0 drifted=0 crossings=269492 remote=1760549 steals=2 deferred=0
soak-test: t=6161s beat=1220 rounds=1937534072 rate=317549/s wakes=2464587 wakerate=404/s workers=24 refused=0 mismatch=0 stalled=0 drifted=0 crossings=269705 remote=1761984 steals=2 deferred=0
soak-test: t=6166s beat=1221 rounds=1939121901 rate=317565/s wakes=2466607 wakerate=404/s workers=24 refused=0 mismatch=0 stalled=0 drifted=0 crossings=269959 remote=1763417 steals=2 deferred=0
soak-test: t=6171s beat=1222 rounds=1940710078 rate=317635/s wakes=2468627 wakerate=404/s workers=24 refused=0 mismatch=0 stalled=0 drifted=0 crossings=270154 remote=1764867 steals=2 deferred=0
soak-test: t=6176s beat=1223 rounds=1942297918 rate=317568/s wakes=2470647 wakerate=404/s workers=24 refused=0 mismatch=0 stalled=0 drifted=0 crossings=270381 remote=1766312 steals=2 deferred=0
soak-test: t=6181s beat=1224 rounds=1943885537 rate=317523/s wakes=2472667 wakerate=404/s workers=24 refused=0 mismatch=0 stalled=0 drifted=0 crossings=270605 remote=1767762 steals=2 deferred=0
soak-test: t=6186s beat=1225 rounds=1945474184 rate=317729/s wakes=2474687 wakerate=404/s workers=24 refused=0 mismatch=0 stalled=0 drifted=0 crossings=270804 remote=1769216 steals=2 deferred=0
soak-test: t=6191s beat=1226 rounds=1947062256 rate=317614/s wakes=2476707 wakerate=404/s workers=24 refused=0 mismatch=0 stalled=0 drifted=0 crossings=271018 remote=1770668 steals=2 deferred=0
soak-test: t=6196s beat=1227 rounds=1948650492 rate=317647/s wakes=2478727 wakerate=404/s workers=24 refused=0 mismatch=0 stalled=0 drifted=0 crossings=271223 remote=1772125 steals=2 deferred=0
soak-test: t=6201s beat=1228 rounds=1950239498 rate=317801/s wakes=2480747 wakerate=404/s workers=24 refused=0 mismatch=0 stalled=0 drifted=0 crossings=271446 remote=1773573 steals=2 deferred=0
soak-test: t=6206s beat=1229 rounds=1951827889 rate=317678/s wakes=2482767 wakerate=404/s workers=24 refused=0 mismatch=0 stalled=0 drifted=0 crossings=271621 remote=1775025 steals=2 deferred=0
soak-test: t=6211s beat=1230 rounds=1953415695 rate=317561/s wakes=2484787 wakerate=404/s workers=24 refused=0 mismatch=0 stalled=0 drifted=0 crossings=271837 remote=1776469 steals=2 deferred=0
soak-test: t=6216s beat=1231 rounds=1955003082 rate=317477/s wakes=2486807 wakerate=404/s workers=24 refused=0 mismatch=0 stalled=0 drifted=0 crossings=272064 remote=1777902 steals=2 deferred=0
soak-test: t=6221s beat=1232 rounds=1956590425 rate=317468/s wakes=2488827 wakerate=404/s workers=24 refused=0 mismatch=0 stalled=0 drifted=0 crossings=272245 remote=1779369 steals=2 deferred=0
soak-test: t=6226s beat=1233 rounds=1958178713 rate=317657/s wakes=2490847 wakerate=404/s workers=24 refused=0 mismatch=0 stalled=0 drifted=0 crossings=272463 remote=1780818 steals=2 deferred=0
soak-test: t=6231s beat=1234 rounds=1959766922 rate=317641/s wakes=2492867 wakerate=404/s workers=24 refused=0 mismatch=0 stalled=0 drifted=0 crossings=272683 remote=1782263 steals=2 deferred=0
soak-test: t=6236s beat=1235 rounds=1961355098 rate=317635/s wakes=2494887 wakerate=404/s workers=24 refused=0 mismatch=0 stalled=0 drifted=0 crossings=272889 remote=1783717 steals=2 deferred=0
soak-test: t=6241s beat=1236 rounds=1962943588 rate=317698/s wakes=2496907 wakerate=404/s workers=24 refused=0 mismatch=0 stalled=0 drifted=0 crossings=273121 remote=1785158 steals=2 deferred=0
soak-test: t=6246s beat=1237 rounds=1964531614 rate=317605/s wakes=2498927 wakerate=404/s workers=24 refused=0 mismatch=0 stalled=0 drifted=0 crossings=273318 remote=1786612 steals=2 deferred=0
soak-test: t=6251s beat=1238 rounds=1966119491 rate=317575/s wakes=2500947 wakerate=404/s workers=24 refused=0 mismatch=0 stalled=0 drifted=0 crossings=273523 remote=1788074 steals=2 deferred=0
soak-test: t=6256s beat=1239 rounds=1967708455 rate=317792/s wakes=2502967 wakerate=404/s workers=24 refused=0 mismatch=0 stalled=0 drifted=0 crossings=273747 remote=1789519 steals=2 deferred=0
soak-test: t=6262s beat=1240 rounds=1969297120 rate=317733/s wakes=2504987 wakerate=404/s workers=24 refused=0 mismatch=0 stalled=0 drifted=0 crossings=273995 remote=1790958 steals=2 deferred=0
soak-test: t=6267s beat=1241 rounds=1970884742 rate=317524/s wakes=2507007 wakerate=404/s workers=24 refused=0 mismatch=0 stalled=0 drifted=0 crossings=274200 remote=1792408 steals=2 deferred=0
soak-test: t=6272s beat=1242 rounds=1972472539 rate=317559/s wakes=2509027 wakerate=404/s workers=24 refused=0 mismatch=0 stalled=0 drifted=0 crossings=274450 remote=1793857 steals=2 deferred=0
soak-test: t=6277s beat=1243 rounds=1974060624 rate=317617/s wakes=2511047 wakerate=404/s workers=24 refused=0 mismatch=0 stalled=0 drifted=0 crossings=274702 remote=1795291 steals=2 deferred=0
soak-test: t=6282s beat=1244 rounds=1975648861 rate=317647/s wakes=2513067 wakerate=404/s workers=24 refused=0 mismatch=0 stalled=0 drifted=0 crossings=274907 remote=1796728 steals=2 deferred=0
soak-test: t=6287s beat=1245 rounds=1977237129 rate=317653/s wakes=2515087 wakerate=404/s workers=24 refused=0 mismatch=0 stalled=0 drifted=0 crossings=275107 remote=1798187 steals=2 deferred=0
soak-test: t=6292s beat=1246 rounds=1978825229 rate=317620/s wakes=2517107 wakerate=404/s workers=24 refused=0 mismatch=0 stalled=0 drifted=0 crossings=275314 remote=1799634 steals=2 deferred=0
soak-test: t=6297s beat=1247 rounds=1980413076 rate=317569/s wakes=2519127 wakerate=404/s workers=24 refused=0 mismatch=0 stalled=0 drifted=0 crossings=275521 remote=1801067 steals=2 deferred=0
soak-test: t=6302s beat=1248 rounds=1982000658 rate=317516/s wakes=2521147 wakerate=404/s workers=24 refused=0 mismatch=0 stalled=0 drifted=0 crossings=275740 remote=1802516 steals=2 deferred=0
soak-test: t=6307s beat=1249 rounds=1983588538 rate=317576/s wakes=2523167 wakerate=404/s workers=24 refused=0 mismatch=0 stalled=0 drifted=0 crossings=275906 remote=1803976 steals=2 deferred=0
soak-test: t=6312s beat=1250 rounds=1985176493 rate=317591/s wakes=2525187 wakerate=404/s workers=24 refused=0 mismatch=0 stalled=0 drifted=0 crossings=276138 remote=1805417 steals=2 deferred=0
soak-test: t=6317s beat=1251 rounds=1986765413 rate=317784/s wakes=2527207 wakerate=404/s workers=24 refused=0 mismatch=0 stalled=0 drifted=0 crossings=276361 remote=1806857 steals=2 deferred=0
soak-test: t=6322s beat=1252 rounds=1988353084 rate=317534/s wakes=2529227 wakerate=404/s workers=24 refused=0 mismatch=0 stalled=0 drifted=0 crossings=276586 remote=1808293 steals=2 deferred=0
soak-test: t=6327s beat=1253 rounds=1989941339 rate=317651/s wakes=2531247 wakerate=404/s workers=24 refused=0 mismatch=0 stalled=0 drifted=0 crossings=276767 remote=1809746 steals=2 deferred=0
soak-test: t=6332s beat=1254 rounds=1991528762 rate=317484/s wakes=2533267 wakerate=404/s workers=24 refused=0 mismatch=0 stalled=0 drifted=0 crossings=276976 remote=1811197 steals=2 deferred=0
soak-test: t=6337s beat=1255 rounds=1993116752 rate=317598/s wakes=2535287 wakerate=404/s workers=24 refused=0 mismatch=0 stalled=0 drifted=0 crossings=277198 remote=1812650 steals=2 deferred=0
soak-test: t=6342s beat=1256 rounds=1994704059 rate=317461/s wakes=2537307 wakerate=404/s workers=24 refused=0 mismatch=0 stalled=0 drifted=0 crossings=277421 remote=1814090 steals=2 deferred=0
soak-test: t=6347s beat=1257 rounds=1996292318 rate=317651/s wakes=2539327 wakerate=404/s workers=24 refused=0 mismatch=0 stalled=0 drifted=0 crossings=277645 remote=1815538 steals=2 deferred=0
soak-test: t=6352s beat=1258 rounds=1997879845 rate=317505/s wakes=2541347 wakerate=404/s workers=24 refused=0 mismatch=0 stalled=0 drifted=0 crossings=277887 remote=1816972 steals=2 deferred=0
soak-test: t=6357s beat=1259 rounds=1999467636 rate=317558/s wakes=2543367 wakerate=404/s workers=24 refused=0 mismatch=0 stalled=0 drifted=0 crossings=278084 remote=1818418 steals=2 deferred=0
soak-test: t=6363s beat=1260 rounds=2001056064 rate=317685/s wakes=2545387 wakerate=404/s workers=24 refused=0 mismatch=0 stalled=0 drifted=0 crossings=278317 remote=1819854 steals=2 deferred=0
soak-test: t=6368s beat=1261 rounds=2002643491 rate=317485/s wakes=2547407 wakerate=404/s workers=24 refused=0 mismatch=0 stalled=0 drifted=0 crossings=278546 remote=1821293 steals=2 deferred=0
soak-test: t=6373s beat=1262 rounds=2004231497 rate=317601/s wakes=2549427 wakerate=404/s workers=24 refused=0 mismatch=0 stalled=0 drifted=0 crossings=278780 remote=1822726 steals=2 deferred=0
soak-test: t=6378s beat=1263 rounds=2005819527 rate=317606/s wakes=2551447 wakerate=404/s workers=24 refused=0 mismatch=0 stalled=0 drifted=0 crossings=278974 remote=1824178 steals=2 deferred=0
soak-test: t=6383s beat=1264 rounds=2007407450 rate=317584/s wakes=2553467 wakerate=404/s workers=24 refused=0 mismatch=0 stalled=0 drifted=0 crossings=279173 remote=1825623 steals=2 deferred=0
soak-test: t=6388s beat=1265 rounds=2008995716 rate=317653/s wakes=2555487 wakerate=404/s workers=24 refused=0 mismatch=0 stalled=0 drifted=0 crossings=279394 remote=1827069 steals=2 deferred=0
soak-test: t=6393s beat=1266 rounds=2010583136 rate=317484/s wakes=2557507 wakerate=404/s workers=24 refused=0 mismatch=0 stalled=0 drifted=0 crossings=279610 remote=1828526 steals=2 deferred=0
soak-test: t=6398s beat=1267 rounds=2012171191 rate=317611/s wakes=2559527 wakerate=404/s workers=24 refused=0 mismatch=0 stalled=0 drifted=0 crossings=279849 remote=1829954 steals=2 deferred=0
soak-test: t=6403s beat=1268 rounds=2013758521 rate=317466/s wakes=2561547 wakerate=404/s workers=24 refused=0 mismatch=0 stalled=0 drifted=0 crossings=280116 remote=1831389 steals=2 deferred=0
soak-test: t=6408s beat=1269 rounds=2015346638 rate=317623/s wakes=2563567 wakerate=404/s workers=24 refused=0 mismatch=0 stalled=0 drifted=0 crossings=280332 remote=1832840 steals=2 deferred=0
soak-test: t=6413s beat=1270 rounds=2016934572 rate=317586/s wakes=2565587 wakerate=404/s workers=24 refused=0 mismatch=0 stalled=0 drifted=0 crossings=280571 remote=1834283 steals=2 deferred=0
soak-test: t=6418s beat=1271 rounds=2018522183 rate=317522/s wakes=2567607 wakerate=404/s workers=24 refused=0 mismatch=0 stalled=0 drifted=0 crossings=280787 remote=1835726 steals=2 deferred=0
soak-test: t=6423s beat=1272 rounds=2020110129 rate=317589/s wakes=2569627 wakerate=404/s workers=24 refused=0 mismatch=0 stalled=0 drifted=0 crossings=281032 remote=1837155 steals=2 deferred=0
soak-test: t=6428s beat=1273 rounds=2021697487 rate=317471/s wakes=2571647 wakerate=404/s workers=24 refused=0 mismatch=0 stalled=0 drifted=0 crossings=281252 remote=1838600 steals=2 deferred=0
soak-test: t=6433s beat=1274 rounds=2023284776 rate=317457/s wakes=2573667 wakerate=404/s workers=24 refused=0 mismatch=0 stalled=0 drifted=0 crossings=281504 remote=1840034 steals=2 deferred=0
soak-test: t=6438s beat=1275 rounds=2024871936 rate=317432/s wakes=2575687 wakerate=404/s workers=24 refused=0 mismatch=0 stalled=0 drifted=0 crossings=281732 remote=1841475 steals=2 deferred=0
soak-test: t=6443s beat=1276 rounds=2026459923 rate=317597/s wakes=2577707 wakerate=404/s workers=24 refused=0 mismatch=0 stalled=0 drifted=0 crossings=281938 remote=1842922 steals=2 deferred=0
soak-test: t=6448s beat=1277 rounds=2028047439 rate=317503/s wakes=2579727 wakerate=404/s workers=24 refused=0 mismatch=0 stalled=0 drifted=0 crossings=282140 remote=1844364 steals=2 deferred=0
soak-test: t=6453s beat=1278 rounds=2029636109 rate=317734/s wakes=2581747 wakerate=404/s workers=24 refused=0 mismatch=0 stalled=0 drifted=0 crossings=282386 remote=1845810 steals=2 deferred=0
soak-test: t=6458s beat=1279 rounds=2031223963 rate=317570/s wakes=2583767 wakerate=404/s workers=24 refused=0 mismatch=0 stalled=0 drifted=0 crossings=282626 remote=1847246 steals=2 deferred=0
soak-test: t=6464s beat=1280 rounds=2032812155 rate=317638/s wakes=2585787 wakerate=404/s workers=24 refused=0 mismatch=0 stalled=0 drifted=0 crossings=282822 remote=1848695 steals=2 deferred=0
soak-test: t=6469s beat=1281 rounds=2034401056 rate=317780/s wakes=2587807 wakerate=404/s workers=24 refused=0 mismatch=0 stalled=0 drifted=0 crossings=283070 remote=1850127 steals=2 deferred=0
soak-test: t=6474s beat=1282 rounds=2035988326 rate=317454/s wakes=2589827 wakerate=404/s workers=24 refused=0 mismatch=0 stalled=0 drifted=0 crossings=283299 remote=1851577 steals=2 deferred=0
soak-test: t=6479s beat=1283 rounds=2037576022 rate=317539/s wakes=2591847 wakerate=404/s workers=24 refused=0 mismatch=0 stalled=0 drifted=0 crossings=283529 remote=1853010 steals=2 deferred=0
soak-test: t=6484s beat=1284 rounds=2039163412 rate=317478/s wakes=2593867 wakerate=404/s workers=24 refused=0 mismatch=0 stalled=0 drifted=0 crossings=283748 remote=1854467 steals=2 deferred=0
soak-test: t=6489s beat=1285 rounds=2040751027 rate=317523/s wakes=2595887 wakerate=404/s workers=24 refused=0 mismatch=0 stalled=0 drifted=0 crossings=283961 remote=1855906 steals=2 deferred=0
soak-test: t=6494s beat=1286 rounds=2042339431 rate=317680/s wakes=2597907 wakerate=404/s workers=24 refused=0 mismatch=0 stalled=0 drifted=0 crossings=284225 remote=1857340 steals=2 deferred=0
soak-test: t=6499s beat=1287 rounds=2043927380 rate=317589/s wakes=2599927 wakerate=404/s workers=24 refused=0 mismatch=0 stalled=0 drifted=0 crossings=284462 remote=1858772 steals=2 deferred=0
soak-test: t=6504s beat=1288 rounds=2045515399 rate=317603/s wakes=2601947 wakerate=404/s workers=24 refused=0 mismatch=0 stalled=0 drifted=0 crossings=284698 remote=1860205 steals=2 deferred=0
soak-test: t=6509s beat=1289 rounds=2047103268 rate=317573/s wakes=2603967 wakerate=404/s workers=24 refused=0 mismatch=0 stalled=0 drifted=0 crossings=284909 remote=1861658 steals=2 deferred=0
soak-test: t=6514s beat=1290 rounds=2048690768 rate=317500/s wakes=2605987 wakerate=404/s workers=24 refused=0 mismatch=0 stalled=0 drifted=0 crossings=285130 remote=1863101 steals=2 deferred=0
soak-test: t=6519s beat=1291 rounds=2050278243 rate=317495/s wakes=2608007 wakerate=404/s workers=24 refused=0 mismatch=0 stalled=0 drifted=0 crossings=285336 remote=1864550 steals=2 deferred=0
soak-test: t=6524s beat=1292 rounds=2051866326 rate=317616/s wakes=2610027 wakerate=404/s workers=24 refused=0 mismatch=0 stalled=0 drifted=0 crossings=285565 remote=1865992 steals=2 deferred=0
soak-test: t=6529s beat=1293 rounds=2053454716 rate=317678/s wakes=2612047 wakerate=404/s workers=24 refused=0 mismatch=0 stalled=0 drifted=0 crossings=285761 remote=1867442 steals=2 deferred=0
soak-test: t=6534s beat=1294 rounds=2055042143 rate=317485/s wakes=2614067 wakerate=404/s workers=24 refused=0 mismatch=0 stalled=0 drifted=0 crossings=285974 remote=1868880 steals=2 deferred=0
soak-test: t=6539s beat=1295 rounds=2056630172 rate=317605/s wakes=2616087 wakerate=404/s workers=24 refused=0 mismatch=0 stalled=0 drifted=0 crossings=286182 remote=1870333 steals=2 deferred=0
soak-test: t=6544s beat=1296 rounds=2058218570 rate=317679/s wakes=2618107 wakerate=404/s workers=24 refused=0 mismatch=0 stalled=0 drifted=0 crossings=286398 remote=1871780 steals=2 deferred=0
soak-test: t=6549s beat=1297 rounds=2059806471 rate=317580/s wakes=2620127 wakerate=404/s workers=24 refused=0 mismatch=0 stalled=0 drifted=0 crossings=286613 remote=1873226 steals=2 deferred=0
soak-test: t=6554s beat=1298 rounds=2061394914 rate=317688/s wakes=2622147 wakerate=404/s workers=24 refused=0 mismatch=0 stalled=0 drifted=0 crossings=286859 remote=1874652 steals=2 deferred=0
soak-test: t=6559s beat=1299 rounds=2062983528 rate=317722/s wakes=2624167 wakerate=404/s workers=24 refused=0 mismatch=0 stalled=0 drifted=0 crossings=287079 remote=1876099 steals=2 deferred=0
soak-test: t=6565s beat=1300 rounds=2064572151 rate=317724/s wakes=2626187 wakerate=404/s workers=24 refused=0 mismatch=0 stalled=0 drifted=0 crossings=287300 remote=1877536 steals=2 deferred=0
soak-test: t=6570s beat=1301 rounds=2066160525 rate=317674/s wakes=2628207 wakerate=404/s workers=24 refused=0 mismatch=0 stalled=0 drifted=0 crossings=287509 remote=1878978 steals=2 deferred=0
soak-test: t=6575s beat=1302 rounds=2067748508 rate=317596/s wakes=2630227 wakerate=404/s workers=24 refused=0 mismatch=0 stalled=0 drifted=0 crossings=287724 remote=1880421 steals=2 deferred=0
soak-test: t=6580s beat=1303 rounds=2069336344 rate=317567/s wakes=2632247 wakerate=404/s workers=24 refused=0 mismatch=0 stalled=0 drifted=0 crossings=287973 remote=1881848 steals=2 deferred=0
soak-test: t=6585s beat=1304 rounds=2070923685 rate=317468/s wakes=2634267 wakerate=404/s workers=24 refused=0 mismatch=0 stalled=0 drifted=0 crossings=288209 remote=1883280 steals=2 deferred=0
soak-test: t=6590s beat=1305 rounds=2072511442 rate=317551/s wakes=2636287 wakerate=404/s workers=24 refused=0 mismatch=0 stalled=0 drifted=0 crossings=288448 remote=1884709 steals=2 deferred=0
soak-test: t=6595s beat=1306 rounds=2074098884 rate=317488/s wakes=2638307 wakerate=404/s workers=24 refused=0 mismatch=0 stalled=0 drifted=0 crossings=288659 remote=1886148 steals=2 deferred=0
soak-test: t=6600s beat=1307 rounds=2075686260 rate=317475/s wakes=2640327 wakerate=404/s workers=24 refused=0 mismatch=0 stalled=0 drifted=0 crossings=288878 remote=1887580 steals=2 deferred=0
soak-test: t=6605s beat=1308 rounds=2077274472 rate=317642/s wakes=2642347 wakerate=404/s workers=24 refused=0 mismatch=0 stalled=0 drifted=0 crossings=289078 remote=1889022 steals=2 deferred=0
soak-test: t=6610s beat=1309 rounds=2078862604 rate=317626/s wakes=2644367 wakerate=404/s workers=24 refused=0 mismatch=0 stalled=0 drifted=0 crossings=289308 remote=1890466 steals=2 deferred=0
soak-test: t=6615s beat=1310 rounds=2080451281 rate=317735/s wakes=2646387 wakerate=404/s workers=24 refused=0 mismatch=0 stalled=0 drifted=0 crossings=289547 remote=1891901 steals=2 deferred=0
soak-test: t=6620s beat=1311 rounds=2082039701 rate=317684/s wakes=2648407 wakerate=404/s workers=24 refused=0 mismatch=0 stalled=0 drifted=0 crossings=289786 remote=1893328 steals=2 deferred=0
soak-test: t=6625s beat=1312 rounds=2083628175 rate=317694/s wakes=2650427 wakerate=404/s workers=24 refused=0 mismatch=0 stalled=0 drifted=0 crossings=290014 remote=1894763 steals=2 deferred=0
soak-test: t=6630s beat=1313 rounds=2085216249 rate=317614/s wakes=2652447 wakerate=404/s workers=24 refused=0 mismatch=0 stalled=0 drifted=0 crossings=290277 remote=1896203 steals=2 deferred=0
soak-test: t=6635s beat=1314 rounds=2086804061 rate=317562/s wakes=2654467 wakerate=404/s workers=24 refused=0 mismatch=0 stalled=0 drifted=0 crossings=290520 remote=1897636 steals=2 deferred=0
soak-test: t=6640s beat=1315 rounds=2088391836 rate=317555/s wakes=2656487 wakerate=404/s workers=24 refused=0 mismatch=0 stalled=0 drifted=0 crossings=290703 remote=1899086 steals=2 deferred=0
soak-test: t=6645s beat=1316 rounds=2089980382 rate=317709/s wakes=2658507 wakerate=404/s workers=24 refused=0 mismatch=0 stalled=0 drifted=0 crossings=290906 remote=1900542 steals=2 deferred=0
soak-test: t=6650s beat=1317 rounds=2091568336 rate=317590/s wakes=2660527 wakerate=404/s workers=24 refused=0 mismatch=0 stalled=0 drifted=0 crossings=291101 remote=1901995 steals=2 deferred=0
soak-test: t=6655s beat=1318 rounds=2093156226 rate=317578/s wakes=2662547 wakerate=404/s workers=24 refused=0 mismatch=0 stalled=0 drifted=0 crossings=291305 remote=1903439 steals=2 deferred=0
soak-test: t=6660s beat=1319 rounds=2094743960 rate=317546/s wakes=2664567 wakerate=404/s workers=24 refused=0 mismatch=0 stalled=0 drifted=0 crossings=291536 remote=1904883 steals=2 deferred=0
soak-test: t=6666s beat=1320 rounds=2096332148 rate=317637/s wakes=2666587 wakerate=404/s workers=24 refused=0 mismatch=0 stalled=0 drifted=0 crossings=291744 remote=1906329 steals=2 deferred=0
soak-test: t=6671s beat=1321 rounds=2097920794 rate=317729/s wakes=2668607 wakerate=404/s workers=24 refused=0 mismatch=0 stalled=0 drifted=0 crossings=291994 remote=1907768 steals=2 deferred=0
soak-test: t=6676s beat=1322 rounds=2099508159 rate=317473/s wakes=2670627 wakerate=404/s workers=24 refused=0 mismatch=0 stalled=0 drifted=0 crossings=292219 remote=1909205 steals=2 deferred=0
soak-test: t=6681s beat=1323 rounds=2101095879 rate=317544/s wakes=2672647 wakerate=404/s workers=24 refused=0 mismatch=0 stalled=0 drifted=0 crossings=292443 remote=1910651 steals=2 deferred=0
soak-test: t=6686s beat=1324 rounds=2102683281 rate=317480/s wakes=2674667 wakerate=404/s workers=24 refused=0 mismatch=0 stalled=0 drifted=0 crossings=292688 remote=1912084 steals=2 deferred=0
soak-test: t=6691s beat=1325 rounds=2104271608 rate=317665/s wakes=2676687 wakerate=404/s workers=24 refused=0 mismatch=0 stalled=0 drifted=0 crossings=292920 remote=1913539 steals=2 deferred=0
soak-test: t=6696s beat=1326 rounds=2105859483 rate=317575/s wakes=2678707 wakerate=404/s workers=24 refused=0 mismatch=0 stalled=0 drifted=0 crossings=293113 remote=1914996 steals=2 deferred=0
soak-test: t=6701s beat=1327 rounds=2107448425 rate=317788/s wakes=2680727 wakerate=404/s workers=24 refused=0 mismatch=0 stalled=0 drifted=0 crossings=293299 remote=1916440 steals=2 deferred=0
soak-test: t=6706s beat=1328 rounds=2109036199 rate=317554/s wakes=2682747 wakerate=404/s workers=24 refused=0 mismatch=0 stalled=0 drifted=0 crossings=293521 remote=1917879 steals=2 deferred=0
soak-test: t=6711s beat=1329 rounds=2110624082 rate=317576/s wakes=2684767 wakerate=404/s workers=24 refused=0 mismatch=0 stalled=0 drifted=0 crossings=293747 remote=1919335 steals=2 deferred=0
soak-test: t=6716s beat=1330 rounds=2112212647 rate=317713/s wakes=2686787 wakerate=404/s workers=24 refused=0 mismatch=0 stalled=0 drifted=0 crossings=293959 remote=1920783 steals=2 deferred=0
soak-test: t=6721s beat=1331 rounds=2113800649 rate=317600/s wakes=2688807 wakerate=404/s workers=24 refused=0 mismatch=0 stalled=0 drifted=0 crossings=294174 remote=1922233 steals=2 deferred=0
soak-test: t=6726s beat=1332 rounds=2115389147 rate=317699/s wakes=2690827 wakerate=404/s workers=24 refused=0 mismatch=0 stalled=0 drifted=0 crossings=294367 remote=1923693 steals=2 deferred=0
soak-test: t=6731s beat=1333 rounds=2116976718 rate=317514/s wakes=2692847 wakerate=404/s workers=24 refused=0 mismatch=0 stalled=0 drifted=0 crossings=294600 remote=1925135 steals=2 deferred=0
soak-test: t=6736s beat=1334 rounds=2118565238 rate=317704/s wakes=2694867 wakerate=404/s workers=24 refused=0 mismatch=0 stalled=0 drifted=0 crossings=294841 remote=1926579 steals=2 deferred=0
soak-test: t=6741s beat=1335 rounds=2120152433 rate=317439/s wakes=2696887 wakerate=404/s workers=24 refused=0 mismatch=0 stalled=0 drifted=0 crossings=295071 remote=1928020 steals=2 deferred=0
soak-test: t=6746s beat=1336 rounds=2121740733 rate=317660/s wakes=2698907 wakerate=404/s workers=24 refused=0 mismatch=0 stalled=0 drifted=0 crossings=295275 remote=1929472 steals=2 deferred=0
soak-test: t=6751s beat=1337 rounds=2123328986 rate=317650/s wakes=2700927 wakerate=404/s workers=24 refused=0 mismatch=0 stalled=0 drifted=0 crossings=295493 remote=1930911 steals=2 deferred=0
soak-test: t=6756s beat=1338 rounds=2124916455 rate=317493/s wakes=2702947 wakerate=404/s workers=24 refused=0 mismatch=0 stalled=0 drifted=0 crossings=295709 remote=1932350 steals=2 deferred=0
soak-test: t=6761s beat=1339 rounds=2126504954 rate=317699/s wakes=2704967 wakerate=404/s workers=24 refused=0 mismatch=0 stalled=0 drifted=0 crossings=295906 remote=1933793 steals=2 deferred=0
soak-test: t=6767s beat=1340 rounds=2128092312 rate=317471/s wakes=2706987 wakerate=404/s workers=24 refused=0 mismatch=0 stalled=0 drifted=0 crossings=296101 remote=1935245 steals=2 deferred=0
soak-test: t=6772s beat=1341 rounds=2129680736 rate=317684/s wakes=2709007 wakerate=404/s workers=24 refused=0 mismatch=0 stalled=0 drifted=0 crossings=296301 remote=1936693 steals=2 deferred=0
soak-test: t=6777s beat=1342 rounds=2131268361 rate=317525/s wakes=2711027 wakerate=404/s workers=24 refused=0 mismatch=0 stalled=0 drifted=0 crossings=296509 remote=1938128 steals=2 deferred=0
soak-test: t=6782s beat=1343 rounds=2132856457 rate=317619/s wakes=2713047 wakerate=404/s workers=24 refused=0 mismatch=0 stalled=0 drifted=0 crossings=296727 remote=1939565 steals=2 deferred=0
soak-test: t=6787s beat=1344 rounds=2134444176 rate=317543/s wakes=2715067 wakerate=404/s workers=24 refused=0 mismatch=0 stalled=0 drifted=0 crossings=296953 remote=1941015 steals=2 deferred=0
soak-test: t=6792s beat=1345 rounds=2136032553 rate=317675/s wakes=2717087 wakerate=404/s workers=24 refused=0 mismatch=0 stalled=0 drifted=0 crossings=297167 remote=1942459 steals=2 deferred=0
soak-test: t=6797s beat=1346 rounds=2137620861 rate=317661/s wakes=2719107 wakerate=404/s workers=24 refused=0 mismatch=0 stalled=0 drifted=0 crossings=297402 remote=1943902 steals=2 deferred=0
soak-test: t=6802s beat=1347 rounds=2139208584 rate=317544/s wakes=2721127 wakerate=404/s workers=24 refused=0 mismatch=0 stalled=0 drifted=0 crossings=297650 remote=1945333 steals=2 deferred=0
soak-test: t=6807s beat=1348 rounds=2140796264 rate=317536/s wakes=2723147 wakerate=404/s workers=24 refused=0 mismatch=0 stalled=0 drifted=0 crossings=297891 remote=1946778 steals=2 deferred=0
soak-test: t=6812s beat=1349 rounds=2142384480 rate=317643/s wakes=2725167 wakerate=404/s workers=24 refused=0 mismatch=0 stalled=0 drifted=0 crossings=298095 remote=1948229 steals=2 deferred=0
soak-test: t=6817s beat=1350 rounds=2143971588 rate=317421/s wakes=2727187 wakerate=404/s workers=24 refused=0 mismatch=0 stalled=0 drifted=0 crossings=298320 remote=1949676 steals=2 deferred=0
soak-test: t=6822s beat=1351 rounds=2145559387 rate=317559/s wakes=2729207 wakerate=404/s workers=24 refused=0 mismatch=0 stalled=0 drifted=0 crossings=298538 remote=1951125 steals=2 deferred=0
soak-test: t=6827s beat=1352 rounds=2147146860 rate=317494/s wakes=2731227 wakerate=404/s workers=24 refused=0 mismatch=0 stalled=0 drifted=0 crossings=298754 remote=1952567 steals=2 deferred=0
soak-test: t=6832s beat=1353 rounds=2148734832 rate=317594/s wakes=2733247 wakerate=404/s workers=24 refused=0 mismatch=0 stalled=0 drifted=0 crossings=298980 remote=1954006 steals=2 deferred=0
soak-test: t=6837s beat=1354 rounds=2150322007 rate=317435/s wakes=2735267 wakerate=404/s workers=24 refused=0 mismatch=0 stalled=0 drifted=0 crossings=299180 remote=1955455 steals=2 deferred=0
soak-test: t=6842s beat=1355 rounds=2151909277 rate=317454/s wakes=2737287 wakerate=404/s workers=24 refused=0 mismatch=0 stalled=0 drifted=0 crossings=299394 remote=1956889 steals=2 deferred=0
soak-test: t=6847s beat=1356 rounds=2153497597 rate=317664/s wakes=2739307 wakerate=404/s workers=24 refused=0 mismatch=0 stalled=0 drifted=0 crossings=299617 remote=1958333 steals=2 deferred=0
soak-test: t=6852s beat=1357 rounds=2155085295 rate=317539/s wakes=2741327 wakerate=404/s workers=24 refused=0 mismatch=0 stalled=0 drifted=0 crossings=299819 remote=1959786 steals=2 deferred=0
soak-test: t=6857s beat=1358 rounds=2156672987 rate=317538/s wakes=2743347 wakerate=404/s workers=24 refused=0 mismatch=0 stalled=0 drifted=0 crossings=300073 remote=1961218 steals=2 deferred=0
soak-test: t=6862s beat=1359 rounds=2158261264 rate=317655/s wakes=2745367 wakerate=404/s workers=24 refused=0 mismatch=0 stalled=0 drifted=0 crossings=300298 remote=1962664 steals=2 deferred=0
soak-test: t=6868s beat=1360 rounds=2159849000 rate=317547/s wakes=2747387 wakerate=404/s workers=24 refused=0 mismatch=0 stalled=0 drifted=0 crossings=300513 remote=1964112 steals=2 deferred=0
soak-test: t=6873s beat=1361 rounds=2161436903 rate=317580/s wakes=2749407 wakerate=404/s workers=24 refused=0 mismatch=0 stalled=0 drifted=0 crossings=300735 remote=1965555 steals=2 deferred=0
soak-test: t=6878s beat=1362 rounds=2163025311 rate=317681/s wakes=2751427 wakerate=404/s workers=24 refused=0 mismatch=0 stalled=0 drifted=0 crossings=300941 remote=1967020 steals=2 deferred=0
soak-test: t=6883s beat=1363 rounds=2164613650 rate=317667/s wakes=2753447 wakerate=404/s workers=24 refused=0 mismatch=0 stalled=0 drifted=0 crossings=301139 remote=1968468 steals=2 deferred=0
soak-test: t=6888s beat=1364 rounds=2166202006 rate=317671/s wakes=2755467 wakerate=404/s workers=24 refused=0 mismatch=0 stalled=0 drifted=0 crossings=301394 remote=1969895 steals=2 deferred=0
soak-test: t=6893s beat=1365 rounds=2167790353 rate=317669/s wakes=2757487 wakerate=404/s workers=24 refused=0 mismatch=0 stalled=0 drifted=0 crossings=301611 remote=1971342 steals=2 deferred=0
soak-test: t=6898s beat=1366 rounds=2169378407 rate=317610/s wakes=2759507 wakerate=404/s workers=24 refused=0 mismatch=0 stalled=0 drifted=0 crossings=301843 remote=1972780 steals=2 deferred=0
soak-test: t=6903s beat=1367 rounds=2170966422 rate=317603/s wakes=2761527 wakerate=404/s workers=24 refused=0 mismatch=0 stalled=0 drifted=0 crossings=302057 remote=1974230 steals=2 deferred=0
soak-test: t=6908s beat=1368 rounds=2172554421 rate=317599/s wakes=2763547 wakerate=404/s workers=24 refused=0 mismatch=0 stalled=0 drifted=0 crossings=302266 remote=1975680 steals=2 deferred=0
soak-test: t=6913s beat=1369 rounds=2174142823 rate=317680/s wakes=2765567 wakerate=404/s workers=24 refused=0 mismatch=0 stalled=0 drifted=0 crossings=302467 remote=1977131 steals=2 deferred=0
soak-test: t=6918s beat=1370 rounds=2175730093 rate=317454/s wakes=2767587 wakerate=404/s workers=24 refused=0 mismatch=0 stalled=0 drifted=0 crossings=302656 remote=1978587 steals=2 deferred=0
soak-test: t=6923s beat=1371 rounds=2177317108 rate=317403/s wakes=2769607 wakerate=404/s workers=24 refused=0 mismatch=0 stalled=0 drifted=0 crossings=302894 remote=1980026 steals=2 deferred=0
soak-test: t=6928s beat=1372 rounds=2178905388 rate=317656/s wakes=2771627 wakerate=404/s workers=24 refused=0 mismatch=0 stalled=0 drifted=0 crossings=303125 remote=1981464 steals=2 deferred=0
soak-test: t=6933s beat=1373 rounds=2180493923 rate=317707/s wakes=2773647 wakerate=404/s workers=24 refused=0 mismatch=0 stalled=0 drifted=0 crossings=303343 remote=1982914 steals=2 deferred=0
soak-test: t=6938s beat=1374 rounds=2182081483 rate=317512/s wakes=2775667 wakerate=404/s workers=24 refused=0 mismatch=0 stalled=0 drifted=0 crossings=303558 remote=1984367 steals=2 deferred=0
soak-test: t=6943s beat=1375 rounds=2183669189 rate=317541/s wakes=2777687 wakerate=404/s workers=24 refused=0 mismatch=0 stalled=0 drifted=0 crossings=303818 remote=1985802 steals=2 deferred=0
soak-test: t=6948s beat=1376 rounds=2185257170 rate=317596/s wakes=2779707 wakerate=404/s workers=24 refused=0 mismatch=0 stalled=0 drifted=0 crossings=304047 remote=1987257 steals=2 deferred=0
soak-test: t=6953s beat=1377 rounds=2186845173 rate=317600/s wakes=2781727 wakerate=404/s workers=24 refused=0 mismatch=0 stalled=0 drifted=0 crossings=304262 remote=1988701 steals=2 deferred=0
soak-test: t=6958s beat=1378 rounds=2188433737 rate=317712/s wakes=2783747 wakerate=404/s workers=24 refused=0 mismatch=0 stalled=0 drifted=0 crossings=304493 remote=1990137 steals=2 deferred=0
soak-test: t=6963s beat=1379 rounds=2190021285 rate=317509/s wakes=2785767 wakerate=404/s workers=24 refused=0 mismatch=0 stalled=0 drifted=0 crossings=304710 remote=1991580 steals=2 deferred=0
soak-test: t=6969s beat=1380 rounds=2191609174 rate=317577/s wakes=2787787 wakerate=404/s workers=24 refused=0 mismatch=0 stalled=0 drifted=0 crossings=304915 remote=1993023 steals=2 deferred=0
soak-test: t=6974s beat=1381 rounds=2193196697 rate=317504/s wakes=2789807 wakerate=404/s workers=24 refused=0 mismatch=0 stalled=0 drifted=0 crossings=305150 remote=1994459 steals=2 deferred=0
soak-test: t=6979s beat=1382 rounds=2194785397 rate=317740/s wakes=2791827 wakerate=404/s workers=24 refused=0 mismatch=0 stalled=0 drifted=0 crossings=305365 remote=1995902 steals=2 deferred=0
soak-test: t=6984s beat=1383 rounds=2196373192 rate=317559/s wakes=2793847 wakerate=404/s workers=24 refused=0 mismatch=0 stalled=0 drifted=0 crossings=305598 remote=1997348 steals=2 deferred=0
soak-test: t=6989s beat=1384 rounds=2197961002 rate=317562/s wakes=2795867 wakerate=404/s workers=24 refused=0 mismatch=0 stalled=0 drifted=0 crossings=305804 remote=1998798 steals=2 deferred=0
soak-test: t=6994s beat=1385 rounds=2199548831 rate=317565/s wakes=2797887 wakerate=404/s workers=24 refused=0 mismatch=0 stalled=0 drifted=0 crossings=306062 remote=2000243 steals=2 deferred=0
soak-test: t=6999s beat=1386 rounds=2201136862 rate=317606/s wakes=2799907 wakerate=404/s workers=24 refused=0 mismatch=0 stalled=0 drifted=0 crossings=306289 remote=2001688 steals=2 deferred=0
soak-test: t=7004s beat=1387 rounds=2202725226 rate=317672/s wakes=2801927 wakerate=404/s workers=24 refused=0 mismatch=0 stalled=0 drifted=0 crossings=306542 remote=2003132 steals=2 deferred=0
soak-test: t=7009s beat=1388 rounds=2204312346 rate=317424/s wakes=2803947 wakerate=404/s workers=24 refused=0 mismatch=0 stalled=0 drifted=0 crossings=306762 remote=2004568 steals=2 deferred=0
soak-test: t=7014s beat=1389 rounds=2205900251 rate=317581/s wakes=2805967 wakerate=404/s workers=24 refused=0 mismatch=0 stalled=0 drifted=0 crossings=307006 remote=2006000 steals=2 deferred=0
soak-test: t=7019s beat=1390 rounds=2207488120 rate=317573/s wakes=2807987 wakerate=404/s workers=24 refused=0 mismatch=0 stalled=0 drifted=0 crossings=307196 remote=2007465 steals=2 deferred=0
soak-test: t=7024s beat=1391 rounds=2209075726 rate=317521/s wakes=2810007 wakerate=404/s workers=24 refused=0 mismatch=0 stalled=0 drifted=0 crossings=307394 remote=2008913 steals=2 deferred=0
soak-test: t=7029s beat=1392 rounds=2210663810 rate=317616/s wakes=2812027 wakerate=404/s workers=24 refused=0 mismatch=0 stalled=0 drifted=0 crossings=307600 remote=2010369 steals=2 deferred=0
soak-test: t=7034s beat=1393 rounds=2212250988 rate=317435/s wakes=2814047 wakerate=404/s workers=24 refused=0 mismatch=0 stalled=0 drifted=0 crossings=307811 remote=2011808 steals=2 deferred=0
soak-test: t=7039s beat=1394 rounds=2213839313 rate=317665/s wakes=2816067 wakerate=404/s workers=24 refused=0 mismatch=0 stalled=0 drifted=0 crossings=308026 remote=2013260 steals=2 deferred=0
soak-test: t=7044s beat=1395 rounds=2215427103 rate=317558/s wakes=2818087 wakerate=404/s workers=24 refused=0 mismatch=0 stalled=0 drifted=0 crossings=308238 remote=2014708 steals=2 deferred=0
soak-test: t=7049s beat=1396 rounds=2217014974 rate=317574/s wakes=2820107 wakerate=404/s workers=24 refused=0 mismatch=0 stalled=0 drifted=0 crossings=308484 remote=2016141 steals=2 deferred=0
soak-test: t=7054s beat=1397 rounds=2218602202 rate=317445/s wakes=2822127 wakerate=404/s workers=24 refused=0 mismatch=0 stalled=0 drifted=0 crossings=308692 remote=2017590 steals=2 deferred=0
soak-test: t=7059s beat=1398 rounds=2220189938 rate=317547/s wakes=2824147 wakerate=404/s workers=24 refused=0 mismatch=0 stalled=0 drifted=0 crossings=308893 remote=2019042 steals=2 deferred=0
soak-test: t=7064s beat=1399 rounds=2221777904 rate=317593/s wakes=2826167 wakerate=404/s workers=24 refused=0 mismatch=0 stalled=0 drifted=0 crossings=309091 remote=2020497 steals=2 deferred=0
soak-test: t=7070s beat=1400 rounds=2223365989 rate=317617/s wakes=2828187 wakerate=404/s workers=24 refused=0 mismatch=0 stalled=0 drifted=0 crossings=309343 remote=2021934 steals=2 deferred=0
soak-test: t=7075s beat=1401 rounds=2224954789 rate=317760/s wakes=2830207 wakerate=404/s workers=24 refused=0 mismatch=0 stalled=0 drifted=0 crossings=309579 remote=2023377 steals=2 deferred=0
soak-test: t=7080s beat=1402 rounds=2226542489 rate=317540/s wakes=2832227 wakerate=404/s workers=24 refused=0 mismatch=0 stalled=0 drifted=0 crossings=309785 remote=2024828 steals=2 deferred=0
soak-test: t=7085s beat=1403 rounds=2228130482 rate=317598/s wakes=2834247 wakerate=404/s workers=24 refused=0 mismatch=0 stalled=0 drifted=0 crossings=310001 remote=2026270 steals=2 deferred=0
soak-test: t=7090s beat=1404 rounds=2229718699 rate=317643/s wakes=2836267 wakerate=404/s workers=24 refused=0 mismatch=0 stalled=0 drifted=0 crossings=310209 remote=2027717 steals=2 deferred=0
soak-test: t=7095s beat=1405 rounds=2231306693 rate=317598/s wakes=2838287 wakerate=404/s workers=24 refused=0 mismatch=0 stalled=0 drifted=0 crossings=310420 remote=2029169 steals=2 deferred=0
soak-test: t=7100s beat=1406 rounds=2232895570 rate=317775/s wakes=2840307 wakerate=404/s workers=24 refused=0 mismatch=0 stalled=0 drifted=0 crossings=310608 remote=2030621 steals=2 deferred=0
soak-test: t=7105s beat=1407 rounds=2234483273 rate=317540/s wakes=2842327 wakerate=404/s workers=24 refused=0 mismatch=0 stalled=0 drifted=0 crossings=310844 remote=2032050 steals=2 deferred=0
soak-test: t=7110s beat=1408 rounds=2236071039 rate=317553/s wakes=2844347 wakerate=404/s workers=24 refused=0 mismatch=0 stalled=0 drifted=0 crossings=311087 remote=2033485 steals=2 deferred=0
soak-test: t=7115s beat=1409 rounds=2237658699 rate=317532/s wakes=2846367 wakerate=404/s workers=24 refused=0 mismatch=0 stalled=0 drifted=0 crossings=311324 remote=2034927 steals=2 deferred=0
soak-test: t=7120s beat=1410 rounds=2239246856 rate=317631/s wakes=2848387 wakerate=404/s workers=24 refused=0 mismatch=0 stalled=0 drifted=0 crossings=311552 remote=2036374 steals=2 deferred=0
soak-test: t=7125s beat=1411 rounds=2240834677 rate=317564/s wakes=2850407 wakerate=404/s workers=24 refused=0 mismatch=0 stalled=0 drifted=0 crossings=311782 remote=2037818 steals=2 deferred=0
soak-test: t=7130s beat=1412 rounds=2242422988 rate=317662/s wakes=2852427 wakerate=404/s workers=24 refused=0 mismatch=0 stalled=0 drifted=0 crossings=311969 remote=2039278 steals=2 deferred=0
soak-test: t=7135s beat=1413 rounds=2244011527 rate=317707/s wakes=2854447 wakerate=404/s workers=24 refused=0 mismatch=0 stalled=0 drifted=0 crossings=312182 remote=2040729 steals=2 deferred=0
soak-test: t=7140s beat=1414 rounds=2245600149 rate=317724/s wakes=2856467 wakerate=404/s workers=24 refused=0 mismatch=0 stalled=0 drifted=0 crossings=312398 remote=2042177 steals=2 deferred=0
soak-test: t=7145s beat=1415 rounds=2247188965 rate=317763/s wakes=2858487 wakerate=404/s workers=24 refused=0 mismatch=0 stalled=0 drifted=0 crossings=312640 remote=2043612 steals=2 deferred=0
soak-test: t=7150s beat=1416 rounds=2248776905 rate=317588/s wakes=2860507 wakerate=404/s workers=24 refused=0 mismatch=0 stalled=0 drifted=0 crossings=312853 remote=2045064 steals=2 deferred=0
soak-test: t=7155s beat=1417 rounds=2250364909 rate=317600/s wakes=2862527 wakerate=404/s workers=24 refused=0 mismatch=0 stalled=0 drifted=0 crossings=313070 remote=2046515 steals=2 deferred=0
soak-test: t=7160s beat=1418 rounds=2251952502 rate=317518/s wakes=2864547 wakerate=404/s workers=24 refused=0 mismatch=0 stalled=0 drifted=0 crossings=313283 remote=2047966 steals=2 deferred=0
soak-test: t=7165s beat=1419 rounds=2253540170 rate=317533/s wakes=2866567 wakerate=404/s workers=24 refused=0 mismatch=0 stalled=0 drifted=0 crossings=313515 remote=2049405 steals=2 deferred=0
soak-test: t=7171s beat=1420 rounds=2255127913 rate=317548/s wakes=2868587 wakerate=404/s workers=24 refused=0 mismatch=0 stalled=0 drifted=0 crossings=313702 remote=2050854 steals=2 deferred=0
soak-test: t=7176s beat=1421 rounds=2256715913 rate=317600/s wakes=2870607 wakerate=404/s workers=24 refused=0 mismatch=0 stalled=0 drifted=0 crossings=313919 remote=2052307 steals=2 deferred=0
soak-test: t=7181s beat=1422 rounds=2258303647 rate=317546/s wakes=2872627 wakerate=404/s workers=24 refused=0 mismatch=0 stalled=0 drifted=0 crossings=314143 remote=2053764 steals=2 deferred=0
soak-test: t=7186s beat=1423 rounds=2259891960 rate=317662/s wakes=2874647 wakerate=404/s workers=24 refused=0 mismatch=0 stalled=0 drifted=0 crossings=314373 remote=2055210 steals=2 deferred=0
soak-test: t=7191s beat=1424 rounds=2261480193 rate=317646/s wakes=2876667 wakerate=404/s workers=24 refused=0 mismatch=0 stalled=0 drifted=0 crossings=314592 remote=2056652 steals=2 deferred=0
soak-test: t=7196s beat=1425 rounds=2263068513 rate=317664/s wakes=2878687 wakerate=404/s workers=24 refused=0 mismatch=0 stalled=0 drifted=0 crossings=314814 remote=2058093 steals=2 deferred=0
soak-test: t=7201s beat=1426 rounds=2264656341 rate=317565/s wakes=2880707 wakerate=404/s workers=24 refused=0 mismatch=0 stalled=0 drifted=0 crossings=314999 remote=2059544 steals=2 deferred=0
soak-test: t=7206s beat=1427 rounds=2266244222 rate=317576/s wakes=2882727 wakerate=404/s workers=24 refused=0 mismatch=0 stalled=0 drifted=0 crossings=315217 remote=2060991 steals=2 deferred=0
soak-test: t=7211s beat=1428 rounds=2267832285 rate=317612/s wakes=2884747 wakerate=404/s workers=24 refused=0 mismatch=0 stalled=0 drifted=0 crossings=315454 remote=2062428 steals=2 deferred=0
soak-test: t=7216s beat=1429 rounds=2269420134 rate=317569/s wakes=2886767 wakerate=404/s workers=24 refused=0 mismatch=0 stalled=0 drifted=0 crossings=315640 remote=2063885 steals=2 deferred=0
soak-test: t=7221s beat=1430 rounds=2271008131 rate=317599/s wakes=2888787 wakerate=404/s workers=24 refused=0 mismatch=0 stalled=0 drifted=0 crossings=315847 remote=2065331 steals=2 deferred=0
soak-test: t=7226s beat=1431 rounds=2272595680 rate=317509/s wakes=2890807 wakerate=404/s workers=24 refused=0 mismatch=0 stalled=0 drifted=0 crossings=316065 remote=2066770 steals=2 deferred=0
soak-test: t=7231s beat=1432 rounds=2274183478 rate=317559/s wakes=2892827 wakerate=404/s workers=24 refused=0 mismatch=0 stalled=0 drifted=0 crossings=316298 remote=2068218 steals=2 deferred=0
soak-test: t=7236s beat=1433 rounds=2275771078 rate=317520/s wakes=2894847 wakerate=404/s workers=24 refused=0 mismatch=0 stalled=0 drifted=0 crossings=316493 remote=2069675 steals=2 deferred=0
soak-test: t=7241s beat=1434 rounds=2277358219 rate=317428/s wakes=2896867 wakerate=404/s workers=24 refused=0 mismatch=0 stalled=0 drifted=0 crossings=316732 remote=2071109 steals=2 deferred=0
soak-test: t=7246s beat=1435 rounds=2278946035 rate=317563/s wakes=2898887 wakerate=404/s workers=24 refused=0 mismatch=0 stalled=0 drifted=0 crossings=316966 remote=2072536 steals=2 deferred=0
soak-test: t=7251s beat=1436 rounds=2280534368 rate=317666/s wakes=2900907 wakerate=404/s workers=24 refused=0 mismatch=0 stalled=0 drifted=0 crossings=317186 remote=2073979 steals=2 deferred=0
soak-test: t=7256s beat=1437 rounds=2282121899 rate=317506/s wakes=2902927 wakerate=404/s workers=24 refused=0 mismatch=0 stalled=0 drifted=0 crossings=317408 remote=2075426 steals=2 deferred=0
soak-test: t=7261s beat=1438 rounds=2283710085 rate=317637/s wakes=2904947 wakerate=404/s workers=24 refused=0 mismatch=0 stalled=0 drifted=0 crossings=317642 remote=2076865 steals=2 deferred=0
soak-test: t=7266s beat=1439 rounds=2285297764 rate=317535/s wakes=2906967 wakerate=404/s workers=24 refused=0 mismatch=0 stalled=0 drifted=0 crossings=317873 remote=2078301 steals=2 deferred=0
soak-test: t=7272s beat=1440 rounds=2286886011 rate=317649/s wakes=2908987 wakerate=404/s workers=24 refused=0 mismatch=0 stalled=0 drifted=0 crossings=318091 remote=2079750 steals=2 deferred=0
soak-test: t=7277s beat=1441 rounds=2288474022 rate=317602/s wakes=2911007 wakerate=404/s workers=24 refused=0 mismatch=0 stalled=0 drifted=0 crossings=318332 remote=2081181 steals=2 deferred=0
soak-test: t=7282s beat=1442 rounds=2290061676 rate=317530/s wakes=2913027 wakerate=404/s workers=24 refused=0 mismatch=0 stalled=0 drifted=0 crossings=318575 remote=2082621 steals=2 deferred=0
soak-test: t=7287s beat=1443 rounds=2291650212 rate=317707/s wakes=2915047 wakerate=404/s workers=24 refused=0 mismatch=0 stalled=0 drifted=0 crossings=318803 remote=2084060 steals=2 deferred=0
soak-test: t=7292s beat=1444 rounds=2293237912 rate=317540/s wakes=2917067 wakerate=404/s workers=24 refused=0 mismatch=0 stalled=0 drifted=0 crossings=319032 remote=2085499 steals=2 deferred=0
soak-test: t=7297s beat=1445 rounds=2294826436 rate=317704/s wakes=2919087 wakerate=404/s workers=24 refused=0 mismatch=0 stalled=0 drifted=0 crossings=319266 remote=2086939 steals=2 deferred=0
soak-test: t=7302s beat=1446 rounds=2296415368 rate=317786/s wakes=2921107 wakerate=404/s workers=24 refused=0 mismatch=0 stalled=0 drifted=0 crossings=319469 remote=2088388 steals=2 deferred=0
soak-test: t=7307s beat=1447 rounds=2298004681 rate=317862/s wakes=2923127 wakerate=404/s workers=24 refused=0 mismatch=0 stalled=0 drifted=0 crossings=319668 remote=2089839 steals=2 deferred=0
soak-test: t=7312s beat=1448 rounds=2299592265 rate=317516/s wakes=2925147 wakerate=404/s workers=24 refused=0 mismatch=0 stalled=0 drifted=0 crossings=319921 remote=2091279 steals=2 deferred=0
soak-test: t=7317s beat=1449 rounds=2301180866 rate=317720/s wakes=2927167 wakerate=404/s workers=24 refused=0 mismatch=0 stalled=0 drifted=0 crossings=320138 remote=2092735 steals=2 deferred=0
soak-test: t=7322s beat=1450 rounds=2302768650 rate=317556/s wakes=2929187 wakerate=404/s workers=24 refused=0 mismatch=0 stalled=0 drifted=0 crossings=320334 remote=2094193 steals=2 deferred=0
soak-test: t=7327s beat=1451 rounds=2304356388 rate=317547/s wakes=2931207 wakerate=404/s workers=24 refused=0 mismatch=0 stalled=0 drifted=0 crossings=320556 remote=2095637 steals=2 deferred=0
soak-test: t=7332s beat=1452 rounds=2305945172 rate=317756/s wakes=2933227 wakerate=404/s workers=24 refused=0 mismatch=0 stalled=0 drifted=0 crossings=320779 remote=2097081 steals=2 deferred=0
soak-test: t=7337s beat=1453 rounds=2307533464 rate=317658/s wakes=2935247 wakerate=404/s workers=24 refused=0 mismatch=0 stalled=0 drifted=0 crossings=321002 remote=2098534 steals=2 deferred=0
soak-test: t=7342s beat=1454 rounds=2309121508 rate=317608/s wakes=2937267 wakerate=404/s workers=24 refused=0 mismatch=0 stalled=0 drifted=0 crossings=321227 remote=2099970 steals=2 deferred=0
soak-test: t=7347s beat=1455 rounds=2310710010 rate=317700/s wakes=2939287 wakerate=404/s workers=24 refused=0 mismatch=0 stalled=0 drifted=0 crossings=321467 remote=2101410 steals=2 deferred=0
soak-test: t=7352s beat=1456 rounds=2312298202 rate=317638/s wakes=2941307 wakerate=404/s workers=24 refused=0 mismatch=0 stalled=0 drifted=0 crossings=321667 remote=2102859 steals=2 deferred=0
soak-test: t=7357s beat=1457 rounds=2313886364 rate=317632/s wakes=2943327 wakerate=404/s workers=24 refused=0 mismatch=0 stalled=0 drifted=0 crossings=321877 remote=2104302 steals=2 deferred=0
soak-test: t=7362s beat=1458 rounds=2315474096 rate=317546/s wakes=2945347 wakerate=404/s workers=24 refused=0 mismatch=0 stalled=0 drifted=0 crossings=322083 remote=2105758 steals=2 deferred=0
soak-test: t=7367s beat=1459 rounds=2317062346 rate=317650/s wakes=2947367 wakerate=404/s workers=24 refused=0 mismatch=0 stalled=0 drifted=0 crossings=322284 remote=2107199 steals=2 deferred=0
soak-test: t=7373s beat=1460 rounds=2318650642 rate=317659/s wakes=2949387 wakerate=404/s workers=24 refused=0 mismatch=0 stalled=0 drifted=0 crossings=322516 remote=2108637 steals=2 deferred=0
soak-test: t=7378s beat=1461 rounds=2320239001 rate=317671/s wakes=2951407 wakerate=404/s workers=24 refused=0 mismatch=0 stalled=0 drifted=0 crossings=322763 remote=2110074 steals=2 deferred=0
soak-test: t=7383s beat=1462 rounds=2321827742 rate=317748/s wakes=2953427 wakerate=404/s workers=24 refused=0 mismatch=0 stalled=0 drifted=0 crossings=322998 remote=2111517 steals=2 deferred=0
soak-test: t=7388s beat=1463 rounds=2323415511 rate=317553/s wakes=2955447 wakerate=404/s workers=24 refused=0 mismatch=0 stalled=0 drifted=0 crossings=323194 remote=2112961 steals=2 deferred=0
soak-test: t=7393s beat=1464 rounds=2325003354 rate=317568/s wakes=2957467 wakerate=404/s workers=24 refused=0 mismatch=0 stalled=0 drifted=0 crossings=323436 remote=2114406 steals=2 deferred=0
soak-test: t=7398s beat=1465 rounds=2326591052 rate=317539/s wakes=2959487 wakerate=404/s workers=24 refused=0 mismatch=0 stalled=0 drifted=0 crossings=323645 remote=2115852 steals=2 deferred=0
soak-test: t=7403s beat=1466 rounds=2328179938 rate=317777/s wakes=2961507 wakerate=404/s workers=24 refused=0 mismatch=0 stalled=0 drifted=0 crossings=323848 remote=2117303 steals=2 deferred=0
soak-test: t=7408s beat=1467 rounds=2329767707 rate=317553/s wakes=2963527 wakerate=404/s workers=24 refused=0 mismatch=0 stalled=0 drifted=0 crossings=324066 remote=2118747 steals=2 deferred=0
soak-test: t=7413s beat=1468 rounds=2331355757 rate=317610/s wakes=2965547 wakerate=404/s workers=24 refused=0 mismatch=0 stalled=0 drifted=0 crossings=324266 remote=2120202 steals=2 deferred=0
soak-test: t=7418s beat=1469 rounds=2332944729 rate=317794/s wakes=2967567 wakerate=404/s workers=24 refused=0 mismatch=0 stalled=0 drifted=0 crossings=324487 remote=2121644 steals=2 deferred=0
soak-test: t=7423s beat=1470 rounds=2334533230 rate=317700/s wakes=2969587 wakerate=404/s workers=24 refused=0 mismatch=0 stalled=0 drifted=0 crossings=324709 remote=2123096 steals=2 deferred=0
soak-test: t=7428s beat=1471 rounds=2336121600 rate=317674/s wakes=2971607 wakerate=404/s workers=24 refused=0 mismatch=0 stalled=0 drifted=0 crossings=324930 remote=2124536 steals=2 deferred=0
soak-test: t=7433s beat=1472 rounds=2337709732 rate=317626/s wakes=2973627 wakerate=404/s workers=24 refused=0 mismatch=0 stalled=0 drifted=0 crossings=325146 remote=2125977 steals=2 deferred=0
soak-test: t=7438s beat=1473 rounds=2339297407 rate=317535/s wakes=2975647 wakerate=404/s workers=24 refused=0 mismatch=0 stalled=0 drifted=0 crossings=325392 remote=2127416 steals=2 deferred=0
soak-test: t=7443s beat=1474 rounds=2340884318 rate=317382/s wakes=2977667 wakerate=404/s workers=24 refused=0 mismatch=0 stalled=0 drifted=0 crossings=325562 remote=2128878 steals=2 deferred=0
soak-test: t=7448s beat=1475 rounds=2342471815 rate=317499/s wakes=2979687 wakerate=404/s workers=24 refused=0 mismatch=0 stalled=0 drifted=0 crossings=325796 remote=2130317 steals=2 deferred=0
soak-test: t=7453s beat=1476 rounds=2344059761 rate=317589/s wakes=2981707 wakerate=404/s workers=24 refused=0 mismatch=0 stalled=0 drifted=0 crossings=325994 remote=2131768 steals=2 deferred=0
soak-test: t=7458s beat=1477 rounds=2345647610 rate=317569/s wakes=2983727 wakerate=404/s workers=24 refused=0 mismatch=0 stalled=0 drifted=0 crossings=326226 remote=2133217 steals=2 deferred=0
soak-test: t=7463s beat=1478 rounds=2347235570 rate=317592/s wakes=2985747 wakerate=404/s workers=24 refused=0 mismatch=0 stalled=0 drifted=0 crossings=326410 remote=2134672 steals=2 deferred=0
soak-test: t=7468s beat=1479 rounds=2348823966 rate=317679/s wakes=2987767 wakerate=404/s workers=24 refused=0 mismatch=0 stalled=0 drifted=0 crossings=326633 remote=2136115 steals=2 deferred=0
soak-test: t=7474s beat=1480 rounds=2350411389 rate=317484/s wakes=2989787 wakerate=404/s workers=24 refused=0 mismatch=0 stalled=0 drifted=0 crossings=326846 remote=2137559 steals=2 deferred=0
soak-test: t=7479s beat=1481 rounds=2351999052 rate=317532/s wakes=2991807 wakerate=404/s workers=24 refused=0 mismatch=0 stalled=0 drifted=0 crossings=327089 remote=2138995 steals=2 deferred=0
soak-test: t=7484s beat=1482 rounds=2353586576 rate=317504/s wakes=2993827 wakerate=404/s workers=24 refused=0 mismatch=0 stalled=0 drifted=0 crossings=327294 remote=2140444 steals=2 deferred=0
soak-test: t=7489s beat=1483 rounds=2355174402 rate=317565/s wakes=2995847 wakerate=404/s workers=24 refused=0 mismatch=0 stalled=0 drifted=0 crossings=327496 remote=2141897 steals=2 deferred=0
soak-test: t=7494s beat=1484 rounds=2356762084 rate=317536/s wakes=2997867 wakerate=404/s workers=24 refused=0 mismatch=0 stalled=0 drifted=0 crossings=327742 remote=2143316 steals=2 deferred=0
soak-test: t=7499s beat=1485 rounds=2358350620 rate=317707/s wakes=2999887 wakerate=404/s workers=24 refused=0 mismatch=0 stalled=0 drifted=0 crossings=327983 remote=2144768 steals=2 deferred=0
soak-test: t=7504s beat=1486 rounds=2359938497 rate=317575/s wakes=3001907 wakerate=404/s workers=24 refused=0 mismatch=0 stalled=0 drifted=0 crossings=328227 remote=2146201 steals=2 deferred=0
soak-test: t=7509s beat=1487 rounds=2361527348 rate=317770/s wakes=3003927 wakerate=404/s workers=24 refused=0 mismatch=0 stalled=0 drifted=0 crossings=328450 remote=2147635 steals=2 deferred=0
soak-test: t=7514s beat=1488 rounds=2363114888 rate=317508/s wakes=3005947 wakerate=404/s workers=24 refused=0 mismatch=0 stalled=0 drifted=0 crossings=328695 remote=2149064 steals=2 deferred=0
soak-test: t=7519s beat=1489 rounds=2364702925 rate=317607/s wakes=3007967 wakerate=404/s workers=24 refused=0 mismatch=0 stalled=0 drifted=0 crossings=328920 remote=2150503 steals=2 deferred=0
soak-test: t=7524s beat=1490 rounds=2366291478 rate=317710/s wakes=3009987 wakerate=404/s workers=24 refused=0 mismatch=0 stalled=0 drifted=0 crossings=329115 remote=2151955 steals=2 deferred=0
soak-test: t=7529s beat=1491 rounds=2367880090 rate=317722/s wakes=3012007 wakerate=404/s workers=24 refused=0 mismatch=0 stalled=0 drifted=0 crossings=329318 remote=2153414 steals=2 deferred=0
soak-test: t=7534s beat=1492 rounds=2369467437 rate=317469/s wakes=3014027 wakerate=404/s workers=24 refused=0 mismatch=0 stalled=0 drifted=0 crossings=329508 remote=2154866 steals=2 deferred=0
soak-test: t=7539s beat=1493 rounds=2371055489 rate=317610/s wakes=3016047 wakerate=404/s workers=24 refused=0 mismatch=0 stalled=0 drifted=0 crossings=329730 remote=2156303 steals=2 deferred=0
soak-test: t=7544s beat=1494 rounds=2372643245 rate=317551/s wakes=3018067 wakerate=404/s workers=24 refused=0 mismatch=0 stalled=0 drifted=0 crossings=329959 remote=2157752 steals=2 deferred=0
soak-test: t=7549s beat=1495 rounds=2374231362 rate=317623/s wakes=3020087 wakerate=404/s workers=24 refused=0 mismatch=0 stalled=0 drifted=0 crossings=330201 remote=2159188 steals=2 deferred=0
soak-test: t=7554s beat=1496 rounds=2375819608 rate=317649/s wakes=3022107 wakerate=404/s workers=24 refused=0 mismatch=0 stalled=0 drifted=0 crossings=330422 remote=2160626 steals=2 deferred=0
soak-test: t=7559s beat=1497 rounds=2377407398 rate=317558/s wakes=3024127 wakerate=404/s workers=24 refused=0 mismatch=0 stalled=0 drifted=0 crossings=330631 remote=2162069 steals=2 deferred=0
soak-test: t=7564s beat=1498 rounds=2378996044 rate=317729/s wakes=3026147 wakerate=404/s workers=24 refused=0 mismatch=0 stalled=0 drifted=0 crossings=330882 remote=2163510 steals=2 deferred=0
soak-test: t=7569s beat=1499 rounds=2380584109 rate=317613/s wakes=3028167 wakerate=404/s workers=24 refused=0 mismatch=0 stalled=0 drifted=0 crossings=331087 remote=2164949 steals=2 deferred=0
soak-test: t=7575s beat=1500 rounds=2382172228 rate=317623/s wakes=3030187 wakerate=404/s workers=24 refused=0 mismatch=0 stalled=0 drifted=0 crossings=331304 remote=2166387 steals=2 deferred=0
soak-test: t=7580s beat=1501 rounds=2383760740 rate=317702/s wakes=3032207 wakerate=404/s workers=24 refused=0 mismatch=0 stalled=0 drifted=0 crossings=331548 remote=2167825 steals=2 deferred=0
soak-test: t=7585s beat=1502 rounds=2385349054 rate=317662/s wakes=3034227 wakerate=404/s workers=24 refused=0 mismatch=0 stalled=0 drifted=0 crossings=331740 remote=2169281 steals=2 deferred=0
soak-test: t=7590s beat=1503 rounds=2386937111 rate=317611/s wakes=3036247 wakerate=404/s workers=24 refused=0 mismatch=0 stalled=0 drifted=0 crossings=331982 remote=2170730 steals=2 deferred=0
soak-test: t=7595s beat=1504 rounds=2388524876 rate=317553/s wakes=3038267 wakerate=404/s workers=24 refused=0 mismatch=0 stalled=0 drifted=0 crossings=332186 remote=2172170 steals=2 deferred=0
soak-test: t=7600s beat=1505 rounds=2390112745 rate=317573/s wakes=3040287 wakerate=404/s workers=24 refused=0 mismatch=0 stalled=0 drifted=0 crossings=332381 remote=2173619 steals=2 deferred=0
soak-test: t=7605s beat=1506 rounds=2391700240 rate=317499/s wakes=3042307 wakerate=404/s workers=24 refused=0 mismatch=0 stalled=0 drifted=0 crossings=332562 remote=2175078 steals=2 deferred=0
soak-test: t=7610s beat=1507 rounds=2393287602 rate=317472/s wakes=3044327 wakerate=404/s workers=24 refused=0 mismatch=0 stalled=0 drifted=0 crossings=332791 remote=2176514 steals=2 deferred=0
soak-test: t=7615s beat=1508 rounds=2394875764 rate=317632/s wakes=3046347 wakerate=404/s workers=24 refused=0 mismatch=0 stalled=0 drifted=0 crossings=333008 remote=2177950 steals=2 deferred=0
soak-test: t=7620s beat=1509 rounds=2396463747 rate=317596/s wakes=3048367 wakerate=404/s workers=24 refused=0 mismatch=0 stalled=0 drifted=0 crossings=333234 remote=2179394 steals=2 deferred=0
soak-test: t=7625s beat=1510 rounds=2398051856 rate=317621/s wakes=3050387 wakerate=404/s workers=24 refused=0 mismatch=0 stalled=0 drifted=0 crossings=333459 remote=2180829 steals=2 deferred=0
soak-test: t=7630s beat=1511 rounds=2399639872 rate=317603/s wakes=3052407 wakerate=404/s workers=24 refused=0 mismatch=0 stalled=0 drifted=0 crossings=333688 remote=2182263 steals=2 deferred=0
soak-test: t=7635s beat=1512 rounds=2401228113 rate=317648/s wakes=3054427 wakerate=404/s workers=24 refused=0 mismatch=0 stalled=0 drifted=0 crossings=333898 remote=2183706 steals=2 deferred=0
soak-test: t=7640s beat=1513 rounds=2402816324 rate=317642/s wakes=3056447 wakerate=404/s workers=24 refused=0 mismatch=0 stalled=0 drifted=0 crossings=334077 remote=2185163 steals=2 deferred=0
soak-test: t=7645s beat=1514 rounds=2404403695 rate=317474/s wakes=3058467 wakerate=404/s workers=24 refused=0 mismatch=0 stalled=0 drifted=0 crossings=334323 remote=2186604 steals=2 deferred=0
soak-test: t=7650s beat=1515 rounds=2405991211 rate=317503/s wakes=3060487 wakerate=404/s workers=24 refused=0 mismatch=0 stalled=0 drifted=0 crossings=334562 remote=2188036 steals=2 deferred=0
soak-test: t=7655s beat=1516 rounds=2407579460 rate=317649/s wakes=3062507 wakerate=404/s workers=24 refused=0 mismatch=0 stalled=0 drifted=0 crossings=334789 remote=2189482 steals=2 deferred=0
soak-test: t=7660s beat=1517 rounds=2409168502 rate=317808/s wakes=3064527 wakerate=404/s workers=24 refused=0 mismatch=0 stalled=0 drifted=0 crossings=335000 remote=2190931 steals=2 deferred=0
soak-test: t=7665s beat=1518 rounds=2410756912 rate=317682/s wakes=3066547 wakerate=404/s workers=24 refused=0 mismatch=0 stalled=0 drifted=0 crossings=335203 remote=2192380 steals=2 deferred=0
soak-test: t=7670s beat=1519 rounds=2412344552 rate=317528/s wakes=3068567 wakerate=404/s workers=24 refused=0 mismatch=0 stalled=0 drifted=0 crossings=335424 remote=2193830 steals=2 deferred=0
soak-test: t=7676s beat=1520 rounds=2413932317 rate=317553/s wakes=3070587 wakerate=404/s workers=24 refused=0 mismatch=0 stalled=0 drifted=0 crossings=335653 remote=2195276 steals=2 deferred=0
soak-test: t=7681s beat=1521 rounds=2415520082 rate=317553/s wakes=3072607 wakerate=404/s workers=24 refused=0 mismatch=0 stalled=0 drifted=0 crossings=335849 remote=2196728 steals=2 deferred=0
soak-test: t=7686s beat=1522 rounds=2417107503 rate=317484/s wakes=3074627 wakerate=404/s workers=24 refused=0 mismatch=0 stalled=0 drifted=0 crossings=336035 remote=2198189 steals=2 deferred=0
soak-test: t=7691s beat=1523 rounds=2418695029 rate=317505/s wakes=3076647 wakerate=404/s workers=24 refused=0 mismatch=0 stalled=0 drifted=0 crossings=336238 remote=2199636 steals=2 deferred=0
soak-test: t=7696s beat=1524 rounds=2420282555 rate=317505/s wakes=3078667 wakerate=404/s workers=24 refused=0 mismatch=0 stalled=0 drifted=0 crossings=336478 remote=2201077 steals=2 deferred=0
soak-test: t=7701s beat=1525 rounds=2421870565 rate=317602/s wakes=3080687 wakerate=404/s workers=24 refused=0 mismatch=0 stalled=0 drifted=0 crossings=336692 remote=2202523 steals=2 deferred=0
soak-test: t=7706s beat=1526 rounds=2423459027 rate=317692/s wakes=3082707 wakerate=404/s workers=24 refused=0 mismatch=0 stalled=0 drifted=0 crossings=336916 remote=2203970 steals=2 deferred=0
soak-test: t=7711s beat=1527 rounds=2425047777 rate=317750/s wakes=3084727 wakerate=404/s workers=24 refused=0 mismatch=0 stalled=0 drifted=0 crossings=337163 remote=2205408 steals=2 deferred=0
soak-test: t=7716s beat=1528 rounds=2426635450 rate=317534/s wakes=3086747 wakerate=404/s workers=24 refused=0 mismatch=0 stalled=0 drifted=0 crossings=337371 remote=2206873 steals=2 deferred=0
soak-test: t=7721s beat=1529 rounds=2428223273 rate=317564/s wakes=3088767 wakerate=404/s workers=24 refused=0 mismatch=0 stalled=0 drifted=0 crossings=337591 remote=2208324 steals=2 deferred=0
soak-test: t=7726s beat=1530 rounds=2429811059 rate=317557/s wakes=3090787 wakerate=404/s workers=24 refused=0 mismatch=0 stalled=0 drifted=0 crossings=337824 remote=2209766 steals=2 deferred=0
soak-test: t=7731s beat=1531 rounds=2431398962 rate=317580/s wakes=3092807 wakerate=404/s workers=24 refused=0 mismatch=0 stalled=0 drifted=0 crossings=338016 remote=2211221 steals=2 deferred=0
soak-test: t=7736s beat=1532 rounds=2432987674 rate=317742/s wakes=3094827 wakerate=404/s workers=24 refused=0 mismatch=0 stalled=0 drifted=0 crossings=338246 remote=2212655 steals=2 deferred=0
soak-test: t=7741s beat=1533 rounds=2434576266 rate=317718/s wakes=3096847 wakerate=404/s workers=24 refused=0 mismatch=0 stalled=0 drifted=0 crossings=338472 remote=2214098 steals=2 deferred=0
soak-test: t=7746s beat=1534 rounds=2436164207 rate=317588/s wakes=3098867 wakerate=404/s workers=24 refused=0 mismatch=0 stalled=0 drifted=0 crossings=338690 remote=2215541 steals=2 deferred=0
soak-test: t=7751s beat=1535 rounds=2437752199 rate=317598/s wakes=3100887 wakerate=404/s workers=24 refused=0 mismatch=0 stalled=0 drifted=0 crossings=338923 remote=2216974 steals=2 deferred=0
soak-test: t=7756s beat=1536 rounds=2439339750 rate=317510/s wakes=3102907 wakerate=404/s workers=24 refused=0 mismatch=0 stalled=0 drifted=0 crossings=339151 remote=2218407 steals=2 deferred=0
soak-test: t=7761s beat=1537 rounds=2440928076 rate=317665/s wakes=3104927 wakerate=404/s workers=24 refused=0 mismatch=0 stalled=0 drifted=0 crossings=339361 remote=2219860 steals=2 deferred=0
soak-test: t=7766s beat=1538 rounds=2442515357 rate=317456/s wakes=3106947 wakerate=404/s workers=24 refused=0 mismatch=0 stalled=0 drifted=0 crossings=339587 remote=2221291 steals=2 deferred=0
soak-test: t=7771s beat=1539 rounds=2444104065 rate=317741/s wakes=3108967 wakerate=404/s workers=24 refused=0 mismatch=0 stalled=0 drifted=0 crossings=339798 remote=2222732 steals=2 deferred=0
soak-test: t=7777s beat=1540 rounds=2445692275 rate=317642/s wakes=3110987 wakerate=404/s workers=24 refused=0 mismatch=0 stalled=0 drifted=0 crossings=340038 remote=2224169 steals=2 deferred=0
soak-test: t=7782s beat=1541 rounds=2447280879 rate=317720/s wakes=3113007 wakerate=404/s workers=24 refused=0 mismatch=0 stalled=0 drifted=0 crossings=340246 remote=2225616 steals=2 deferred=0
soak-test: t=7787s beat=1542 rounds=2448868910 rate=317606/s wakes=3115027 wakerate=404/s workers=24 refused=0 mismatch=0 stalled=0 drifted=0 crossings=340472 remote=2227057 steals=2 deferred=0
soak-test: t=7792s beat=1543 rounds=2450456437 rate=317505/s wakes=3117047 wakerate=404/s workers=24 refused=0 mismatch=0 stalled=0 drifted=0 crossings=340693 remote=2228497 steals=2 deferred=0
soak-test: t=7797s beat=1544 rounds=2452044283 rate=317569/s wakes=3119067 wakerate=404/s workers=24 refused=0 mismatch=0 stalled=0 drifted=0 crossings=340925 remote=2229938 steals=2 deferred=0
soak-test: t=7802s beat=1545 rounds=2453631552 rate=317453/s wakes=3121087 wakerate=404/s workers=24 refused=0 mismatch=0 stalled=0 drifted=0 crossings=341152 remote=2231381 steals=2 deferred=0
soak-test: t=7807s beat=1546 rounds=2455218634 rate=317416/s wakes=3123107 wakerate=404/s workers=24 refused=0 mismatch=0 stalled=0 drifted=0 crossings=341359 remote=2232826 steals=2 deferred=0
soak-test: t=7812s beat=1547 rounds=2456806806 rate=317634/s wakes=3125127 wakerate=404/s workers=24 refused=0 mismatch=0 stalled=0 drifted=0 crossings=341581 remote=2234267 steals=2 deferred=0
soak-test: t=7817s beat=1548 rounds=2458394831 rate=317605/s wakes=3127147 wakerate=404/s workers=24 refused=0 mismatch=0 stalled=0 drifted=0 crossings=341826 remote=2235716 steals=2 deferred=0
soak-test: t=7822s beat=1549 rounds=2459982501 rate=317534/s wakes=3129167 wakerate=404/s workers=24 refused=0 mismatch=0 stalled=0 drifted=0 crossings=342065 remote=2237158 steals=2 deferred=0
soak-test: t=7827s beat=1550 rounds=2461570528 rate=317605/s wakes=3131187 wakerate=404/s workers=24 refused=0 mismatch=0 stalled=0 drifted=0 crossings=342300 remote=2238600 steals=2 deferred=0
soak-test: t=7832s beat=1551 rounds=2463158808 rate=317656/s wakes=3133207 wakerate=404/s workers=24 refused=0 mismatch=0 stalled=0 drifted=0 crossings=342503 remote=2240050 steals=2 deferred=0
soak-test: t=7837s beat=1552 rounds=2464746553 rate=317549/s wakes=3135227 wakerate=404/s workers=24 refused=0 mismatch=0 stalled=0 drifted=0 crossings=342711 remote=2241498 steals=2 deferred=0
soak-test: t=7842s beat=1553 rounds=2466334851 rate=317659/s wakes=3137247 wakerate=404/s workers=24 refused=0 mismatch=0 stalled=0 drifted=0 crossings=342945 remote=2242937 steals=2 deferred=0
soak-test: t=7847s beat=1554 rounds=2467922190 rate=317467/s wakes=3139267 wakerate=404/s workers=24 refused=0 mismatch=0 stalled=0 drifted=0 crossings=343143 remote=2244385 steals=2 deferred=0
soak-test: t=7852s beat=1555 rounds=2469510280 rate=317618/s wakes=3141287 wakerate=404/s workers=24 refused=0 mismatch=0 stalled=0 drifted=0 crossings=343372 remote=2245835 steals=2 deferred=0
soak-test: t=7857s beat=1556 rounds=2471098776 rate=317699/s wakes=3143307 wakerate=404/s workers=24 refused=0 mismatch=0 stalled=0 drifted=0 crossings=343573 remote=2247280 steals=2 deferred=0
soak-test: t=7862s beat=1557 rounds=2472687277 rate=317700/s wakes=3145327 wakerate=404/s workers=24 refused=0 mismatch=0 stalled=0 drifted=0 crossings=343798 remote=2248715 steals=2 deferred=0
soak-test: t=7867s beat=1558 rounds=2474274428 rate=317430/s wakes=3147347 wakerate=404/s workers=24 refused=0 mismatch=0 stalled=0 drifted=0 crossings=344022 remote=2250158 steals=2 deferred=0
soak-test: t=7872s beat=1559 rounds=2475862401 rate=317594/s wakes=3149367 wakerate=404/s workers=24 refused=0 mismatch=0 stalled=0 drifted=0 crossings=344213 remote=2251606 steals=2 deferred=0
soak-test: t=7878s beat=1560 rounds=2477449582 rate=317436/s wakes=3151387 wakerate=404/s workers=24 refused=0 mismatch=0 stalled=0 drifted=0 crossings=344451 remote=2253037 steals=2 deferred=0
soak-test: t=7883s beat=1561 rounds=2479037780 rate=317639/s wakes=3153407 wakerate=404/s workers=24 refused=0 mismatch=0 stalled=0 drifted=0 crossings=344685 remote=2254483 steals=2 deferred=0
soak-test: t=7888s beat=1562 rounds=2480625613 rate=317566/s wakes=3155427 wakerate=404/s workers=24 refused=0 mismatch=0 stalled=0 drifted=0 crossings=344873 remote=2255938 steals=2 deferred=0
soak-test: t=7893s beat=1563 rounds=2482213404 rate=317558/s wakes=3157447 wakerate=404/s workers=24 refused=0 mismatch=0 stalled=0 drifted=0 crossings=345077 remote=2257389 steals=2 deferred=0
soak-test: t=7898s beat=1564 rounds=2483802244 rate=317768/s wakes=3159467 wakerate=404/s workers=24 refused=0 mismatch=0 stalled=0 drifted=0 crossings=345297 remote=2258828 steals=2 deferred=0
soak-test: t=7903s beat=1565 rounds=2485390121 rate=317575/s wakes=3161487 wakerate=404/s workers=24 refused=0 mismatch=0 stalled=0 drifted=0 crossings=345523 remote=2260271 steals=2 deferred=0
soak-test: t=7908s beat=1566 rounds=2486978385 rate=317652/s wakes=3163507 wakerate=404/s workers=24 refused=0 mismatch=0 stalled=0 drifted=0 crossings=345752 remote=2261717 steals=2 deferred=0
soak-test: t=7913s beat=1567 rounds=2488565686 rate=317460/s wakes=3165527 wakerate=404/s workers=24 refused=0 mismatch=0 stalled=0 drifted=0 crossings=345946 remote=2263169 steals=2 deferred=0
soak-test: t=7918s beat=1568 rounds=2490153815 rate=317625/s wakes=3167547 wakerate=404/s workers=24 refused=0 mismatch=0 stalled=0 drifted=0 crossings=346168 remote=2264606 steals=2 deferred=0
soak-test: t=7923s beat=1569 rounds=2491742689 rate=317774/s wakes=3169567 wakerate=404/s workers=24 refused=0 mismatch=0 stalled=0 drifted=0 crossings=346388 remote=2266048 steals=2 deferred=0
soak-test: t=7928s beat=1570 rounds=2493330076 rate=317477/s wakes=3171587 wakerate=404/s workers=24 refused=0 mismatch=0 stalled=0 drifted=0 crossings=346602 remote=2267501 steals=2 deferred=0
soak-test: t=7933s beat=1571 rounds=2494917499 rate=317484/s wakes=3173607 wakerate=404/s workers=24 refused=0 mismatch=0 stalled=0 drifted=0 crossings=346828 remote=2268944 steals=2 deferred=0
soak-test: t=7938s beat=1572 rounds=2496505988 rate=317697/s wakes=3175627 wakerate=404/s workers=24 refused=0 mismatch=0 stalled=0 drifted=0 crossings=347037 remote=2270391 steals=2 deferred=0
soak-test: t=7943s beat=1573 rounds=2498093459 rate=317494/s wakes=3177647 wakerate=404/s workers=24 refused=0 mismatch=0 stalled=0 drifted=0 crossings=347283 remote=2271824 steals=2 deferred=0
soak-test: t=7948s beat=1574 rounds=2499680843 rate=317476/s wakes=3179667 wakerate=404/s workers=24 refused=0 mismatch=0 stalled=0 drifted=0 crossings=347553 remote=2273249 steals=2 deferred=0
soak-test: t=7953s beat=1575 rounds=2501268242 rate=317479/s wakes=3181687 wakerate=404/s workers=24 refused=0 mismatch=0 stalled=0 drifted=0 crossings=347781 remote=2274678 steals=2 deferred=0
soak-test: t=7958s beat=1576 rounds=2502856628 rate=317677/s wakes=3183707 wakerate=404/s workers=24 refused=0 mismatch=0 stalled=0 drifted=0 crossings=347984 remote=2276137 steals=2 deferred=0
soak-test: t=7963s beat=1577 rounds=2504444550 rate=317584/s wakes=3185727 wakerate=404/s workers=24 refused=0 mismatch=0 stalled=0 drifted=0 crossings=348218 remote=2277580 steals=2 deferred=0
soak-test: t=7968s beat=1578 rounds=2506031961 rate=317482/s wakes=3187747 wakerate=404/s workers=24 refused=0 mismatch=0 stalled=0 drifted=0 crossings=348442 remote=2279027 steals=2 deferred=0
soak-test: t=7973s beat=1579 rounds=2507620376 rate=317683/s wakes=3189767 wakerate=404/s workers=24 refused=0 mismatch=0 stalled=0 drifted=0 crossings=348634 remote=2280487 steals=2 deferred=0
soak-test: t=7979s beat=1580 rounds=2509208320 rate=317588/s wakes=3191787 wakerate=404/s workers=24 refused=0 mismatch=0 stalled=0 drifted=0 crossings=348870 remote=2281918 steals=2 deferred=0
soak-test: t=7984s beat=1581 rounds=2510796240 rate=317584/s wakes=3193807 wakerate=404/s workers=24 refused=0 mismatch=0 stalled=0 drifted=0 crossings=349120 remote=2283341 steals=2 deferred=0
soak-test: t=7989s beat=1582 rounds=2512384029 rate=317557/s wakes=3195827 wakerate=404/s workers=24 refused=0 mismatch=0 stalled=0 drifted=0 crossings=349328 remote=2284796 steals=2 deferred=0
soak-test: t=7994s beat=1583 rounds=2513972138 rate=317621/s wakes=3197847 wakerate=404/s workers=24 refused=0 mismatch=0 stalled=0 drifted=0 crossings=349550 remote=2286245 steals=2 deferred=0
soak-test: t=7999s beat=1584 rounds=2515559953 rate=317563/s wakes=3199867 wakerate=404/s workers=24 refused=0 mismatch=0 stalled=0 drifted=0 crossings=349792 remote=2287687 steals=2 deferred=0
soak-test: t=8004s beat=1585 rounds=2517148427 rate=317694/s wakes=3201887 wakerate=404/s workers=24 refused=0 mismatch=0 stalled=0 drifted=0 crossings=349988 remote=2289136 steals=2 deferred=0
soak-test: t=8009s beat=1586 rounds=2518735767 rate=317468/s wakes=3203907 wakerate=404/s workers=24 refused=0 mismatch=0 stalled=0 drifted=0 crossings=350219 remote=2290580 steals=2 deferred=0
soak-test: t=8014s beat=1587 rounds=2520323415 rate=317529/s wakes=3205927 wakerate=404/s workers=24 refused=0 mismatch=0 stalled=0 drifted=0 crossings=350425 remote=2292027 steals=2 deferred=0
soak-test: t=8019s beat=1588 rounds=2521910914 rate=317499/s wakes=3207947 wakerate=404/s workers=24 refused=0 mismatch=0 stalled=0 drifted=0 crossings=350629 remote=2293481 steals=2 deferred=0
soak-test: t=8024s beat=1589 rounds=2523498974 rate=317612/s wakes=3209967 wakerate=404/s workers=24 refused=0 mismatch=0 stalled=0 drifted=0 crossings=350863 remote=2294905 steals=2 deferred=0
soak-test: t=8029s beat=1590 rounds=2525086651 rate=317535/s wakes=3211987 wakerate=404/s workers=24 refused=0 mismatch=0 stalled=0 drifted=0 crossings=351087 remote=2296341 steals=2 deferred=0
soak-test: t=8034s beat=1591 rounds=2526675334 rate=317736/s wakes=3214007 wakerate=404/s workers=24 refused=0 mismatch=0 stalled=0 drifted=0 crossings=351297 remote=2297787 steals=2 deferred=0
soak-test: t=8039s beat=1592 rounds=2528263974 rate=317728/s wakes=3216027 wakerate=404/s workers=24 refused=0 mismatch=0 stalled=0 drifted=0 crossings=351509 remote=2299232 steals=2 deferred=0
soak-test: t=8044s beat=1593 rounds=2529852222 rate=317649/s wakes=3218047 wakerate=404/s workers=24 refused=0 mismatch=0 stalled=0 drifted=0 crossings=351713 remote=2300682 steals=2 deferred=0
soak-test: t=8049s beat=1594 rounds=2531440919 rate=317739/s wakes=3220067 wakerate=404/s workers=24 refused=0 mismatch=0 stalled=0 drifted=0 crossings=351924 remote=2302128 steals=2 deferred=0
soak-test: t=8054s beat=1595 rounds=2533028525 rate=317521/s wakes=3222087 wakerate=404/s workers=24 refused=0 mismatch=0 stalled=0 drifted=0 crossings=352170 remote=2303562 steals=2 deferred=0
soak-test: t=8059s beat=1596 rounds=2534616313 rate=317557/s wakes=3224107 wakerate=404/s workers=24 refused=0 mismatch=0 stalled=0 drifted=0 crossings=352406 remote=2305001 steals=2 deferred=0
soak-test: t=8064s beat=1597 rounds=2536204006 rate=317538/s wakes=3226127 wakerate=404/s workers=24 refused=0 mismatch=0 stalled=0 drifted=0 crossings=352657 remote=2306432 steals=2 deferred=0
soak-test: t=8069s beat=1598 rounds=2537792139 rate=317626/s wakes=3228147 wakerate=404/s workers=24 refused=0 mismatch=0 stalled=0 drifted=0 crossings=352878 remote=2307875 steals=2 deferred=0
soak-test: t=8074s beat=1599 rounds=2539380136 rate=317599/s wakes=3230167 wakerate=404/s workers=24 refused=0 mismatch=0 stalled=0 drifted=0 crossings=353100 remote=2309317 steals=2 deferred=0
soak-test: t=8080s beat=1600 rounds=2540967754 rate=317523/s wakes=3232187 wakerate=404/s workers=24 refused=0 mismatch=0 stalled=0 drifted=0 crossings=353295 remote=2310764 steals=2 deferred=0
soak-test: t=8085s beat=1601 rounds=2542555811 rate=317611/s wakes=3234207 wakerate=404/s workers=24 refused=0 mismatch=0 stalled=0 drifted=0 crossings=353526 remote=2312207 steals=2 deferred=0
soak-test: t=8090s beat=1602 rounds=2544144157 rate=317669/s wakes=3236227 wakerate=404/s workers=24 refused=0 mismatch=0 stalled=0 drifted=0 crossings=353742 remote=2313647 steals=2 deferred=0
soak-test: t=8095s beat=1603 rounds=2545732052 rate=317579/s wakes=3238247 wakerate=404/s workers=24 refused=0 mismatch=0 stalled=0 drifted=0 crossings=353957 remote=2315093 steals=2 deferred=0
soak-test: t=8100s beat=1604 rounds=2547319878 rate=317565/s wakes=3240267 wakerate=404/s workers=24 refused=0 mismatch=0 stalled=0 drifted=0 crossings=354172 remote=2316546 steals=2 deferred=0
soak-test: t=8105s beat=1605 rounds=2548906962 rate=317416/s wakes=3242287 wakerate=404/s workers=24 refused=0 mismatch=0 stalled=0 drifted=0 crossings=354397 remote=2317990 steals=2 deferred=0
soak-test: t=8110s beat=1606 rounds=2550495001 rate=317607/s wakes=3244307 wakerate=404/s workers=24 refused=0 mismatch=0 stalled=0 drifted=0 crossings=354627 remote=2319428 steals=2 deferred=0
soak-test: t=8115s beat=1607 rounds=2552082066 rate=317413/s wakes=3246327 wakerate=404/s workers=24 refused=0 mismatch=0 stalled=0 drifted=0 crossings=354875 remote=2320855 steals=2 deferred=0
soak-test: t=8120s beat=1608 rounds=2553669952 rate=317577/s wakes=3248347 wakerate=404/s workers=24 refused=0 mismatch=0 stalled=0 drifted=0 crossings=355110 remote=2322292 steals=2 deferred=0
soak-test: t=8125s beat=1609 rounds=2555258041 rate=317617/s wakes=3250367 wakerate=404/s workers=24 refused=0 mismatch=0 stalled=0 drifted=0 crossings=355333 remote=2323739 steals=2 deferred=0
soak-test: t=8130s beat=1610 rounds=2556845669 rate=317525/s wakes=3252387 wakerate=404/s workers=24 refused=0 mismatch=0 stalled=0 drifted=0 crossings=355597 remote=2325172 steals=2 deferred=0
soak-test: t=8135s beat=1611 rounds=2558433831 rate=317632/s wakes=3254407 wakerate=404/s workers=24 refused=0 mismatch=0 stalled=0 drifted=0 crossings=355836 remote=2326603 steals=2 deferred=0
soak-test: t=8140s beat=1612 rounds=2560021060 rate=317445/s wakes=3256427 wakerate=404/s workers=24 refused=0 mismatch=0 stalled=0 drifted=0 crossings=356047 remote=2328045 steals=2 deferred=0
soak-test: t=8145s beat=1613 rounds=2561608432 rate=317474/s wakes=3258447 wakerate=404/s workers=24 refused=0 mismatch=0 stalled=0 drifted=0 crossings=356293 remote=2329477 steals=2 deferred=0
soak-test: t=8150s beat=1614 rounds=2563195828 rate=317479/s wakes=3260467 wakerate=404/s workers=24 refused=0 mismatch=0 stalled=0 drifted=0 crossings=356504 remote=2330920 steals=2 deferred=0
soak-test: t=8155s beat=1615 rounds=2564784449 rate=317724/s wakes=3262487 wakerate=404/s workers=24 refused=0 mismatch=0 stalled=0 drifted=0 crossings=356708 remote=2332378 steals=2 deferred=0
soak-test: t=8160s beat=1616 rounds=2566371063 rate=317322/s wakes=3264507 wakerate=404/s workers=24 refused=0 mismatch=0 stalled=0 drifted=0 crossings=356936 remote=2333811 steals=2 deferred=0
soak-test: t=8165s beat=1617 rounds=2567959069 rate=317601/s wakes=3266527 wakerate=404/s workers=24 refused=0 mismatch=0 stalled=0 drifted=0 crossings=357145 remote=2335266 steals=2 deferred=0
soak-test: t=8170s beat=1618 rounds=2569547044 rate=317595/s wakes=3268547 wakerate=404/s workers=24 refused=0 mismatch=0 stalled=0 drifted=0 crossings=357366 remote=2336716 steals=2 deferred=0
soak-test: t=8175s beat=1619 rounds=2571134625 rate=317516/s wakes=3270567 wakerate=404/s workers=24 refused=0 mismatch=0 stalled=0 drifted=0 crossings=357545 remote=2338170 steals=2 deferred=0
soak-test: t=8181s beat=1620 rounds=2572722237 rate=317522/s wakes=3272587 wakerate=404/s workers=24 refused=0 mismatch=0 stalled=0 drifted=0 crossings=357773 remote=2339619 steals=2 deferred=0
soak-test: t=8186s beat=1621 rounds=2574310301 rate=317612/s wakes=3274607 wakerate=404/s workers=24 refused=0 mismatch=0 stalled=0 drifted=0 crossings=357969 remote=2341071 steals=2 deferred=0
soak-test: t=8191s beat=1622 rounds=2575898157 rate=317571/s wakes=3276627 wakerate=404/s workers=24 refused=0 mismatch=0 stalled=0 drifted=0 crossings=358196 remote=2342521 steals=2 deferred=0
soak-test: t=8196s beat=1623 rounds=2577486245 rate=317617/s wakes=3278647 wakerate=404/s workers=24 refused=0 mismatch=0 stalled=0 drifted=0 crossings=358375 remote=2343979 steals=2 deferred=0
soak-test: t=8201s beat=1624 rounds=2579073896 rate=317530/s wakes=3280667 wakerate=404/s workers=24 refused=0 mismatch=0 stalled=0 drifted=0 crossings=358582 remote=2345430 steals=2 deferred=0
soak-test: t=8206s beat=1625 rounds=2580662145 rate=317649/s wakes=3282687 wakerate=404/s workers=24 refused=0 mismatch=0 stalled=0 drifted=0 crossings=358833 remote=2346869 steals=2 deferred=0
soak-test: t=8211s beat=1626 rounds=2582250524 rate=317675/s wakes=3284707 wakerate=404/s workers=24 refused=0 mismatch=0 stalled=0 drifted=0 crossings=359078 remote=2348311 steals=2 deferred=0
soak-test: t=8216s beat=1627 rounds=2583838440 rate=317583/s wakes=3286727 wakerate=404/s workers=24 refused=0 mismatch=0 stalled=0 drifted=0 crossings=359250 remote=2349762 steals=2 deferred=0
soak-test: t=8221s beat=1628 rounds=2585426637 rate=317639/s wakes=3288747 wakerate=404/s workers=24 refused=0 mismatch=0 stalled=0 drifted=0 crossings=359480 remote=2351206 steals=2 deferred=0
soak-test: t=8226s beat=1629 rounds=2587015404 rate=317753/s wakes=3290767 wakerate=404/s workers=24 refused=0 mismatch=0 stalled=0 drifted=0 crossings=359756 remote=2352624 steals=2 deferred=0
soak-test: t=8231s beat=1630 rounds=2588602964 rate=317512/s wakes=3292787 wakerate=404/s workers=24 refused=0 mismatch=0 stalled=0 drifted=0 crossings=360002 remote=2354063 steals=2 deferred=0
soak-test: t=8236s beat=1631 rounds=2590191387 rate=317684/s wakes=3294807 wakerate=404/s workers=24 refused=0 mismatch=0 stalled=0 drifted=0 crossings=360232 remote=2355504 steals=2 deferred=0
soak-test: t=8241s beat=1632 rounds=2591779275 rate=317577/s wakes=3296827 wakerate=404/s workers=24 refused=0 mismatch=0 stalled=0 drifted=0 crossings=360444 remote=2356954 steals=2 deferred=0
soak-test: t=8246s beat=1633 rounds=2593367408 rate=317626/s wakes=3298847 wakerate=404/s workers=24 refused=0 mismatch=0 stalled=0 drifted=0 crossings=360638 remote=2358403 steals=2 deferred=0
soak-test: t=8251s beat=1634 rounds=2594955390 rate=317596/s wakes=3300867 wakerate=404/s workers=24 refused=0 mismatch=0 stalled=0 drifted=0 crossings=360882 remote=2359832 steals=2 deferred=0
soak-test: t=8256s beat=1635 rounds=2596543444 rate=317610/s wakes=3302887 wakerate=404/s workers=24 refused=0 mismatch=0 stalled=0 drifted=0 crossings=361099 remote=2361278 steals=2 deferred=0
soak-test: t=8261s beat=1636 rounds=2598131528 rate=317616/s wakes=3304907 wakerate=404/s workers=24 refused=0 mismatch=0 stalled=0 drifted=0 crossings=361322 remote=2362722 steals=2 deferred=0
soak-test: t=8266s beat=1637 rounds=2599719381 rate=317570/s wakes=3306927 wakerate=404/s workers=24 refused=0 mismatch=0 stalled=0 drifted=0 crossings=361516 remote=2364169 steals=2 deferred=0
soak-test: t=8271s beat=1638 rounds=2601307351 rate=317594/s wakes=3308947 wakerate=404/s workers=24 refused=0 mismatch=0 stalled=0 drifted=0 crossings=361719 remote=2365608 steals=2 deferred=0
soak-test: t=8276s beat=1639 rounds=2602896251 rate=317780/s wakes=3310967 wakerate=404/s workers=24 refused=0 mismatch=0 stalled=0 drifted=0 crossings=361927 remote=2367053 steals=2 deferred=0
soak-test: t=8282s beat=1640 rounds=2604484251 rate=317600/s wakes=3312987 wakerate=404/s workers=24 refused=0 mismatch=0 stalled=0 drifted=0 crossings=362157 remote=2368496 steals=2 deferred=0
soak-test: t=8287s beat=1641 rounds=2606071897 rate=317529/s wakes=3315007 wakerate=404/s workers=24 refused=0 mismatch=0 stalled=0 drifted=0 crossings=362380 remote=2369939 steals=2 deferred=0
soak-test: t=8292s beat=1642 rounds=2607659921 rate=317604/s wakes=3317027 wakerate=404/s workers=24 refused=0 mismatch=0 stalled=0 drifted=0 crossings=362595 remote=2371379 steals=2 deferred=0
soak-test: t=8297s beat=1643 rounds=2609247264 rate=317468/s wakes=3319047 wakerate=404/s workers=24 refused=0 mismatch=0 stalled=0 drifted=0 crossings=362796 remote=2372827 steals=2 deferred=0
soak-test: t=8302s beat=1644 rounds=2610835342 rate=317615/s wakes=3321067 wakerate=404/s workers=24 refused=0 mismatch=0 stalled=0 drifted=0 crossings=363024 remote=2374264 steals=2 deferred=0
soak-test: t=8307s beat=1645 rounds=2612422750 rate=317481/s wakes=3323087 wakerate=404/s workers=24 refused=0 mismatch=0 stalled=0 drifted=0 crossings=363301 remote=2375689 steals=2 deferred=0
soak-test: t=8312s beat=1646 rounds=2614011103 rate=317670/s wakes=3325107 wakerate=404/s workers=24 refused=0 mismatch=0 stalled=0 drifted=0 crossings=363555 remote=2377113 steals=2 deferred=0
soak-test: t=8317s beat=1647 rounds=2615598678 rate=317515/s wakes=3327127 wakerate=404/s workers=24 refused=0 mismatch=0 stalled=0 drifted=0 crossings=363780 remote=2378551 steals=2 deferred=0
soak-test: t=8322s beat=1648 rounds=2617186702 rate=317604/s wakes=3329147 wakerate=404/s workers=24 refused=0 mismatch=0 stalled=0 drifted=0 crossings=364028 remote=2379981 steals=2 deferred=0
soak-test: t=8327s beat=1649 rounds=2618774314 rate=317522/s wakes=3331167 wakerate=404/s workers=24 refused=0 mismatch=0 stalled=0 drifted=0 crossings=364259 remote=2381419 steals=2 deferred=0
soak-test: t=8332s beat=1650 rounds=2620362383 rate=317613/s wakes=3333187 wakerate=404/s workers=24 refused=0 mismatch=0 stalled=0 drifted=0 crossings=364471 remote=2382873 steals=2 deferred=0
soak-test: t=8337s beat=1651 rounds=2621950004 rate=317524/s wakes=3335207 wakerate=404/s workers=24 refused=0 mismatch=0 stalled=0 drifted=0 crossings=364697 remote=2384317 steals=2 deferred=0
soak-test: t=8342s beat=1652 rounds=2623537659 rate=317531/s wakes=3337227 wakerate=404/s workers=24 refused=0 mismatch=0 stalled=0 drifted=0 crossings=364916 remote=2385770 steals=2 deferred=0
soak-test: t=8347s beat=1653 rounds=2625126049 rate=317678/s wakes=3339247 wakerate=404/s workers=24 refused=0 mismatch=0 stalled=0 drifted=0 crossings=365123 remote=2387226 steals=2 deferred=0
soak-test: t=8352s beat=1654 rounds=2626713367 rate=317463/s wakes=3341267 wakerate=404/s workers=24 refused=0 mismatch=0 stalled=0 drifted=0 crossings=365346 remote=2388676 steals=2 deferred=0
soak-test: t=8357s beat=1655 rounds=2628301253 rate=317577/s wakes=3343287 wakerate=404/s workers=24 refused=0 mismatch=0 stalled=0 drifted=0 crossings=365547 remote=2390124 steals=2 deferred=0
soak-test: t=8362s beat=1656 rounds=2629889382 rate=317625/s wakes=3345307 wakerate=404/s workers=24 refused=0 mismatch=0 stalled=0 drifted=0 crossings=365762 remote=2391570 steals=2 deferred=0
soak-test: t=8367s beat=1657 rounds=2631477658 rate=317655/s wakes=3347327 wakerate=404/s workers=24 refused=0 mismatch=0 stalled=0 drifted=0 crossings=365983 remote=2393011 steals=2 deferred=0
soak-test: t=8372s beat=1658 rounds=2633066739 rate=317816/s wakes=3349347 wakerate=404/s workers=24 refused=0 mismatch=0 stalled=0 drifted=0 crossings=366219 remote=2394438 steals=2 deferred=0
soak-test: t=8377s beat=1659 rounds=2634655363 rate=317724/s wakes=3351367 wakerate=404/s workers=24 refused=0 mismatch=0 stalled=0 drifted=0 crossings=366437 remote=2395879 steals=2 deferred=0
soak-test: t=8383s beat=1660 rounds=2636243086 rate=317544/s wakes=3353387 wakerate=404/s workers=24 refused=0 mismatch=0 stalled=0 drifted=0 crossings=366673 remote=2397316 steals=2 deferred=0
soak-test: t=8388s beat=1661 rounds=2637831384 rate=317659/s wakes=3355407 wakerate=404/s workers=24 refused=0 mismatch=0 stalled=0 drifted=0 crossings=366895 remote=2398762 steals=2 deferred=0
soak-test: t=8393s beat=1662 rounds=2639418914 rate=317506/s wakes=3357427 wakerate=404/s workers=24 refused=0 mismatch=0 stalled=0 drifted=0 crossings=367110 remote=2400210 steals=2 deferred=0
soak-test: t=8398s beat=1663 rounds=2641006579 rate=317533/s wakes=3359447 wakerate=404/s workers=24 refused=0 mismatch=0 stalled=0 drifted=0 crossings=367314 remote=2401651 steals=2 deferred=0
soak-test: t=8403s beat=1664 rounds=2642594069 rate=317498/s wakes=3361467 wakerate=404/s workers=24 refused=0 mismatch=0 stalled=0 drifted=0 crossings=367530 remote=2403102 steals=2 deferred=0
soak-test: t=8408s beat=1665 rounds=2644181955 rate=317577/s wakes=3363487 wakerate=404/s workers=24 refused=0 mismatch=0 stalled=0 drifted=0 crossings=367766 remote=2404544 steals=2 deferred=0
soak-test: t=8413s beat=1666 rounds=2645769688 rate=317546/s wakes=3365507 wakerate=404/s workers=24 refused=0 mismatch=0 stalled=0 drifted=0 crossings=367982 remote=2406001 steals=2 deferred=0
soak-test: t=8418s beat=1667 rounds=2647357309 rate=317524/s wakes=3367527 wakerate=404/s workers=24 refused=0 mismatch=0 stalled=0 drifted=0 crossings=368183 remote=2407450 steals=2 deferred=0
soak-test: t=8423s beat=1668 rounds=2648944869 rate=317512/s wakes=3369547 wakerate=404/s workers=24 refused=0 mismatch=0 stalled=0 drifted=0 crossings=368390 remote=2408900 steals=2 deferred=0
soak-test: t=8428s beat=1669 rounds=2650531991 rate=317424/s wakes=3371567 wakerate=404/s workers=24 refused=0 mismatch=0 stalled=0 drifted=0 crossings=368585 remote=2410347 steals=2 deferred=0
soak-test: t=8433s beat=1670 rounds=2652119584 rate=317518/s wakes=3373587 wakerate=404/s workers=24 refused=0 mismatch=0 stalled=0 drifted=0 crossings=368779 remote=2411803 steals=2 deferred=0
soak-test: t=8438s beat=1671 rounds=2653707192 rate=317521/s wakes=3375607 wakerate=404/s workers=24 refused=0 mismatch=0 stalled=0 drifted=0 crossings=369006 remote=2413244 steals=2 deferred=0
soak-test: t=8443s beat=1672 rounds=2655294942 rate=317550/s wakes=3377627 wakerate=404/s workers=24 refused=0 mismatch=0 stalled=0 drifted=0 crossings=369254 remote=2414679 steals=2 deferred=0
soak-test: t=8448s beat=1673 rounds=2656882859 rate=317583/s wakes=3379647 wakerate=404/s workers=24 refused=0 mismatch=0 stalled=0 drifted=0 crossings=369486 remote=2416119 steals=2 deferred=0
soak-test: t=8453s beat=1674 rounds=2658470984 rate=317625/s wakes=3381667 wakerate=404/s workers=24 refused=0 mismatch=0 stalled=0 drifted=0 crossings=369749 remote=2417554 steals=2 deferred=0
soak-test: t=8458s beat=1675 rounds=2660058813 rate=317565/s wakes=3383687 wakerate=404/s workers=24 refused=0 mismatch=0 stalled=0 drifted=0 crossings=369931 remote=2419015 steals=2 deferred=0
soak-test: t=8463s beat=1676 rounds=2661646126 rate=317462/s wakes=3385707 wakerate=404/s workers=24 refused=0 mismatch=0 stalled=0 drifted=0 crossings=370127 remote=2420466 steals=2 deferred=0
soak-test: t=8468s beat=1677 rounds=2663233733 rate=317521/s wakes=3387727 wakerate=404/s workers=24 refused=0 mismatch=0 stalled=0 drifted=0 crossings=370368 remote=2421905 steals=2 deferred=0
soak-test: t=8473s beat=1678 rounds=2664821239 rate=317501/s wakes=3389747 wakerate=404/s workers=24 refused=0 mismatch=0 stalled=0 drifted=0 crossings=370538 remote=2423371 steals=2 deferred=0
soak-test: t=8478s beat=1679 rounds=2666409345 rate=317621/s wakes=3391767 wakerate=404/s workers=24 refused=0 mismatch=0 stalled=0 drifted=0 crossings=370772 remote=2424799 steals=2 deferred=0
soak-test: t=8484s beat=1680 rounds=2667996871 rate=317505/s wakes=3393787 wakerate=404/s workers=24 refused=0 mismatch=0 stalled=0 drifted=0 crossings=370964 remote=2426253 steals=2 deferred=0
soak-test: t=8489s beat=1681 rounds=2669584066 rate=317439/s wakes=3395807 wakerate=404/s workers=24 refused=0 mismatch=0 stalled=0 drifted=0 crossings=371194 remote=2427695 steals=2 deferred=0
soak-test: t=8494s beat=1682 rounds=2671172543 rate=317695/s wakes=3397827 wakerate=404/s workers=24 refused=0 mismatch=0 stalled=0 drifted=0 crossings=371426 remote=2429139 steals=2 deferred=0
soak-test: t=8499s beat=1683 rounds=2672760759 rate=317643/s wakes=3399847 wakerate=404/s workers=24 refused=0 mismatch=0 stalled=0 drifted=0 crossings=371669 remote=2430560 steals=2 deferred=0
soak-test: t=8504s beat=1684 rounds=2674349654 rate=317779/s wakes=3401867 wakerate=404/s workers=24 refused=0 mismatch=0 stalled=0 drifted=0 crossings=371900 remote=2432005 steals=2 deferred=0
soak-test: t=8509s beat=1685 rounds=2675937155 rate=317500/s wakes=3403887 wakerate=404/s workers=24 refused=0 mismatch=0 stalled=0 drifted=0 crossings=372111 remote=2433447 steals=2 deferred=0
soak-test: t=8514s beat=1686 rounds=2677525767 rate=317722/s wakes=3405907 wakerate=404/s workers=24 refused=0 mismatch=0 stalled=0 drifted=0 crossings=372351 remote=2434890 steals=2 deferred=0
soak-test: t=8519s beat=1687 rounds=2679114601 rate=317766/s wakes=3407927 wakerate=404/s workers=24 refused=0 mismatch=0 stalled=0 drifted=0 crossings=372585 remote=2436341 steals=2 deferred=0
soak-test: t=8524s beat=1688 rounds=2680702552 rate=317590/s wakes=3409947 wakerate=404/s workers=24 refused=0 mismatch=0 stalled=0 drifted=0 crossings=372792 remote=2437790 steals=2 deferred=0
soak-test: t=8529s beat=1689 rounds=2682290717 rate=317633/s wakes=3411967 wakerate=404/s workers=24 refused=0 mismatch=0 stalled=0 drifted=0 crossings=373059 remote=2439215 steals=2 deferred=0
soak-test: t=8534s beat=1690 rounds=2683878620 rate=317580/s wakes=3413987 wakerate=404/s workers=24 refused=0 mismatch=0 stalled=0 drifted=0 crossings=373293 remote=2440662 steals=2 deferred=0
soak-test: t=8539s beat=1691 rounds=2685466277 rate=317531/s wakes=3416007 wakerate=404/s workers=24 refused=0 mismatch=0 stalled=0 drifted=0 crossings=373526 remote=2442112 steals=2 deferred=0
soak-test: t=8544s beat=1692 rounds=2687054032 rate=317551/s wakes=3418027 wakerate=404/s workers=24 refused=0 mismatch=0 stalled=0 drifted=0 crossings=373749 remote=2443551 steals=2 deferred=0
soak-test: t=8549s beat=1693 rounds=2688641811 rate=317555/s wakes=3420047 wakerate=404/s workers=24 refused=0 mismatch=0 stalled=0 drifted=0 crossings=373980 remote=2444991 steals=2 deferred=0
soak-test: t=8554s beat=1694 rounds=2690229657 rate=317569/s wakes=3422067 wakerate=404/s workers=24 refused=0 mismatch=0 stalled=0 drifted=0 crossings=374222 remote=2446418 steals=2 deferred=0
soak-test: t=8559s beat=1695 rounds=2691817777 rate=317624/s wakes=3424087 wakerate=404/s workers=24 refused=0 mismatch=0 stalled=0 drifted=0 crossings=374469 remote=2447856 steals=2 deferred=0
soak-test: t=8564s beat=1696 rounds=2693405477 rate=317540/s wakes=3426107 wakerate=404/s workers=24 refused=0 mismatch=0 stalled=0 drifted=0 crossings=374701 remote=2449296 steals=2 deferred=0
soak-test: t=8569s beat=1697 rounds=2694992797 rate=317464/s wakes=3428127 wakerate=404/s workers=24 refused=0 mismatch=0 stalled=0 drifted=0 crossings=374937 remote=2450744 steals=2 deferred=0
soak-test: t=8574s beat=1698 rounds=2696580953 rate=317631/s wakes=3430147 wakerate=404/s workers=24 refused=0 mismatch=0 stalled=0 drifted=0 crossings=375169 remote=2452186 steals=2 deferred=0
soak-test: t=8579s beat=1699 rounds=2698169230 rate=317655/s wakes=3432167 wakerate=404/s workers=24 refused=0 mismatch=0 stalled=0 drifted=0 crossings=375410 remote=2453618 steals=2 deferred=0
soak-test: t=8585s beat=1700 rounds=2699756591 rate=317472/s wakes=3434187 wakerate=404/s workers=24 refused=0 mismatch=0 stalled=0 drifted=0 crossings=375613 remote=2455067 steals=2 deferred=0
soak-test: t=8590s beat=1701 rounds=2701344323 rate=317546/s wakes=3436207 wakerate=404/s workers=24 refused=0 mismatch=0 stalled=0 drifted=0 crossings=375804 remote=2456522 steals=2 deferred=0
soak-test: t=8595s beat=1702 rounds=2702932192 rate=317573/s wakes=3438227 wakerate=404/s workers=24 refused=0 mismatch=0 stalled=0 drifted=0 crossings=376013 remote=2457968 steals=2 deferred=0
soak-test: t=8600s beat=1703 rounds=2704520048 rate=317571/s wakes=3440247 wakerate=404/s workers=24 refused=0 mismatch=0 stalled=0 drifted=0 crossings=376243 remote=2459410 steals=2 deferred=0
soak-test: t=8605s beat=1704 rounds=2706108186 rate=317627/s wakes=3442267 wakerate=404/s workers=24 refused=0 mismatch=0 stalled=0 drifted=0 crossings=376467 remote=2460856 steals=2 deferred=0
soak-test: t=8610s beat=1705 rounds=2707696378 rate=317638/s wakes=3444287 wakerate=404/s workers=24 refused=0 mismatch=0 stalled=0 drifted=0 crossings=376667 remote=2462315 steals=2 deferred=0
soak-test: t=8615s beat=1706 rounds=2709284371 rate=317598/s wakes=3446307 wakerate=404/s workers=24 refused=0 mismatch=0 stalled=0 drifted=0 crossings=376879 remote=2463761 steals=2 deferred=0
soak-test: t=8620s beat=1707 rounds=2710872258 rate=317577/s wakes=3448327 wakerate=404/s workers=24 refused=0 mismatch=0 stalled=0 drifted=0 crossings=377104 remote=2465198 steals=2 deferred=0
soak-test: t=8625s beat=1708 rounds=2712459911 rate=317530/s wakes=3450347 wakerate=404/s workers=24 refused=0 mismatch=0 stalled=0 drifted=0 crossings=377340 remote=2466636 steals=2 deferred=0
soak-test: t=8630s beat=1709 rounds=2714047780 rate=317573/s wakes=3452367 wakerate=404/s workers=24 refused=0 mismatch=0 stalled=0 drifted=0 crossings=377568 remote=2468078 steals=2 deferred=0
soak-test: t=8635s beat=1710 rounds=2715635228 rate=317489/s wakes=3454387 wakerate=404/s workers=24 refused=0 mismatch=0 stalled=0 drifted=0 crossings=377811 remote=2469511 steals=2 deferred=0
soak-test: t=8640s beat=1711 rounds=2717223796 rate=317713/s wakes=3456407 wakerate=404/s workers=24 refused=0 mismatch=0 stalled=0 drifted=0 crossings=378026 remote=2470958 steals=2 deferred=0
soak-test: t=8645s beat=1712 rounds=2718812060 rate=317652/s wakes=3458427 wakerate=404/s workers=24 refused=0 mismatch=0 stalled=0 drifted=0 crossings=378239 remote=2472406 steals=2 deferred=0
soak-test: t=8650s beat=1713 rounds=2720400816 rate=317751/s wakes=3460447 wakerate=404/s workers=24 refused=0 mismatch=0 stalled=0 drifted=0 crossings=378432 remote=2473853 steals=2 deferred=0
soak-test: t=8655s beat=1714 rounds=2721988818 rate=317600/s wakes=3462467 wakerate=404/s workers=24 refused=0 mismatch=0 stalled=0 drifted=0 crossings=378685 remote=2475278 steals=2 deferred=0
soak-test: t=8660s beat=1715 rounds=2723576283 rate=317493/s wakes=3464487 wakerate=404/s workers=24 refused=0 mismatch=0 stalled=0 drifted=0 crossings=378920 remote=2476706 steals=2 deferred=0
soak-test: t=8665s beat=1716 rounds=2725164380 rate=317619/s wakes=3466507 wakerate=404/s workers=24 refused=0 mismatch=0 stalled=0 drifted=0 crossings=379156 remote=2478156 steals=2 deferred=0
soak-test: t=8670s beat=1717 rounds=2726752747 rate=317673/s wakes=3468527 wakerate=404/s workers=24 refused=0 mismatch=0 stalled=0 drifted=0 crossings=379370 remote=2479604 steals=2 deferred=0
soak-test: t=8675s beat=1718 rounds=2728340168 rate=317484/s wakes=3470547 wakerate=404/s workers=24 refused=0 mismatch=0 stalled=0 drifted=0 crossings=379608 remote=2481055 steals=2 deferred=0
soak-test: t=8680s beat=1719 rounds=2729928066 rate=317579/s wakes=3472567 wakerate=404/s workers=24 refused=0 mismatch=0 stalled=0 drifted=0 crossings=379820 remote=2482506 steals=2 deferred=0
soak-test: t=8686s beat=1720 rounds=2731515875 rate=317561/s wakes=3474587 wakerate=404/s workers=24 refused=0 mismatch=0 stalled=0 drifted=0 crossings=380037 remote=2483962 steals=2 deferred=0
soak-test: t=8691s beat=1721 rounds=2733103439 rate=317512/s wakes=3476607 wakerate=404/s workers=24 refused=0 mismatch=0 stalled=0 drifted=0 crossings=380263 remote=2485409 steals=2 deferred=0
soak-test: t=8696s beat=1722 rounds=2734691589 rate=317630/s wakes=3478627 wakerate=404/s workers=24 refused=0 mismatch=0 stalled=0 drifted=0 crossings=380499 remote=2486853 steals=2 deferred=0
soak-test: t=8701s beat=1723 rounds=2736279305 rate=317543/s wakes=3480647 wakerate=404/s workers=24 refused=0 mismatch=0 stalled=0 drifted=0 crossings=380727 remote=2488298 steals=2 deferred=0
soak-test: t=8706s beat=1724 rounds=2737866963 rate=317531/s wakes=3482667 wakerate=404/s workers=24 refused=0 mismatch=0 stalled=0 drifted=0 crossings=380945 remote=2489749 steals=2 deferred=0
soak-test: t=8711s beat=1725 rounds=2739455145 rate=317636/s wakes=3484687 wakerate=404/s workers=24 refused=0 mismatch=0 stalled=0 drifted=0 crossings=381159 remote=2491200 steals=2 deferred=0
soak-test: t=8716s beat=1726 rounds=2741042641 rate=317499/s wakes=3486708 wakerate=404/s workers=24 refused=0 mismatch=0 stalled=0 drifted=0 crossings=381385 remote=2492628 steals=2 deferred=0
soak-test: t=8721s beat=1727 rounds=2742629888 rate=317449/s wakes=3488727 wakerate=403/s workers=24 refused=0 mismatch=0 stalled=0 drifted=0 crossings=381607 remote=2494077 steals=2 deferred=0
soak-test: t=8726s beat=1728 rounds=2744217666 rate=317555/s wakes=3490747 wakerate=404/s workers=24 refused=0 mismatch=0 stalled=0 drifted=0 crossings=381852 remote=2495507 steals=2 deferred=0
soak-test: t=8731s beat=1729 rounds=2745805453 rate=317557/s wakes=3492767 wakerate=404/s workers=24 refused=0 mismatch=0 stalled=0 drifted=0 crossings=382080 remote=2496954 steals=2 deferred=0
soak-test: t=8736s beat=1730 rounds=2747393385 rate=317586/s wakes=3494787 wakerate=404/s workers=24 refused=0 mismatch=0 stalled=0 drifted=0 crossings=382262 remote=2498417 steals=2 deferred=0
soak-test: t=8741s beat=1731 rounds=2748981441 rate=317611/s wakes=3496807 wakerate=404/s workers=24 refused=0 mismatch=0 stalled=0 drifted=0 crossings=382471 remote=2499872 steals=2 deferred=0
soak-test: t=8746s beat=1732 rounds=2750568962 rate=317504/s wakes=3498827 wakerate=404/s workers=24 refused=0 mismatch=0 stalled=0 drifted=0 crossings=382697 remote=2501313 steals=2 deferred=0
soak-test: t=8751s beat=1733 rounds=2752156505 rate=317508/s wakes=3500847 wakerate=404/s workers=24 refused=0 mismatch=0 stalled=0 drifted=0 crossings=382915 remote=2502752 steals=2 deferred=0
soak-test: t=8756s beat=1734 rounds=2753744209 rate=317540/s wakes=3502867 wakerate=404/s workers=24 refused=0 mismatch=0 stalled=0 drifted=0 crossings=383164 remote=2504187 steals=2 deferred=0
soak-test: t=8761s beat=1735 rounds=2755332170 rate=317592/s wakes=3504887 wakerate=404/s workers=24 refused=0 mismatch=0 stalled=0 drifted=0 crossings=383373 remote=2505637 steals=2 deferred=0
soak-test: t=8766s beat=1736 rounds=2756920070 rate=317580/s wakes=3506907 wakerate=404/s workers=24 refused=0 mismatch=0 stalled=0 drifted=0 crossings=383595 remote=2507080 steals=2 deferred=0
soak-test: t=8771s beat=1737 rounds=2758507699 rate=317525/s wakes=3508927 wakerate=404/s workers=24 refused=0 mismatch=0 stalled=0 drifted=0 crossings=383810 remote=2508524 steals=2 deferred=0
soak-test: t=8776s beat=1738 rounds=2760095428 rate=317545/s wakes=3510947 wakerate=404/s workers=24 refused=0 mismatch=0 stalled=0 drifted=0 crossings=384019 remote=2509975 steals=2 deferred=0
soak-test: t=8781s beat=1739 rounds=2761683069 rate=317528/s wakes=3512967 wakerate=404/s workers=24 refused=0 mismatch=0 stalled=0 drifted=0 crossings=384265 remote=2511412 steals=2 deferred=0
soak-test: t=8787s beat=1740 rounds=2763270007 rate=317387/s wakes=3514987 wakerate=404/s workers=24 refused=0 mismatch=0 stalled=0 drifted=0 crossings=384489 remote=2512861 steals=2 deferred=0
soak-test: t=8792s beat=1741 rounds=2764858769 rate=317752/s wakes=3517007 wakerate=404/s workers=24 refused=0 mismatch=0 stalled=0 drifted=0 crossings=384704 remote=2514311 steals=2 deferred=0
soak-test: t=8797s beat=1742 rounds=2766446052 rate=317456/s wakes=3519027 wakerate=404/s workers=24 refused=0 mismatch=0 stalled=0 drifted=0 crossings=384951 remote=2515746 steals=2 deferred=0
soak-test: t=8802s beat=1743 rounds=2768033869 rate=317563/s wakes=3521047 wakerate=404/s workers=24 refused=0 mismatch=0 stalled=0 drifted=0 crossings=385155 remote=2517196 steals=2 deferred=0
soak-test: t=8807s beat=1744 rounds=2769621066 rate=317439/s wakes=3523067 wakerate=404/s workers=24 refused=0 mismatch=0 stalled=0 drifted=0 crossings=385366 remote=2518635 steals=2 deferred=0
soak-test: t=8812s beat=1745 rounds=2771210324 rate=317851/s wakes=3525087 wakerate=404/s workers=24 refused=0 mismatch=0 stalled=0 drifted=0 crossings=385596 remote=2520081 steals=2 deferred=0
soak-test: t=8817s beat=1746 rounds=2772798045 rate=317544/s wakes=3527107 wakerate=404/s workers=24 refused=0 mismatch=0 stalled=0 drifted=0 crossings=385803 remote=2521528 steals=2 deferred=0
soak-test: t=8822s beat=1747 rounds=2774385962 rate=317583/s wakes=3529127 wakerate=404/s workers=24 refused=0 mismatch=0 stalled=0 drifted=0 crossings=386072 remote=2522963 steals=2 deferred=0
soak-test: t=8827s beat=1748 rounds=2775973808 rate=317569/s wakes=3531147 wakerate=404/s workers=24 refused=0 mismatch=0 stalled=0 drifted=0 crossings=386259 remote=2524419 steals=2 deferred=0
soak-test: t=8832s beat=1749 rounds=2777561449 rate=317528/s wakes=3533167 wakerate=404/s workers=24 refused=0 mismatch=0 stalled=0 drifted=0 crossings=386506 remote=2525864 steals=2 deferred=0
soak-test: t=8837s beat=1750 rounds=2779149184 rate=317547/s wakes=3535187 wakerate=404/s workers=24 refused=0 mismatch=0 stalled=0 drifted=0 crossings=386731 remote=2527298 steals=2 deferred=0
soak-test: t=8842s beat=1751 rounds=2780736520 rate=317467/s wakes=3537207 wakerate=404/s workers=24 refused=0 mismatch=0 stalled=0 drifted=0 crossings=386945 remote=2528754 steals=2 deferred=0
soak-test: t=8847s beat=1752 rounds=2782323730 rate=317442/s wakes=3539227 wakerate=404/s workers=24 refused=0 mismatch=0 stalled=0 drifted=0 crossings=387179 remote=2530195 steals=2 deferred=0
soak-test: t=8852s beat=1753 rounds=2783911670 rate=317588/s wakes=3541247 wakerate=404/s workers=24 refused=0 mismatch=0 stalled=0 drifted=0 crossings=387393 remote=2531643 steals=2 deferred=0
soak-test: t=8857s beat=1754 rounds=2785499905 rate=317647/s wakes=3543267 wakerate=404/s workers=24 refused=0 mismatch=0 stalled=0 drifted=0 crossings=387590 remote=2533102 steals=2 deferred=0
soak-test: t=8862s beat=1755 rounds=2787086493 rate=317317/s wakes=3545287 wakerate=404/s workers=24 refused=0 mismatch=0 stalled=0 drifted=0 crossings=387816 remote=2534535 steals=2 deferred=0
soak-test: t=8867s beat=1756 rounds=2788675178 rate=317737/s wakes=3547307 wakerate=404/s workers=24 refused=0 mismatch=0 stalled=0 drifted=0 crossings=388004 remote=2535992 steals=2 deferred=0
soak-test: t=8872s beat=1757 rounds=2790262283 rate=317421/s wakes=3549327 wakerate=404/s workers=24 refused=0 mismatch=0 stalled=0 drifted=0 crossings=388202 remote=2537446 steals=2 deferred=0
soak-test: t=8877s beat=1758 rounds=2791849566 rate=317456/s wakes=3551347 wakerate=404/s workers=24 refused=0 mismatch=0 stalled=0 drifted=0 crossings=388428 remote=2538884 steals=2 deferred=0
soak-test: t=8882s beat=1759 rounds=2793437951 rate=317677/s wakes=3553367 wakerate=404/s workers=24 refused=0 mismatch=0 stalled=0 drifted=0 crossings=388630 remote=2540335 steals=2 deferred=0
soak-test: t=8888s beat=1760 rounds=2795026198 rate=317649/s wakes=3555387 wakerate=404/s workers=24 refused=0 mismatch=0 stalled=0 drifted=0 crossings=388855 remote=2541767 steals=2 deferred=0
soak-test: t=8893s beat=1761 rounds=2796614152 rate=317590/s wakes=3557407 wakerate=404/s workers=24 refused=0 mismatch=0 stalled=0 drifted=0 crossings=389062 remote=2543226 steals=2 deferred=0
soak-test: t=8898s beat=1762 rounds=2798201210 rate=317411/s wakes=3559427 wakerate=404/s workers=24 refused=0 mismatch=0 stalled=0 drifted=0 crossings=389280 remote=2544669 steals=2 deferred=0
soak-test: t=8903s beat=1763 rounds=2799789221 rate=317602/s wakes=3561447 wakerate=404/s workers=24 refused=0 mismatch=0 stalled=0 drifted=0 crossings=389498 remote=2546109 steals=2 deferred=0
soak-test: t=8908s beat=1764 rounds=2801377540 rate=317663/s wakes=3563467 wakerate=404/s workers=24 refused=0 mismatch=0 stalled=0 drifted=0 crossings=389742 remote=2547550 steals=2 deferred=0
soak-test: t=8913s beat=1765 rounds=2802966183 rate=317728/s wakes=3565487 wakerate=404/s workers=24 refused=0 mismatch=0 stalled=0 drifted=0 crossings=390010 remote=2548992 steals=2 deferred=0
soak-test: t=8918s beat=1766 rounds=2804554337 rate=317630/s wakes=3567507 wakerate=404/s workers=24 refused=0 mismatch=0 stalled=0 drifted=0 crossings=390207 remote=2550448 steals=2 deferred=0
soak-test: t=8923s beat=1767 rounds=2806142338 rate=317600/s wakes=3569527 wakerate=404/s workers=24 refused=0 mismatch=0 stalled=0 drifted=0 crossings=390409 remote=2551898 steals=2 deferred=0
soak-test: t=8928s beat=1768 rounds=2807730641 rate=317660/s wakes=3571547 wakerate=404/s workers=24 refused=0 mismatch=0 stalled=0 drifted=0 crossings=390623 remote=2553338 steals=2 deferred=0
soak-test: t=8933s beat=1769 rounds=2809318058 rate=317483/s wakes=3573567 wakerate=404/s workers=24 refused=0 mismatch=0 stalled=0 drifted=0 crossings=390854 remote=2554775 steals=2 deferred=0
soak-test: t=8938s beat=1770 rounds=2810905447 rate=317477/s wakes=3575587 wakerate=404/s workers=24 refused=0 mismatch=0 stalled=0 drifted=0 crossings=391077 remote=2556217 steals=2 deferred=0
soak-test: t=8943s beat=1771 rounds=2812493429 rate=317596/s wakes=3577607 wakerate=404/s workers=24 refused=0 mismatch=0 stalled=0 drifted=0 crossings=391297 remote=2557663 steals=2 deferred=0
soak-test: t=8948s beat=1772 rounds=2814081384 rate=317591/s wakes=3579627 wakerate=404/s workers=24 refused=0 mismatch=0 stalled=0 drifted=0 crossings=391527 remote=2559093 steals=2 deferred=0
soak-test: t=8953s beat=1773 rounds=2815669340 rate=317591/s wakes=3581647 wakerate=404/s workers=24 refused=0 mismatch=0 stalled=0 drifted=0 crossings=391762 remote=2560538 steals=2 deferred=0
soak-test: t=8958s beat=1774 rounds=2817257295 rate=317591/s wakes=3583667 wakerate=404/s workers=24 refused=0 mismatch=0 stalled=0 drifted=0 crossings=391941 remote=2561999 steals=2 deferred=0
soak-test: t=8963s beat=1775 rounds=2818844950 rate=317531/s wakes=3585687 wakerate=404/s workers=24 refused=0 mismatch=0 stalled=0 drifted=0 crossings=392198 remote=2563432 steals=2 deferred=0
soak-test: t=8968s beat=1776 rounds=2820432379 rate=317485/s wakes=3587707 wakerate=404/s workers=24 refused=0 mismatch=0 stalled=0 drifted=0 crossings=392393 remote=2564891 steals=2 deferred=0
soak-test: t=8973s beat=1777 rounds=2822020315 rate=317587/s wakes=3589727 wakerate=404/s workers=24 refused=0 mismatch=0 stalled=0 drifted=0 crossings=392596 remote=2566345 steals=2 deferred=0
soak-test: t=8978s beat=1778 rounds=2823608129 rate=317562/s wakes=3591747 wakerate=404/s workers=24 refused=0 mismatch=0 stalled=0 drifted=0 crossings=392826 remote=2567786 steals=2 deferred=0
soak-test: t=8983s beat=1779 rounds=2825196641 rate=317702/s wakes=3593767 wakerate=404/s workers=24 refused=0 mismatch=0 stalled=0 drifted=0 crossings=393083 remote=2569224 steals=2 deferred=0
soak-test: t=8989s beat=1780 rounds=2826784978 rate=317667/s wakes=3595787 wakerate=404/s workers=24 refused=0 mismatch=0 stalled=0 drifted=0 crossings=393300 remote=2570661 steals=2 deferred=0
soak-test: t=8994s beat=1781 rounds=2828372632 rate=317530/s wakes=3597807 wakerate=404/s workers=24 refused=0 mismatch=0 stalled=0 drifted=0 crossings=393513 remote=2572108 steals=2 deferred=0
soak-test: t=8999s beat=1782 rounds=2829960236 rate=317520/s wakes=3599827 wakerate=404/s workers=24 refused=0 mismatch=0 stalled=0 drifted=0 crossings=393705 remote=2573559 steals=2 deferred=0
soak-test: t=9004s beat=1783 rounds=2831547626 rate=317478/s wakes=3601847 wakerate=404/s workers=24 refused=0 mismatch=0 stalled=0 drifted=0 crossings=393952 remote=2574992 steals=2 deferred=0
soak-test: t=9009s beat=1784 rounds=2833135210 rate=317516/s wakes=3603867 wakerate=404/s workers=24 refused=0 mismatch=0 stalled=0 drifted=0 crossings=394140 remote=2576443 steals=2 deferred=0
soak-test: t=9014s beat=1785 rounds=2834722440 rate=317446/s wakes=3605887 wakerate=404/s workers=24 refused=0 mismatch=0 stalled=0 drifted=0 crossings=394355 remote=2577892 steals=2 deferred=0
soak-test: t=9019s beat=1786 rounds=2836310036 rate=317519/s wakes=3607907 wakerate=404/s workers=24 refused=0 mismatch=0 stalled=0 drifted=0 crossings=394613 remote=2579320 steals=2 deferred=0
soak-test: t=9024s beat=1787 rounds=2837897517 rate=317496/s wakes=3609927 wakerate=404/s workers=24 refused=0 mismatch=0 stalled=0 drifted=0 crossings=394814 remote=2580771 steals=2 deferred=0
soak-test: t=9029s beat=1788 rounds=2839485641 rate=317624/s wakes=3611947 wakerate=404/s workers=24 refused=0 mismatch=0 stalled=0 drifted=0 crossings=395041 remote=2582215 steals=2 deferred=0
soak-test: t=9034s beat=1789 rounds=2841074143 rate=317700/s wakes=3613967 wakerate=404/s workers=24 refused=0 mismatch=0 stalled=0 drifted=0 crossings=395277 remote=2583663 steals=2 deferred=0
soak-test: t=9039s beat=1790 rounds=2842662115 rate=317594/s wakes=3615987 wakerate=404/s workers=24 refused=0 mismatch=0 stalled=0 drifted=0 crossings=395481 remote=2585117 steals=2 deferred=0
soak-test: t=9044s beat=1791 rounds=2844249098 rate=317396/s wakes=3618007 wakerate=404/s workers=24 refused=0 mismatch=0 stalled=0 drifted=0 crossings=395683 remote=2586564 steals=2 deferred=0
soak-test: t=9049s beat=1792 rounds=2845836984 rate=317577/s wakes=3620027 wakerate=404/s workers=24 refused=0 mismatch=0 stalled=0 drifted=0 crossings=395923 remote=2587999 steals=2 deferred=0
soak-test: t=9054s beat=1793 rounds=2847425654 rate=317734/s wakes=3622047 wakerate=404/s workers=24 refused=0 mismatch=0 stalled=0 drifted=0 crossings=396139 remote=2589441 steals=2 deferred=0
soak-test: t=9059s beat=1794 rounds=2849013195 rate=317508/s wakes=3624067 wakerate=404/s workers=24 refused=0 mismatch=0 stalled=0 drifted=0 crossings=396370 remote=2590875 steals=2 deferred=0
soak-test: t=9064s beat=1795 rounds=2850600888 rate=317538/s wakes=3626087 wakerate=404/s workers=24 refused=0 mismatch=0 stalled=0 drifted=0 crossings=396576 remote=2592321 steals=2 deferred=0
soak-test: t=9069s beat=1796 rounds=2852188711 rate=317564/s wakes=3628107 wakerate=404/s workers=24 refused=0 mismatch=0 stalled=0 drifted=0 crossings=396794 remote=2593770 steals=2 deferred=0
soak-test: t=9074s beat=1797 rounds=2853776467 rate=317551/s wakes=3630127 wakerate=404/s workers=24 refused=0 mismatch=0 stalled=0 drifted=0 crossings=397029 remote=2595212 steals=2 deferred=0
soak-test: t=9079s beat=1798 rounds=2855364591 rate=317624/s wakes=3632147 wakerate=404/s workers=24 refused=0 mismatch=0 stalled=0 drifted=0 crossings=397251 remote=2596656 steals=2 deferred=0
soak-test: t=9084s beat=1799 rounds=2856952411 rate=317564/s wakes=3634167 wakerate=404/s workers=24 refused=0 mismatch=0 stalled=0 drifted=0 crossings=397480 remote=2598090 steals=2 deferred=0
soak-test: t=9090s beat=1800 rounds=2858540555 rate=317628/s wakes=3636187 wakerate=404/s workers=24 refused=0 mismatch=0 stalled=0 drifted=0 crossings=397714 remote=2599528 steals=2 deferred=0
soak-test: t=9095s beat=1801 rounds=2860128605 rate=317610/s wakes=3638207 wakerate=404/s workers=24 refused=0 mismatch=0 stalled=0 drifted=0 crossings=397946 remote=2600973 steals=2 deferred=0
soak-test: t=9100s beat=1802 rounds=2861716343 rate=317547/s wakes=3640227 wakerate=404/s workers=24 refused=0 mismatch=0 stalled=0 drifted=0 crossings=398159 remote=2602414 steals=2 deferred=0
soak-test: t=9105s beat=1803 rounds=2863303972 rate=317525/s wakes=3642247 wakerate=404/s workers=24 refused=0 mismatch=0 stalled=0 drifted=0 crossings=398394 remote=2603860 steals=2 deferred=0
soak-test: t=9110s beat=1804 rounds=2864891746 rate=317554/s wakes=3644267 wakerate=404/s workers=24 refused=0 mismatch=0 stalled=0 drifted=0 crossings=398662 remote=2605297 steals=2 deferred=0
soak-test: t=9115s beat=1805 rounds=2866479008 rate=317452/s wakes=3646287 wakerate=404/s workers=24 refused=0 mismatch=0 stalled=0 drifted=0 crossings=398889 remote=2606742 steals=2 deferred=0
soak-test: t=9120s beat=1806 rounds=2868066767 rate=317551/s wakes=3648307 wakerate=404/s workers=24 refused=0 mismatch=0 stalled=0 drifted=0 crossings=399120 remote=2608179 steals=2 deferred=0
soak-test: t=9125s beat=1807 rounds=2869654042 rate=317455/s wakes=3650327 wakerate=404/s workers=24 refused=0 mismatch=0 stalled=0 drifted=0 crossings=399342 remote=2609640 steals=2 deferred=0
soak-test: t=9130s beat=1808 rounds=2871242071 rate=317605/s wakes=3652347 wakerate=404/s workers=24 refused=0 mismatch=0 stalled=0 drifted=0 crossings=399556 remote=2611088 steals=2 deferred=0
soak-test: t=9135s beat=1809 rounds=2872829868 rate=317559/s wakes=3654367 wakerate=404/s workers=24 refused=0 mismatch=0 stalled=0 drifted=0 crossings=399769 remote=2612535 steals=2 deferred=0
soak-test: t=9140s beat=1810 rounds=2874417500 rate=317526/s wakes=3656387 wakerate=404/s workers=24 refused=0 mismatch=0 stalled=0 drifted=0 crossings=399991 remote=2613983 steals=2 deferred=0
soak-test: t=9145s beat=1811 rounds=2876004916 rate=317483/s wakes=3658407 wakerate=404/s workers=24 refused=0 mismatch=0 stalled=0 drifted=0 crossings=400222 remote=2615433 steals=2 deferred=0
soak-test: t=9150s beat=1812 rounds=2877593369 rate=317690/s wakes=3660427 wakerate=404/s workers=24 refused=0 mismatch=0 stalled=0 drifted=0 crossings=400427 remote=2616881 steals=2 deferred=0
soak-test: t=9155s beat=1813 rounds=2879180944 rate=317515/s wakes=3662447 wakerate=404/s workers=24 refused=0 mismatch=0 stalled=0 drifted=0 crossings=400638 remote=2618333 steals=2 deferred=0
soak-test: t=9160s beat=1814 rounds=2880768243 rate=317459/s wakes=3664467 wakerate=404/s workers=24 refused=0 mismatch=0 stalled=0 drifted=0 crossings=400885 remote=2619758 steals=2 deferred=0
soak-test: t=9165s beat=1815 rounds=2882355297 rate=317410/s wakes=3666487 wakerate=404/s workers=24 refused=0 mismatch=0 stalled=0 drifted=0 crossings=401099 remote=2621209 steals=2 deferred=0
soak-test: t=9170s beat=1816 rounds=2883943771 rate=317694/s wakes=3668507 wakerate=404/s workers=24 refused=0 mismatch=0 stalled=0 drifted=0 crossings=401302 remote=2622662 steals=2 deferred=0
soak-test: t=9175s beat=1817 rounds=2885531367 rate=317519/s wakes=3670527 wakerate=404/s workers=24 refused=0 mismatch=0 stalled=0 drifted=0 crossings=401504 remote=2624114 steals=2 deferred=0
soak-test: t=9180s beat=1818 rounds=2887119014 rate=317529/s wakes=3672547 wakerate=404/s workers=24 refused=0 mismatch=0 stalled=0 drifted=0 crossings=401747 remote=2625550 steals=2 deferred=0
soak-test: t=9185s beat=1819 rounds=2888706330 rate=317463/s wakes=3674567 wakerate=404/s workers=24 refused=0 mismatch=0 stalled=0 drifted=0 crossings=401973 remote=2626990 steals=2 deferred=0
soak-test: t=9191s beat=1820 rounds=2890294166 rate=317567/s wakes=3676587 wakerate=404/s workers=24 refused=0 mismatch=0 stalled=0 drifted=0 crossings=402172 remote=2628434 steals=2 deferred=0
soak-test: t=9196s beat=1821 rounds=2891882008 rate=317568/s wakes=3678607 wakerate=404/s workers=24 refused=0 mismatch=0 stalled=0 drifted=0 crossings=402438 remote=2629867 steals=2 deferred=0
soak-test: t=9201s beat=1822 rounds=2893469950 rate=317588/s wakes=3680627 wakerate=404/s workers=24 refused=0 mismatch=0 stalled=0 drifted=0 crossings=402669 remote=2631318 steals=2 deferred=0
soak-test: t=9206s beat=1823 rounds=2895056668 rate=317343/s wakes=3682647 wakerate=404/s workers=24 refused=0 mismatch=0 stalled=0 drifted=0 crossings=402929 remote=2632749 steals=2 deferred=0
soak-test: t=9211s beat=1824 rounds=2896644516 rate=317569/s wakes=3684667 wakerate=404/s workers=24 refused=0 mismatch=0 stalled=0 drifted=0 crossings=403181 remote=2634190 steals=2 deferred=0
soak-test: t=9216s beat=1825 rounds=2898232887 rate=317674/s wakes=3686687 wakerate=404/s workers=24 refused=0 mismatch=0 stalled=0 drifted=0 crossings=403405 remote=2635635 steals=2 deferred=0
soak-test: t=9221s beat=1826 rounds=2899821021 rate=317626/s wakes=3688707 wakerate=404/s workers=24 refused=0 mismatch=0 stalled=0 drifted=0 crossings=403650 remote=2637076 steals=2 deferred=0
soak-test: t=9226s beat=1827 rounds=2901407908 rate=317377/s wakes=3690727 wakerate=404/s workers=24 refused=0 mismatch=0 stalled=0 drifted=0 crossings=403876 remote=2638518 steals=2 deferred=0
soak-test: t=9231s beat=1828 rounds=2902995991 rate=317616/s wakes=3692747 wakerate=404/s workers=24 refused=0 mismatch=0 stalled=0 drifted=0 crossings=404100 remote=2639967 steals=2 deferred=0
soak-test: t=9236s beat=1829 rounds=2904583915 rate=317584/s wakes=3694767 wakerate=404/s workers=24 refused=0 mismatch=0 stalled=0 drifted=0 crossings=404315 remote=2641412 steals=2 deferred=0
soak-test: t=9241s beat=1830 rounds=2906171571 rate=317531/s wakes=3696787 wakerate=404/s workers=24 refused=0 mismatch=0 stalled=0 drifted=0 crossings=404530 remote=2642864 steals=2 deferred=0
soak-test: t=9246s beat=1831 rounds=2907759747 rate=317635/s wakes=3698807 wakerate=404/s workers=24 refused=0 mismatch=0 stalled=0 drifted=0 crossings=404742 remote=2644321 steals=2 deferred=0
soak-test: t=9251s beat=1832 rounds=2909347393 rate=317529/s wakes=3700827 wakerate=404/s workers=24 refused=0 mismatch=0 stalled=0 drifted=0 crossings=404962 remote=2645767 steals=2 deferred=0
soak-test: t=9256s beat=1833 rounds=2910935948 rate=317711/s wakes=3702847 wakerate=404/s workers=24 refused=0 mismatch=0 stalled=0 drifted=0 crossings=405129 remote=2647231 steals=2 deferred=0
soak-test: t=9261s beat=1834 rounds=2912523976 rate=317605/s wakes=3704867 wakerate=404/s workers=24 refused=0 mismatch=0 stalled=0 drifted=0 crossings=405369 remote=2648667 steals=2 deferred=0
soak-test: t=9266s beat=1835 rounds=2914112089 rate=317622/s wakes=3706887 wakerate=404/s workers=24 refused=0 mismatch=0 stalled=0 drifted=0 crossings=405606 remote=2650114 steals=2 deferred=0
soak-test: t=9271s beat=1836 rounds=2915699883 rate=317558/s wakes=3708907 wakerate=404/s workers=24 refused=0 mismatch=0 stalled=0 drifted=0 crossings=405808 remote=2651554 steals=2 deferred=0
soak-test: t=9276s beat=1837 rounds=2917286887 rate=317400/s wakes=3710927 wakerate=404/s workers=24 refused=0 mismatch=0 stalled=0 drifted=0 crossings=406033 remote=2652989 steals=2 deferred=0
soak-test: t=9281s beat=1838 rounds=2918874992 rate=317621/s wakes=3712947 wakerate=404/s workers=24 refused=0 mismatch=0 stalled=0 drifted=0 crossings=406285 remote=2654432 steals=2 deferred=0
soak-test: t=9286s beat=1839 rounds=2920462458 rate=317493/s wakes=3714967 wakerate=404/s workers=24 refused=0 mismatch=0 stalled=0 drifted=0 crossings=406499 remote=2655872 steals=2 deferred=0
soak-test: t=9292s beat=1840 rounds=2922050981 rate=317704/s wakes=3716987 wakerate=404/s workers=24 refused=0 mismatch=0 stalled=0 drifted=0 crossings=406747 remote=2657313 steals=2 deferred=0
soak-test: t=9297s beat=1841 rounds=2923638970 rate=317597/s wakes=3719007 wakerate=404/s workers=24 refused=0 mismatch=0 stalled=0 drifted=0 crossings=406963 remote=2658761 steals=2 deferred=0
soak-test: t=9302s beat=1842 rounds=2925226824 rate=317570/s wakes=3721027 wakerate=404/s workers=24 refused=0 mismatch=0 stalled=0 drifted=0 crossings=407160 remote=2660212 steals=2 deferred=0
soak-test: t=9307s beat=1843 rounds=2926814432 rate=317521/s wakes=3723047 wakerate=404/s workers=24 refused=0 mismatch=0 stalled=0 drifted=0 crossings=407391 remote=2661651 steals=2 deferred=0
soak-test: t=9312s beat=1844 rounds=2928402369 rate=317587/s wakes=3725067 wakerate=404/s workers=24 refused=0 mismatch=0 stalled=0 drifted=0 crossings=407631 remote=2663090 steals=2 deferred=0
soak-test: t=9317s beat=1845 rounds=2929990098 rate=317545/s wakes=3727087 wakerate=404/s workers=24 refused=0 mismatch=0 stalled=0 drifted=0 crossings=407863 remote=2664535 steals=2 deferred=0
soak-test: t=9322s beat=1846 rounds=2931578182 rate=317616/s wakes=3729107 wakerate=404/s workers=24 refused=0 mismatch=0 stalled=0 drifted=0 crossings=408091 remote=2665975 steals=2 deferred=0
soak-test: t=9327s beat=1847 rounds=2933165959 rate=317555/s wakes=3731127 wakerate=404/s workers=24 refused=0 mismatch=0 stalled=0 drifted=0 crossings=408330 remote=2667416 steals=2 deferred=0
soak-test: t=9332s beat=1848 rounds=2934754124 rate=317633/s wakes=3733147 wakerate=404/s workers=24 refused=0 mismatch=0 stalled=0 drifted=0 crossings=408562 remote=2668853 steals=2 deferred=0
soak-test: t=9337s beat=1849 rounds=2936342136 rate=317602/s wakes=3735167 wakerate=404/s workers=24 refused=0 mismatch=0 stalled=0 drifted=0 crossings=408768 remote=2670305 steals=2 deferred=0
soak-test: t=9342s beat=1850 rounds=2937929569 rate=317486/s wakes=3737187 wakerate=404/s workers=24 refused=0 mismatch=0 stalled=0 drifted=0 crossings=409001 remote=2671744 steals=2 deferred=0
soak-test: t=9347s beat=1851 rounds=2939517361 rate=317558/s wakes=3739207 wakerate=404/s workers=24 refused=0 mismatch=0 stalled=0 drifted=0 crossings=409205 remote=2673199 steals=2 deferred=0
soak-test: t=9352s beat=1852 rounds=2941105696 rate=317667/s wakes=3741227 wakerate=404/s workers=24 refused=0 mismatch=0 stalled=0 drifted=0 crossings=409433 remote=2674639 steals=2 deferred=0
soak-test: t=9357s beat=1853 rounds=2942693945 rate=317649/s wakes=3743247 wakerate=404/s workers=24 refused=0 mismatch=0 stalled=0 drifted=0 crossings=409675 remote=2676080 steals=2 deferred=0
soak-test: t=9362s beat=1854 rounds=2944282062 rate=317623/s wakes=3745267 wakerate=404/s workers=24 refused=0 mismatch=0 stalled=0 drifted=0 crossings=409922 remote=2677518 steals=2 deferred=0
soak-test: t=9367s beat=1855 rounds=2945869452 rate=317478/s wakes=3747287 wakerate=404/s workers=24 refused=0 mismatch=0 stalled=0 drifted=0 crossings=410166 remote=2678956 steals=2 deferred=0
soak-test: t=9372s beat=1856 rounds=2947456860 rate=317481/s wakes=3749307 wakerate=404/s workers=24 refused=0 mismatch=0 stalled=0 drifted=0 crossings=410425 remote=2680379 steals=2 deferred=0
soak-test: t=9377s beat=1857 rounds=2949045265 rate=317681/s wakes=3751327 wakerate=404/s workers=24 refused=0 mismatch=0 stalled=0 drifted=0 crossings=410690 remote=2681801 steals=2 deferred=0
soak-test: t=9382s beat=1858 rounds=2950632770 rate=317501/s wakes=3753347 wakerate=404/s workers=24 refused=0 mismatch=0 stalled=0 drifted=0 crossings=410969 remote=2683223 steals=2 deferred=0
soak-test: t=9387s beat=1859 rounds=2952219549 rate=317355/s wakes=3755367 wakerate=404/s workers=24 refused=0 mismatch=0 stalled=0 drifted=0 crossings=411198 remote=2684670 steals=2 deferred=0
soak-test: t=9393s beat=1860 rounds=2953807371 rate=317564/s wakes=3757387 wakerate=404/s workers=24 refused=0 mismatch=0 stalled=0 drifted=0 crossings=411414 remote=2686109 steals=2 deferred=0
soak-test: t=9398s beat=1861 rounds=2955395284 rate=317582/s wakes=3759407 wakerate=404/s workers=24 refused=0 mismatch=0 stalled=0 drifted=0 crossings=411635 remote=2687560 steals=2 deferred=0
soak-test: t=9403s beat=1862 rounds=2956983023 rate=317547/s wakes=3761427 wakerate=404/s workers=24 refused=0 mismatch=0 stalled=0 drifted=0 crossings=411886 remote=2688984 steals=2 deferred=0
soak-test: t=9408s beat=1863 rounds=2958570823 rate=317560/s wakes=3763447 wakerate=404/s workers=24 refused=0 mismatch=0 stalled=0 drifted=0 crossings=412108 remote=2690427 steals=2 deferred=0
soak-test: t=9413s beat=1864 rounds=2960159061 rate=317647/s wakes=3765467 wakerate=404/s workers=24 refused=0 mismatch=0 stalled=0 drifted=0 crossings=412310 remote=2691882 steals=2 deferred=0
soak-test: t=9418s beat=1865 rounds=2961747370 rate=317661/s wakes=3767487 wakerate=404/s workers=24 refused=0 mismatch=0 stalled=0 drifted=0 crossings=412501 remote=2693339 steals=2 deferred=0
soak-test: t=9423s beat=1866 rounds=2963335010 rate=317528/s wakes=3769507 wakerate=404/s workers=24 refused=0 mismatch=0 stalled=0 drifted=0 crossings=412729 remote=2694781 steals=2 deferred=0
soak-test: t=9428s beat=1867 rounds=2964923057 rate=317609/s wakes=3771527 wakerate=404/s workers=24 refused=0 mismatch=0 stalled=0 drifted=0 crossings=412928 remote=2696239 steals=2 deferred=0
soak-test: t=9433s beat=1868 rounds=2966510716 rate=317531/s wakes=3773547 wakerate=404/s workers=24 refused=0 mismatch=0 stalled=0 drifted=0 crossings=413165 remote=2697671 steals=2 deferred=0
soak-test: t=9438s beat=1869 rounds=2968098315 rate=317519/s wakes=3775567 wakerate=404/s workers=24 refused=0 mismatch=0 stalled=0 drifted=0 crossings=413369 remote=2699119 steals=2 deferred=0
soak-test: t=9443s beat=1870 rounds=2969686502 rate=317637/s wakes=3777587 wakerate=404/s workers=24 refused=0 mismatch=0 stalled=0 drifted=0 crossings=413593 remote=2700564 steals=2 deferred=0
soak-test: t=9448s beat=1871 rounds=2971273404 rate=317380/s wakes=3779607 wakerate=404/s workers=24 refused=0 mismatch=0 stalled=0 drifted=0 crossings=413807 remote=2702007 steals=2 deferred=0
soak-test: t=9453s beat=1872 rounds=2972861407 rate=317600/s wakes=3781627 wakerate=404/s workers=24 refused=0 mismatch=0 stalled=0 drifted=0 crossings=414027 remote=2703444 steals=2 deferred=0
soak-test: t=9458s beat=1873 rounds=2974448968 rate=317512/s wakes=3783647 wakerate=404/s workers=24 refused=0 mismatch=0 stalled=0 drifted=0 crossings=414227 remote=2704889 steals=2 deferred=0
soak-test: t=9463s beat=1874 rounds=2976036174 rate=317441/s wakes=3785667 wakerate=404/s workers=24 refused=0 mismatch=0 stalled=0 drifted=0 crossings=414432 remote=2706343 steals=2 deferred=0
soak-test: t=9468s beat=1875 rounds=2977624197 rate=317604/s wakes=3787687 wakerate=404/s workers=24 refused=0 mismatch=0 stalled=0 drifted=0 crossings=414673 remote=2707785 steals=2 deferred=0
soak-test: t=9473s beat=1876 rounds=2979211805 rate=317521/s wakes=3789707 wakerate=404/s workers=24 refused=0 mismatch=0 stalled=0 drifted=0 crossings=414908 remote=2709231 steals=2 deferred=0
soak-test: t=9478s beat=1877 rounds=2980800068 rate=317652/s wakes=3791727 wakerate=404/s workers=24 refused=0 mismatch=0 stalled=0 drifted=0 crossings=415122 remote=2710676 steals=2 deferred=0
soak-test: t=9483s beat=1878 rounds=2982387735 rate=317533/s wakes=3793747 wakerate=404/s workers=24 refused=0 mismatch=0 stalled=0 drifted=0 crossings=415366 remote=2712114 steals=2 deferred=0
soak-test: t=9488s beat=1879 rounds=2983974832 rate=317419/s wakes=3795767 wakerate=404/s workers=24 refused=0 mismatch=0 stalled=0 drifted=0 crossings=415608 remote=2713549 steals=2 deferred=0
soak-test: t=9494s beat=1880 rounds=2985562556 rate=317544/s wakes=3797787 wakerate=404/s workers=24 refused=0 mismatch=0 stalled=0 drifted=0 crossings=415826 remote=2715003 steals=2 deferred=0
soak-test: t=9499s beat=1881 rounds=2987150135 rate=317515/s wakes=3799807 wakerate=404/s workers=24 refused=0 mismatch=0 stalled=0 drifted=0 crossings=416031 remote=2716449 steals=2 deferred=0
soak-test: t=9504s beat=1882 rounds=2988738385 rate=317650/s wakes=3801827 wakerate=404/s workers=24 refused=0 mismatch=0 stalled=0 drifted=0 crossings=416213 remote=2717904 steals=2 deferred=0
soak-test: t=9509s beat=1883 rounds=2990325952 rate=317513/s wakes=3803847 wakerate=404/s workers=24 refused=0 mismatch=0 stalled=0 drifted=0 crossings=416428 remote=2719361 steals=2 deferred=0
soak-test: t=9514s beat=1884 rounds=2991913887 rate=317587/s wakes=3805867 wakerate=404/s workers=24 refused=0 mismatch=0 stalled=0 drifted=0 crossings=416665 remote=2720791 steals=2 deferred=0
soak-test: t=9519s beat=1885 rounds=2993501958 rate=317614/s wakes=3807887 wakerate=404/s workers=24 refused=0 mismatch=0 stalled=0 drifted=0 crossings=416886 remote=2722237 steals=2 deferred=0
soak-test: t=9524s beat=1886 rounds=2995090069 rate=317622/s wakes=3809907 wakerate=404/s workers=24 refused=0 mismatch=0 stalled=0 drifted=0 crossings=417104 remote=2723682 steals=2 deferred=0
soak-test: t=9529s beat=1887 rounds=2996677659 rate=317518/s wakes=3811927 wakerate=404/s workers=24 refused=0 mismatch=0 stalled=0 drifted=0 crossings=417322 remote=2725132 steals=2 deferred=0
soak-test: t=9534s beat=1888 rounds=2998265941 rate=317656/s wakes=3813947 wakerate=404/s workers=24 refused=0 mismatch=0 stalled=0 drifted=0 crossings=417525 remote=2726583 steals=2 deferred=0
soak-test: t=9539s beat=1889 rounds=2999854214 rate=317654/s wakes=3815967 wakerate=404/s workers=24 refused=0 mismatch=0 stalled=0 drifted=0 crossings=417729 remote=2728039 steals=2 deferred=0
soak-test: t=9544s beat=1890 rounds=3001442229 rate=317603/s wakes=3817987 wakerate=404/s workers=24 refused=0 mismatch=0 stalled=0 drifted=0 crossings=417979 remote=2729479 steals=2 deferred=0
soak-test: t=9549s beat=1891 rounds=3003029568 rate=317467/s wakes=3820007 wakerate=404/s workers=24 refused=0 mismatch=0 stalled=0 drifted=0 crossings=418180 remote=2730922 steals=2 deferred=0
soak-test: t=9554s beat=1892 rounds=3004617475 rate=317581/s wakes=3822027 wakerate=404/s workers=24 refused=0 mismatch=0 stalled=0 drifted=0 crossings=418388 remote=2732381 steals=2 deferred=0
soak-test: t=9559s beat=1893 rounds=3006204889 rate=317482/s wakes=3824047 wakerate=404/s workers=24 refused=0 mismatch=0 stalled=0 drifted=0 crossings=418624 remote=2733816 steals=2 deferred=0
soak-test: t=9564s beat=1894 rounds=3007792059 rate=317434/s wakes=3826067 wakerate=404/s workers=24 refused=0 mismatch=0 stalled=0 drifted=0 crossings=418862 remote=2735251 steals=2 deferred=0
soak-test: t=9569s beat=1895 rounds=3009380105 rate=317609/s wakes=3828087 wakerate=404/s workers=24 refused=0 mismatch=0 stalled=0 drifted=0 crossings=419093 remote=2736695 steals=2 deferred=0
soak-test: t=9574s beat=1896 rounds=3010968066 rate=317592/s wakes=3830107 wakerate=404/s workers=24 refused=0 mismatch=0 stalled=0 drifted=0 crossings=419303 remote=2738149 steals=2 deferred=0
soak-test: t=9579s beat=1897 rounds=3012556219 rate=317630/s wakes=3832127 wakerate=404/s workers=24 refused=0 mismatch=0 stalled=0 drifted=0 crossings=419499 remote=2739604 steals=2 deferred=0
soak-test: t=9584s beat=1898 rounds=3014144414 rate=317639/s wakes=3834147 wakerate=404/s workers=24 refused=0 mismatch=0 stalled=0 drifted=0 crossings=419727 remote=2741039 steals=2 deferred=0
soak-test: t=9589s beat=1899 rounds=3015731730 rate=317463/s wakes=3836167 wakerate=404/s workers=24 refused=0 mismatch=0 stalled=0 drifted=0 crossings=419981 remote=2742465 steals=2 deferred=0
soak-test: t=9595s beat=1900 rounds=3017320298 rate=317713/s wakes=3838187 wakerate=404/s workers=24 refused=0 mismatch=0 stalled=0 drifted=0 crossings=420190 remote=2743919 steals=2 deferred=0
soak-test: t=9600s beat=1901 rounds=3018907876 rate=317515/s wakes=3840207 wakerate=404/s workers=24 refused=0 mismatch=0 stalled=0 drifted=0 crossings=420401 remote=2745368 steals=2 deferred=0
soak-test: t=9605s beat=1902 rounds=3020494424 rate=317309/s wakes=3842227 wakerate=404/s workers=24 refused=0 mismatch=0 stalled=0 drifted=0 crossings=420629 remote=2746802 steals=2 deferred=0
soak-test: t=9610s beat=1903 rounds=3022082231 rate=317561/s wakes=3844247 wakerate=404/s workers=24 refused=0 mismatch=0 stalled=0 drifted=0 crossings=420856 remote=2748247 steals=2 deferred=0
soak-test: t=9615s beat=1904 rounds=3023670892 rate=317732/s wakes=3846267 wakerate=404/s workers=24 refused=0 mismatch=0 stalled=0 drifted=0 crossings=421054 remote=2749695 steals=2 deferred=0
soak-test: t=9620s beat=1905 rounds=3025258560 rate=317533/s wakes=3848287 wakerate=404/s workers=24 refused=0 mismatch=0 stalled=0 drifted=0 crossings=421275 remote=2751136 steals=2 deferred=0
soak-test: t=9625s beat=1906 rounds=3026846391 rate=317566/s wakes=3850307 wakerate=404/s workers=24 refused=0 mismatch=0 stalled=0 drifted=0 crossings=421518 remote=2752570 steals=2 deferred=0
soak-test: t=9630s beat=1907 rounds=3028434379 rate=317597/s wakes=3852327 wakerate=404/s workers=24 refused=0 mismatch=0 stalled=0 drifted=0 crossings=421747 remote=2754011 steals=2 deferred=0
soak-test: t=9635s beat=1908 rounds=3030022990 rate=317722/s wakes=3854347 wakerate=404/s workers=24 refused=0 mismatch=0 stalled=0 drifted=0 crossings=421979 remote=2755445 steals=2 deferred=0
soak-test: t=9640s beat=1909 rounds=3031611332 rate=317668/s wakes=3856367 wakerate=404/s workers=24 refused=0 mismatch=0 stalled=0 drifted=0 crossings=422222 remote=2756885 steals=2 deferred=0
soak-test: t=9645s beat=1910 rounds=3033199816 rate=317696/s wakes=3858387 wakerate=404/s workers=24 refused=0 mismatch=0 stalled=0 drifted=0 crossings=422451 remote=2758323 steals=2 deferred=0
soak-test: t=9650s beat=1911 rounds=3034787526 rate=317542/s wakes=3860407 wakerate=404/s workers=24 refused=0 mismatch=0 stalled=0 drifted=0 crossings=422653 remote=2759771 steals=2 deferred=0
soak-test: t=9655s beat=1912 rounds=3036375618 rate=317618/s wakes=3862427 wakerate=404/s workers=24 refused=0 mismatch=0 stalled=0 drifted=0 crossings=422862 remote=2761218 steals=2 deferred=0
soak-test: t=9660s beat=1913 rounds=3037963337 rate=317543/s wakes=3864447 wakerate=404/s workers=24 refused=0 mismatch=0 stalled=0 drifted=0 crossings=423067 remote=2762659 steals=2 deferred=0
soak-test: t=9665s beat=1914 rounds=3039551258 rate=317584/s wakes=3866467 wakerate=404/s workers=24 refused=0 mismatch=0 stalled=0 drifted=0 crossings=423258 remote=2764114 steals=2 deferred=0
soak-test: t=9670s beat=1915 rounds=3041139045 rate=317557/s wakes=3868487 wakerate=404/s workers=24 refused=0 mismatch=0 stalled=0 drifted=0 crossings=423473 remote=2765558 steals=2 deferred=0
soak-test: t=9675s beat=1916 rounds=3042726639 rate=317518/s wakes=3870507 wakerate=404/s workers=24 refused=0 mismatch=0 stalled=0 drifted=0 crossings=423667 remote=2767013 steals=2 deferred=0
soak-test: t=9680s beat=1917 rounds=3044314408 rate=317553/s wakes=3872527 wakerate=404/s workers=24 refused=0 mismatch=0 stalled=0 drifted=0 crossings=423880 remote=2768464 steals=2 deferred=0
soak-test: t=9685s beat=1918 rounds=3045902847 rate=317687/s wakes=3874547 wakerate=404/s workers=24 refused=0 mismatch=0 stalled=0 drifted=0 crossings=424088 remote=2769905 steals=2 deferred=0
soak-test: t=9690s beat=1919 rounds=3047490791 rate=317588/s wakes=3876567 wakerate=404/s workers=24 refused=0 mismatch=0 stalled=0 drifted=0 crossings=424343 remote=2771349 steals=2 deferred=0
soak-test: t=9696s beat=1920 rounds=3049079334 rate=317708/s wakes=3878587 wakerate=404/s workers=24 refused=0 mismatch=0 stalled=0 drifted=0 crossings=424532 remote=2772792 steals=2 deferred=0
soak-test: t=9701s beat=1921 rounds=3050666727 rate=317478/s wakes=3880607 wakerate=404/s workers=24 refused=0 mismatch=0 stalled=0 drifted=0 crossings=424769 remote=2774226 steals=2 deferred=0
soak-test: t=9706s beat=1922 rounds=3052254198 rate=317494/s wakes=3882627 wakerate=404/s workers=24 refused=0 mismatch=0 stalled=0 drifted=0 crossings=424952 remote=2775673 steals=2 deferred=0
soak-test: t=9711s beat=1923 rounds=3053842311 rate=317622/s wakes=3884647 wakerate=404/s workers=24 refused=0 mismatch=0 stalled=0 drifted=0 crossings=425160 remote=2777125 steals=2 deferred=0
soak-test: t=9716s beat=1924 rounds=3055429669 rate=317471/s wakes=3886667 wakerate=404/s workers=24 refused=0 mismatch=0 stalled=0 drifted=0 crossings=425348 remote=2778577 steals=2 deferred=0
soak-test: t=9721s beat=1925 rounds=3057017638 rate=317593/s wakes=3888687 wakerate=404/s workers=24 refused=0 mismatch=0 stalled=0 drifted=0 crossings=425550 remote=2780022 steals=2 deferred=0
soak-test: t=9726s beat=1926 rounds=3058605772 rate=317626/s wakes=3890707 wakerate=404/s workers=24 refused=0 mismatch=0 stalled=0 drifted=0 crossings=425755 remote=2781474 steals=2 deferred=0
soak-test: t=9731s beat=1927 rounds=3060193766 rate=317598/s wakes=3892727 wakerate=404/s workers=24 refused=0 mismatch=0 stalled=0 drifted=0 crossings=425977 remote=2782918 steals=2 deferred=0
soak-test: t=9736s beat=1928 rounds=3061781850 rate=317616/s wakes=3894747 wakerate=404/s workers=24 refused=0 mismatch=0 stalled=0 drifted=0 crossings=426188 remote=2784368 steals=2 deferred=0
soak-test: t=9741s beat=1929 rounds=3063369526 rate=317535/s wakes=3896767 wakerate=404/s workers=24 refused=0 mismatch=0 stalled=0 drifted=0 crossings=426423 remote=2785806 steals=2 deferred=0
soak-test: t=9746s beat=1930 rounds=3064957387 rate=317572/s wakes=3898787 wakerate=404/s workers=24 refused=0 mismatch=0 stalled=0 drifted=0 crossings=426661 remote=2787254 steals=2 deferred=0
soak-test: t=9751s beat=1931 rounds=3066544797 rate=317482/s wakes=3900807 wakerate=404/s workers=24 refused=0 mismatch=0 stalled=0 drifted=0 crossings=426891 remote=2788689 steals=2 deferred=0
soak-test: t=9756s beat=1932 rounds=3068133190 rate=317678/s wakes=3902827 wakerate=404/s workers=24 refused=0 mismatch=0 stalled=0 drifted=0 crossings=427107 remote=2790126 steals=2 deferred=0
soak-test: t=9761s beat=1933 rounds=3069721081 rate=317578/s wakes=3904847 wakerate=404/s workers=24 refused=0 mismatch=0 stalled=0 drifted=0 crossings=427360 remote=2791556 steals=2 deferred=0
soak-test: t=9766s beat=1934 rounds=3071309841 rate=317752/s wakes=3906867 wakerate=404/s workers=24 refused=0 mismatch=0 stalled=0 drifted=0 crossings=427567 remote=2793003 steals=2 deferred=0
soak-test: t=9771s beat=1935 rounds=3072897672 rate=317566/s wakes=3908887 wakerate=404/s workers=24 refused=0 mismatch=0 stalled=0 drifted=0 crossings=427779 remote=2794453 steals=2 deferred=0
soak-test: t=9776s beat=1936 rounds=3074485203 rate=317506/s wakes=3910907 wakerate=404/s workers=24 refused=0 mismatch=0 stalled=0 drifted=0 crossings=427994 remote=2795897 steals=2 deferred=0
soak-test: t=9781s beat=1937 rounds=3076072963 rate=317552/s wakes=3912927 wakerate=404/s workers=24 refused=0 mismatch=0 stalled=0 drifted=0 crossings=428246 remote=2797333 steals=2 deferred=0
soak-test: t=9786s beat=1938 rounds=3077660947 rate=317596/s wakes=3914947 wakerate=404/s workers=24 refused=0 mismatch=0 stalled=0 drifted=0 crossings=428468 remote=2798786 steals=2 deferred=0
soak-test: t=9791s beat=1939 rounds=3079249409 rate=317692/s wakes=3916967 wakerate=404/s workers=24 refused=0 mismatch=0 stalled=0 drifted=0 crossings=428714 remote=2800227 steals=2 deferred=0
soak-test: t=9797s beat=1940 rounds=3080838062 rate=317730/s wakes=3918987 wakerate=404/s workers=24 refused=0 mismatch=0 stalled=0 drifted=0 crossings=428913 remote=2801682 steals=2 deferred=0
soak-test: t=9802s beat=1941 rounds=3082425866 rate=317560/s wakes=3921007 wakerate=404/s workers=24 refused=0 mismatch=0 stalled=0 drifted=0 crossings=429132 remote=2803117 steals=2 deferred=0
soak-test: t=9807s beat=1942 rounds=3084013643 rate=317555/s wakes=3923027 wakerate=404/s workers=24 refused=0 mismatch=0 stalled=0 drifted=0 crossings=429356 remote=2804546 steals=2 deferred=0
soak-test: t=9812s beat=1943 rounds=3085601550 rate=317581/s wakes=3925047 wakerate=404/s workers=24 refused=0 mismatch=0 stalled=0 drifted=0 crossings=429566 remote=2805985 steals=2 deferred=0
soak-test: t=9817s beat=1944 rounds=3087189087 rate=317507/s wakes=3927067 wakerate=404/s workers=24 refused=0 mismatch=0 stalled=0 drifted=0 crossings=429787 remote=2807419 steals=2 deferred=0
soak-test: t=9822s beat=1945 rounds=3088776574 rate=317497/s wakes=3929087 wakerate=404/s workers=24 refused=0 mismatch=0 stalled=0 drifted=0 crossings=430040 remote=2808854 steals=2 deferred=0
soak-test: t=9827s beat=1946 rounds=3090365038 rate=317692/s wakes=3931107 wakerate=404/s workers=24 refused=0 mismatch=0 stalled=0 drifted=0 crossings=430267 remote=2810297 steals=2 deferred=0
soak-test: t=9832s beat=1947 rounds=3091952653 rate=317523/s wakes=3933127 wakerate=404/s workers=24 refused=0 mismatch=0 stalled=0 drifted=0 crossings=430491 remote=2811732 steals=2 deferred=0
soak-test: t=9837s beat=1948 rounds=3093540205 rate=317510/s wakes=3935147 wakerate=404/s workers=24 refused=0 mismatch=0 stalled=0 drifted=0 crossings=430699 remote=2813184 steals=2 deferred=0
soak-test: t=9842s beat=1949 rounds=3095128746 rate=317708/s wakes=3937167 wakerate=404/s workers=24 refused=0 mismatch=0 stalled=0 drifted=0 crossings=430917 remote=2814635 steals=2 deferred=0
soak-test: t=9847s beat=1950 rounds=3096715955 rate=317441/s wakes=3939187 wakerate=404/s workers=24 refused=0 mismatch=0 stalled=0 drifted=0 crossings=431152 remote=2816069 steals=2 deferred=0
soak-test: t=9852s beat=1951 rounds=3098303899 rate=317588/s wakes=3941207 wakerate=404/s workers=24 refused=0 mismatch=0 stalled=0 drifted=0 crossings=431403 remote=2817497 steals=2 deferred=0
soak-test: t=9857s beat=1952 rounds=3099891555 rate=317531/s wakes=3943227 wakerate=404/s workers=24 refused=0 mismatch=0 stalled=0 drifted=0 crossings=431608 remote=2818943 steals=2 deferred=0
soak-test: t=9862s beat=1953 rounds=3101479493 rate=317587/s wakes=3945247 wakerate=404/s workers=24 refused=0 mismatch=0 stalled=0 drifted=0 crossings=431825 remote=2820383 steals=2 deferred=0
soak-test: t=9867s beat=1954 rounds=3103067316 rate=317564/s wakes=3947267 wakerate=404/s workers=24 refused=0 mismatch=0 stalled=0 drifted=0 crossings=432002 remote=2821842 steals=2 deferred=0
soak-test: t=9872s beat=1955 rounds=3104655537 rate=317644/s wakes=3949287 wakerate=404/s workers=24 refused=0 mismatch=0 stalled=0 drifted=0 crossings=432216 remote=2823292 steals=2 deferred=0
soak-test: t=9877s beat=1956 rounds=3106243200 rate=317532/s wakes=3951307 wakerate=404/s workers=24 refused=0 mismatch=0 stalled=0 drifted=0 crossings=432435 remote=2824726 steals=2 deferred=0
soak-test: t=9882s beat=1957 rounds=3107831406 rate=317641/s wakes=3953327 wakerate=404/s workers=24 refused=0 mismatch=0 stalled=0 drifted=0 crossings=432646 remote=2826178 steals=2 deferred=0
soak-test: t=9887s beat=1958 rounds=3109419506 rate=317620/s wakes=3955347 wakerate=404/s workers=24 refused=0 mismatch=0 stalled=0 drifted=0 crossings=432845 remote=2827634 steals=2 deferred=0
soak-test: t=9892s beat=1959 rounds=3111007051 rate=317509/s wakes=3957367 wakerate=404/s workers=24 refused=0 mismatch=0 stalled=0 drifted=0 crossings=433026 remote=2829086 steals=2 deferred=0
soak-test: t=9898s beat=1960 rounds=3112594909 rate=317571/s wakes=3959387 wakerate=404/s workers=24 refused=0 mismatch=0 stalled=0 drifted=0 crossings=433254 remote=2830520 steals=2 deferred=0
soak-test: t=9903s beat=1961 rounds=3114182049 rate=317428/s wakes=3961407 wakerate=404/s workers=24 refused=0 mismatch=0 stalled=0 drifted=0 crossings=433501 remote=2831960 steals=2 deferred=0
soak-test: t=9908s beat=1962 rounds=3115769563 rate=317502/s wakes=3963427 wakerate=404/s workers=24 refused=0 mismatch=0 stalled=0 drifted=0 crossings=433687 remote=2833419 steals=2 deferred=0
soak-test: t=9913s beat=1963 rounds=3117356836 rate=317454/s wakes=3965447 wakerate=404/s workers=24 refused=0 mismatch=0 stalled=0 drifted=0 crossings=433913 remote=2834863 steals=2 deferred=0
soak-test: t=9918s beat=1964 rounds=3118944730 rate=317578/s wakes=3967467 wakerate=404/s workers=24 refused=0 mismatch=0 stalled=0 drifted=0 crossings=434113 remote=2836313 steals=2 deferred=0
soak-test: t=9923s beat=1965 rounds=3120532749 rate=317603/s wakes=3969487 wakerate=404/s workers=24 refused=0 mismatch=0 stalled=0 drifted=0 crossings=434326 remote=2837756 steals=2 deferred=0
soak-test: t=9928s beat=1966 rounds=3122121600 rate=317770/s wakes=3971507 wakerate=404/s workers=24 refused=0 mismatch=0 stalled=0 drifted=0 crossings=434542 remote=2839208 steals=2 deferred=0
soak-test: t=9933s beat=1967 rounds=3123709753 rate=317630/s wakes=3973527 wakerate=404/s workers=24 refused=0 mismatch=0 stalled=0 drifted=0 crossings=434739 remote=2840663 steals=2 deferred=0
soak-test: t=9938s beat=1968 rounds=3125297403 rate=317530/s wakes=3975547 wakerate=404/s workers=24 refused=0 mismatch=0 stalled=0 drifted=0 crossings=434934 remote=2842110 steals=2 deferred=0
soak-test: t=9943s beat=1969 rounds=3126885850 rate=317689/s wakes=3977567 wakerate=404/s workers=24 refused=0 mismatch=0 stalled=0 drifted=0 crossings=435156 remote=2843551 steals=2 deferred=0
soak-test: t=9948s beat=1970 rounds=3128473483 rate=317526/s wakes=3979587 wakerate=404/s workers=24 refused=0 mismatch=0 stalled=0 drifted=0 crossings=435381 remote=2845000 steals=2 deferred=0
soak-test: t=9953s beat=1971 rounds=3130061225 rate=317548/s wakes=3981607 wakerate=404/s workers=24 refused=0 mismatch=0 stalled=0 drifted=0 crossings=435609 remote=2846447 steals=2 deferred=0
soak-test: t=9958s beat=1972 rounds=3131647909 rate=317336/s wakes=3983627 wakerate=404/s workers=24 refused=0 mismatch=0 stalled=0 drifted=0 crossings=435834 remote=2847883 steals=2 deferred=0
soak-test: t=9963s beat=1973 rounds=3133235930 rate=317604/s wakes=3985647 wakerate=404/s workers=24 refused=0 mismatch=0 stalled=0 drifted=0 crossings=436034 remote=2849318 steals=2 deferred=0
soak-test: t=9968s beat=1974 rounds=3134824597 rate=317733/s wakes=3987667 wakerate=404/s workers=24 refused=0 mismatch=0 stalled=0 drifted=0 crossings=436265 remote=2850755 steals=2 deferred=0
soak-test: t=9973s beat=1975 rounds=3136412353 rate=317551/s wakes=3989687 wakerate=404/s workers=24 refused=0 mismatch=0 stalled=0 drifted=0 crossings=436486 remote=2852198 steals=2 deferred=0
soak-test: t=9978s beat=1976 rounds=3138000109 rate=317551/s wakes=3991707 wakerate=404/s workers=24 refused=0 mismatch=0 stalled=0 drifted=0 crossings=436713 remote=2853644 steals=2 deferred=0
soak-test: t=9983s beat=1977 rounds=3139587807 rate=317539/s wakes=3993727 wakerate=404/s workers=24 refused=0 mismatch=0 stalled=0 drifted=0 crossings=436924 remote=2855095 steals=2 deferred=0
soak-test: t=9988s beat=1978 rounds=3141175416 rate=317521/s wakes=3995747 wakerate=404/s workers=24 refused=0 mismatch=0 stalled=0 drifted=0 crossings=437149 remote=2856538 steals=2 deferred=0
soak-test: t=9993s beat=1979 rounds=3142762501 rate=317417/s wakes=3997767 wakerate=404/s workers=24 refused=0 mismatch=0 stalled=0 drifted=0 crossings=437365 remote=2857988 steals=2 deferred=0
soak-test: t=9999s beat=1980 rounds=3144350247 rate=317549/s wakes=3999787 wakerate=404/s workers=24 refused=0 mismatch=0 stalled=0 drifted=0 crossings=437571 remote=2859435 steals=2 deferred=0
soak-test: t=10004s beat=1981 rounds=3145937905 rate=317531/s wakes=4001807 wakerate=404/s workers=24 refused=0 mismatch=0 stalled=0 drifted=0 crossings=437796 remote=2860875 steals=2 deferred=0
soak-test: t=10009s beat=1982 rounds=3147526146 rate=317648/s wakes=4003827 wakerate=404/s workers=24 refused=0 mismatch=0 stalled=0 drifted=0 crossings=438041 remote=2862319 steals=2 deferred=0
soak-test: t=10014s beat=1983 rounds=3149114887 rate=317748/s wakes=4005847 wakerate=404/s workers=24 refused=0 mismatch=0 stalled=0 drifted=0 crossings=438267 remote=2863762 steals=2 deferred=0
soak-test: t=10019s beat=1984 rounds=3150702647 rate=317552/s wakes=4007867 wakerate=404/s workers=24 refused=0 mismatch=0 stalled=0 drifted=0 crossings=438453 remote=2865204 steals=2 deferred=0
soak-test: t=10024s beat=1985 rounds=3152290320 rate=317534/s wakes=4009887 wakerate=404/s workers=24 refused=0 mismatch=0 stalled=0 drifted=0 crossings=438707 remote=2866629 steals=2 deferred=0
soak-test: t=10029s beat=1986 rounds=3153878997 rate=317735/s wakes=4011907 wakerate=404/s workers=24 refused=0 mismatch=0 stalled=0 drifted=0 crossings=438904 remote=2868081 steals=2 deferred=0
soak-test: t=10034s beat=1987 rounds=3155467042 rate=317609/s wakes=4013927 wakerate=404/s workers=24 refused=0 mismatch=0 stalled=0 drifted=0 crossings=439085 remote=2869533 steals=2 deferred=0
soak-test: t=10039s beat=1988 rounds=3157055066 rate=317604/s wakes=4015947 wakerate=404/s workers=24 refused=0 mismatch=0 stalled=0 drifted=0 crossings=439279 remote=2870997 steals=2 deferred=0
soak-test: t=10044s beat=1989 rounds=3158642323 rate=317451/s wakes=4017967 wakerate=404/s workers=24 refused=0 mismatch=0 stalled=0 drifted=0 crossings=439521 remote=2872431 steals=2 deferred=0
soak-test: t=10049s beat=1990 rounds=3160230549 rate=317645/s wakes=4019987 wakerate=404/s workers=24 refused=0 mismatch=0 stalled=0 drifted=0 crossings=439740 remote=2873875 steals=2 deferred=0
soak-test: t=10054s beat=1991 rounds=3161818171 rate=317524/s wakes=4022007 wakerate=404/s workers=24 refused=0 mismatch=0 stalled=0 drifted=0 crossings=439966 remote=2875316 steals=2 deferred=0
soak-test: t=10059s beat=1992 rounds=3163405956 rate=317557/s wakes=4024027 wakerate=404/s workers=24 refused=0 mismatch=0 stalled=0 drifted=0 crossings=440216 remote=2876753 steals=2 deferred=0
soak-test: t=10064s beat=1993 rounds=3164993687 rate=317546/s wakes=4026047 wakerate=404/s workers=24 refused=0 mismatch=0 stalled=0 drifted=0 crossings=440403 remote=2878206 steals=2 deferred=0
soak-test: t=10069s beat=1994 rounds=3166581880 rate=317638/s wakes=4028067 wakerate=404/s workers=24 refused=0 mismatch=0 stalled=0 drifted=0 crossings=440610 remote=2879657 steals=2 deferred=0
soak-test: t=10074s beat=1995 rounds=3168169733 rate=317570/s wakes=4030087 wakerate=404/s workers=24 refused=0 mismatch=0 stalled=0 drifted=0 crossings=440812 remote=2881117 steals=2 deferred=0
soak-test: t=10079s beat=1996 rounds=3169757807 rate=317614/s wakes=4032107 wakerate=404/s workers=24 refused=0 mismatch=0 stalled=0 drifted=0 crossings=441034 remote=2882562 steals=2 deferred=0
soak-test: t=10084s beat=1997 rounds=3171345362 rate=317511/s wakes=4034127 wakerate=404/s workers=24 refused=0 mismatch=0 stalled=0 drifted=0 crossings=441252 remote=2884007 steals=2 deferred=0
soak-test: t=10089s beat=1998 rounds=3172932692 rate=317466/s wakes=4036147 wakerate=404/s workers=24 refused=0 mismatch=0 stalled=0 drifted=0 crossings=441457 remote=2885451 steals=2 deferred=0
soak-test: t=10094s beat=1999 rounds=3174521230 rate=317707/s wakes=4038167 wakerate=404/s workers=24 refused=0 mismatch=0 stalled=0 drifted=0 crossings=441690 remote=2886885 steals=2 deferred=0
soak-test: t=10100s beat=2000 rounds=3176109239 rate=317601/s wakes=4040187 wakerate=404/s workers=24 refused=0 mismatch=0 stalled=0 drifted=0 crossings=441929 remote=2888309 steals=2 deferred=0
soak-test: t=10105s beat=2001 rounds=3177697859 rate=317724/s wakes=4042207 wakerate=404/s workers=24 refused=0 mismatch=0 stalled=0 drifted=0 crossings=442200 remote=2889747 steals=2 deferred=0
soak-test: t=10110s beat=2002 rounds=3179285549 rate=317538/s wakes=4044227 wakerate=404/s workers=24 refused=0 mismatch=0 stalled=0 drifted=0 crossings=442425 remote=2891194 steals=2 deferred=0
soak-test: t=10115s beat=2003 rounds=3180873296 rate=317549/s wakes=4046247 wakerate=404/s workers=24 refused=0 mismatch=0 stalled=0 drifted=0 crossings=442678 remote=2892631 steals=2 deferred=0
soak-test: t=10120s beat=2004 rounds=3182460626 rate=317466/s wakes=4048267 wakerate=404/s workers=24 refused=0 mismatch=0 stalled=0 drifted=0 crossings=442923 remote=2894073 steals=2 deferred=0
soak-test: t=10125s beat=2005 rounds=3184049014 rate=317677/s wakes=4050287 wakerate=404/s workers=24 refused=0 mismatch=0 stalled=0 drifted=0 crossings=443169 remote=2895511 steals=2 deferred=0
soak-test: t=10130s beat=2006 rounds=3185636764 rate=317550/s wakes=4052307 wakerate=404/s workers=24 refused=0 mismatch=0 stalled=0 drifted=0 crossings=443385 remote=2896965 steals=2 deferred=0
soak-test: t=10135s beat=2007 rounds=3187225005 rate=317648/s wakes=4054327 wakerate=404/s workers=24 refused=0 mismatch=0 stalled=0 drifted=0 crossings=443605 remote=2898406 steals=2 deferred=0
soak-test: t=10140s beat=2008 rounds=3188812838 rate=317566/s wakes=4056347 wakerate=404/s workers=24 refused=0 mismatch=0 stalled=0 drifted=0 crossings=443836 remote=2899843 steals=2 deferred=0
soak-test: t=10145s beat=2009 rounds=3190400654 rate=317563/s wakes=4058367 wakerate=404/s workers=24 refused=0 mismatch=0 stalled=0 drifted=0 crossings=444065 remote=2901281 steals=2 deferred=0
soak-test: t=10150s beat=2010 rounds=3191989089 rate=317687/s wakes=4060387 wakerate=404/s workers=24 refused=0 mismatch=0 stalled=0 drifted=0 crossings=444279 remote=2902721 steals=2 deferred=0
soak-test: t=10155s beat=2011 rounds=3193576685 rate=317519/s wakes=4062407 wakerate=404/s workers=24 refused=0 mismatch=0 stalled=0 drifted=0 crossings=444475 remote=2904177 steals=2 deferred=0
soak-test: t=10160s beat=2012 rounds=3195165129 rate=317688/s wakes=4064427 wakerate=404/s workers=24 refused=0 mismatch=0 stalled=0 drifted=0 crossings=444705 remote=2905621 steals=2 deferred=0
soak-test: t=10165s beat=2013 rounds=3196753299 rate=317634/s wakes=4066447 wakerate=404/s workers=24 refused=0 mismatch=0 stalled=0 drifted=0 crossings=444917 remote=2907068 steals=2 deferred=0
soak-test: t=10170s beat=2014 rounds=3198341249 rate=317590/s wakes=4068467 wakerate=404/s workers=24 refused=0 mismatch=0 stalled=0 drifted=0 crossings=445147 remote=2908510 steals=2 deferred=0
soak-test: t=10175s beat=2015 rounds=3199929027 rate=317555/s wakes=4070487 wakerate=404/s workers=24 refused=0 mismatch=0 stalled=0 drifted=0 crossings=445392 remote=2909947 steals=2 deferred=0
soak-test: t=10180s beat=2016 rounds=3201516333 rate=317461/s wakes=4072507 wakerate=404/s workers=24 refused=0 mismatch=0 stalled=0 drifted=0 crossings=445600 remote=2911395 steals=2 deferred=0
soak-test: t=10185s beat=2017 rounds=3203104868 rate=317707/s wakes=4074527 wakerate=404/s workers=24 refused=0 mismatch=0 stalled=0 drifted=0 crossings=445800 remote=2912851 steals=2 deferred=0
soak-test: t=10190s beat=2018 rounds=3204693457 rate=317717/s wakes=4076547 wakerate=404/s workers=24 refused=0 mismatch=0 stalled=0 drifted=0 crossings=446015 remote=2914291 steals=2 deferred=0
soak-test: t=10195s beat=2019 rounds=3206280842 rate=317477/s wakes=4078567 wakerate=404/s workers=24 refused=0 mismatch=0 stalled=0 drifted=0 crossings=446247 remote=2915729 steals=2 deferred=0
soak-test: t=10201s beat=2020 rounds=3207869181 rate=317667/s wakes=4080587 wakerate=404/s workers=24 refused=0 mismatch=0 stalled=0 drifted=0 crossings=446478 remote=2917173 steals=2 deferred=0
soak-test: t=10206s beat=2021 rounds=3209456488 rate=317461/s wakes=4082607 wakerate=404/s workers=24 refused=0 mismatch=0 stalled=0 drifted=0 crossings=446721 remote=2918608 steals=2 deferred=0
soak-test: t=10211s beat=2022 rounds=3211044256 rate=317553/s wakes=4084627 wakerate=404/s workers=24 refused=0 mismatch=0 stalled=0 drifted=0 crossings=446953 remote=2920058 steals=2 deferred=0
soak-test: t=10216s beat=2023 rounds=3212631722 rate=317493/s wakes=4086647 wakerate=404/s workers=24 refused=0 mismatch=0 stalled=0 drifted=0 crossings=447151 remote=2921514 steals=2 deferred=0
soak-test: t=10221s beat=2024 rounds=3214219093 rate=317474/s wakes=4088667 wakerate=404/s workers=24 refused=0 mismatch=0 stalled=0 drifted=0 crossings=447379 remote=2922959 steals=2 deferred=0
soak-test: t=10226s beat=2025 rounds=3215806674 rate=317516/s wakes=4090687 wakerate=404/s workers=24 refused=0 mismatch=0 stalled=0 drifted=0 crossings=447587 remote=2924413 steals=2 deferred=0
soak-test: t=10231s beat=2026 rounds=3217394430 rate=317551/s wakes=4092707 wakerate=404/s workers=24 refused=0 mismatch=0 stalled=0 drifted=0 crossings=447814 remote=2925853 steals=2 deferred=0
soak-test: t=10236s beat=2027 rounds=3218982972 rate=317708/s wakes=4094727 wakerate=404/s workers=24 refused=0 mismatch=0 stalled=0 drifted=0 crossings=448046 remote=2927305 steals=2 deferred=0
soak-test: t=10241s beat=2028 rounds=3220570979 rate=317601/s wakes=4096747 wakerate=404/s workers=24 refused=0 mismatch=0 stalled=0 drifted=0 crossings=448278 remote=2928740 steals=2 deferred=0
soak-test: t=10246s beat=2029 rounds=3222158501 rate=317504/s wakes=4098767 wakerate=404/s workers=24 refused=0 mismatch=0 stalled=0 drifted=0 crossings=448523 remote=2930171 steals=2 deferred=0
soak-test: t=10251s beat=2030 rounds=3223746332 rate=317566/s wakes=4100787 wakerate=404/s workers=24 refused=0 mismatch=0 stalled=0 drifted=0 crossings=448755 remote=2931606 steals=2 deferred=0
soak-test: t=10256s beat=2031 rounds=3225334795 rate=317692/s wakes=4102807 wakerate=404/s workers=24 refused=0 mismatch=0 stalled=0 drifted=0 crossings=448986 remote=2933052 steals=2 deferred=0
soak-test: t=10261s beat=2032 rounds=3226923117 rate=317664/s wakes=4104827 wakerate=404/s workers=24 refused=0 mismatch=0 stalled=0 drifted=0 crossings=449215 remote=2934496 steals=2 deferred=0
soak-test: t=10266s beat=2033 rounds=3228511077 rate=317592/s wakes=4106847 wakerate=404/s workers=24 refused=0 mismatch=0 stalled=0 drifted=0 crossings=449429 remote=2935949 steals=2 deferred=0
soak-test: t=10271s beat=2034 rounds=3230099518 rate=317688/s wakes=4108867 wakerate=404/s workers=24 refused=0 mismatch=0 stalled=0 drifted=0 crossings=449692 remote=2937366 steals=2 deferred=0
soak-test: t=10276s beat=2035 rounds=3231686899 rate=317476/s wakes=4110887 wakerate=404/s workers=24 refused=0 mismatch=0 stalled=0 drifted=0 crossings=449942 remote=2938816 steals=2 deferred=0
soak-test: t=10281s beat=2036 rounds=3233274293 rate=317478/s wakes=4112907 wakerate=404/s workers=24 refused=0 mismatch=0 stalled=0 drifted=0 crossings=450155 remote=2940267 steals=2 deferred=0
soak-test: t=10286s beat=2037 rounds=3234862324 rate=317606/s wakes=4114927 wakerate=404/s workers=24 refused=0 mismatch=0 stalled=0 drifted=0 crossings=450372 remote=2941708 steals=2 deferred=0
soak-test: t=10291s beat=2038 rounds=3236449651 rate=317465/s wakes=4116947 wakerate=404/s workers=24 refused=0 mismatch=0 stalled=0 drifted=0 crossings=450574 remote=2943148 steals=2 deferred=0
soak-test: t=10296s beat=2039 rounds=3238037301 rate=317530/s wakes=4118967 wakerate=404/s workers=24 refused=0 mismatch=0 stalled=0 drifted=0 crossings=450791 remote=2944601 steals=2 deferred=0
soak-test: t=10302s beat=2040 rounds=3239625475 rate=317634/s wakes=4120987 wakerate=404/s workers=24 refused=0 mismatch=0 stalled=0 drifted=0 crossings=451027 remote=2946043 steals=2 deferred=0
soak-test: t=10307s beat=2041 rounds=3241212980 rate=317501/s wakes=4123007 wakerate=404/s workers=24 refused=0 mismatch=0 stalled=0 drifted=0 crossings=451214 remote=2947491 steals=2 deferred=0
soak-test: t=10312s beat=2042 rounds=3242800321 rate=317468/s wakes=4125027 wakerate=404/s workers=24 refused=0 mismatch=0 stalled=0 drifted=0 crossings=451457 remote=2948925 steals=2 deferred=0
soak-test: t=10317s beat=2043 rounds=3244387435 rate=317422/s wakes=4127047 wakerate=404/s workers=24 refused=0 mismatch=0 stalled=0 drifted=0 crossings=451675 remote=2950379 steals=2 deferred=0
soak-test: t=10322s beat=2044 rounds=3245975630 rate=317639/s wakes=4129067 wakerate=404/s workers=24 refused=0 mismatch=0 stalled=0 drifted=0 crossings=451910 remote=2951819 steals=2 deferred=0
soak-test: t=10327s beat=2045 rounds=3247563289 rate=317531/s wakes=4131087 wakerate=404/s workers=24 refused=0 mismatch=0 stalled=0 drifted=0 crossings=452115 remote=2953263 steals=2 deferred=0
soak-test: t=10332s beat=2046 rounds=3249151125 rate=317567/s wakes=4133107 wakerate=404/s workers=24 refused=0 mismatch=0 stalled=0 drifted=0 crossings=452323 remote=2954705 steals=2 deferred=0
soak-test: t=10337s beat=2047 rounds=3250739396 rate=317654/s wakes=4135127 wakerate=404/s workers=24 refused=0 mismatch=0 stalled=0 drifted=0 crossings=452559 remote=2956136 steals=2 deferred=0
soak-test: t=10342s beat=2048 rounds=3252327595 rate=317639/s wakes=4137147 wakerate=404/s workers=24 refused=0 mismatch=0 stalled=0 drifted=0 crossings=452733 remote=2957602 steals=2 deferred=0
soak-test: t=10347s beat=2049 rounds=3253915664 rate=317613/s wakes=4139167 wakerate=404/s workers=24 refused=0 mismatch=0 stalled=0 drifted=0 crossings=452968 remote=2959044 steals=2 deferred=0
soak-test: t=10352s beat=2050 rounds=3255503943 rate=317655/s wakes=4141187 wakerate=404/s workers=24 refused=0 mismatch=0 stalled=0 drifted=0 crossings=453155 remote=2960501 steals=2 deferred=0
soak-test: t=10357s beat=2051 rounds=3257091287 rate=317468/s wakes=4143207 wakerate=404/s workers=24 refused=0 mismatch=0 stalled=0 drifted=0 crossings=453395 remote=2961945 steals=2 deferred=0
soak-test: t=10362s beat=2052 rounds=3258679765 rate=317695/s wakes=4145227 wakerate=404/s workers=24 refused=0 mismatch=0 stalled=0 drifted=0 crossings=453643 remote=2963378 steals=2 deferred=0
soak-test: t=10367s beat=2053 rounds=3260267403 rate=317527/s wakes=4147247 wakerate=404/s workers=24 refused=0 mismatch=0 stalled=0 drifted=0 crossings=453873 remote=2964832 steals=2 deferred=0
soak-test: t=10372s beat=2054 rounds=3261854863 rate=317492/s wakes=4149267 wakerate=404/s workers=24 refused=0 mismatch=0 stalled=0 drifted=0 crossings=454110 remote=2966276 steals=2 deferred=0
soak-test: t=10377s beat=2055 rounds=3263442092 rate=317445/s wakes=4151287 wakerate=404/s workers=24 refused=0 mismatch=0 stalled=0 drifted=0 crossings=454351 remote=2967723 steals=2 deferred=0
soak-test: t=10382s beat=2056 rounds=3265029978 rate=317577/s wakes=4153307 wakerate=404/s workers=24 refused=0 mismatch=0 stalled=0 drifted=0 crossings=454583 remote=2969144 steals=2 deferred=0
soak-test: t=10387s beat=2057 rounds=3266617996 rate=317603/s wakes=4155327 wakerate=404/s workers=24 refused=0 mismatch=0 stalled=0 drifted=0 crossings=454796 remote=2970589 steals=2 deferred=0
soak-test: t=10392s beat=2058 rounds=3268205902 rate=317581/s wakes=4157347 wakerate=404/s workers=24 refused=0 mismatch=0 stalled=0 drifted=0 crossings=455024 remote=2972031 steals=2 deferred=0
soak-test: t=10397s beat=2059 rounds=3269795038 rate=317827/s wakes=4159367 wakerate=404/s workers=24 refused=0 mismatch=0 stalled=0 drifted=0 crossings=455222 remote=2973474 steals=2 deferred=0
soak-test: t=10403s beat=2060 rounds=3271382317 rate=317455/s wakes=4161387 wakerate=404/s workers=24 refused=0 mismatch=0 stalled=0 drifted=0 crossings=455472 remote=2974909 steals=2 deferred=0
soak-test: t=10408s beat=2061 rounds=3272970926 rate=317721/s wakes=4163407 wakerate=404/s workers=24 refused=0 mismatch=0 stalled=0 drifted=0 crossings=455704 remote=2976340 steals=2 deferred=0
soak-test: t=10413s beat=2062 rounds=3274558993 rate=317613/s wakes=4165427 wakerate=404/s workers=24 refused=0 mismatch=0 stalled=0 drifted=0 crossings=455935 remote=2977772 steals=2 deferred=0
soak-test: t=10418s beat=2063 rounds=3276146919 rate=317585/s wakes=4167447 wakerate=404/s workers=24 refused=0 mismatch=0 stalled=0 drifted=0 crossings=456171 remote=2979217 steals=2 deferred=0
soak-test: t=10423s beat=2064 rounds=3277734635 rate=317543/s wakes=4169467 wakerate=404/s workers=24 refused=0 mismatch=0 stalled=0 drifted=0 crossings=456404 remote=2980660 steals=2 deferred=0
soak-test: t=10428s beat=2065 rounds=3279322646 rate=317602/s wakes=4171487 wakerate=404/s workers=24 refused=0 mismatch=0 stalled=0 drifted=0 crossings=456643 remote=2982099 steals=2 deferred=0
soak-test: t=10433s beat=2066 rounds=3280910699 rate=317610/s wakes=4173507 wakerate=404/s workers=24 refused=0 mismatch=0 stalled=0 drifted=0 crossings=456870 remote=2983540 steals=2 deferred=0
soak-test: t=10438s beat=2067 rounds=3282498839 rate=317628/s wakes=4175527 wakerate=404/s workers=24 refused=0 mismatch=0 stalled=0 drifted=0 crossings=457080 remote=2984985 steals=2 deferred=0
soak-test: t=10443s beat=2068 rounds=3284086568 rate=317545/s wakes=4177547 wakerate=404/s workers=24 refused=0 mismatch=0 stalled=0 drifted=0 crossings=457292 remote=2986435 steals=2 deferred=0
soak-test: t=10448s beat=2069 rounds=3285673666 rate=317419/s wakes=4179567 wakerate=404/s workers=24 refused=0 mismatch=0 stalled=0 drifted=0 crossings=457521 remote=2987884 steals=2 deferred=0
soak-test: t=10453s beat=2070 rounds=3287261725 rate=317611/s wakes=4181587 wakerate=404/s workers=24 refused=0 mismatch=0 stalled=0 drifted=0 crossings=457764 remote=2989319 steals=2 deferred=0
soak-test: t=10458s beat=2071 rounds=3288849468 rate=317548/s wakes=4183607 wakerate=404/s workers=24 refused=0 mismatch=0 stalled=0 drifted=0 crossings=457975 remote=2990760 steals=2 deferred=0
soak-test: t=10463s beat=2072 rounds=3290437204 rate=317547/s wakes=4185627 wakerate=404/s workers=24 refused=0 mismatch=0 stalled=0 drifted=0 crossings=458189 remote=2992207 steals=2 deferred=0
soak-test: t=10468s beat=2073 rounds=3292024412 rate=317441/s wakes=4187647 wakerate=404/s workers=24 refused=0 mismatch=0 stalled=0 drifted=0 crossings=458417 remote=2993649 steals=2 deferred=0
soak-test: t=10473s beat=2074 rounds=3293612272 rate=317572/s wakes=4189667 wakerate=404/s workers=24 refused=0 mismatch=0 stalled=0 drifted=0 crossings=458620 remote=2995098 steals=2 deferred=0
soak-test: t=10478s beat=2075 rounds=3295199708 rate=317487/s wakes=4191687 wakerate=404/s workers=24 refused=0 mismatch=0 stalled=0 drifted=0 crossings=458885 remote=2996528 steals=2 deferred=0
soak-test: t=10483s beat=2076 rounds=3296786762 rate=317410/s wakes=4193707 wakerate=404/s workers=24 refused=0 mismatch=0 stalled=0 drifted=0 crossings=459096 remote=2997975 steals=2 deferred=0
soak-test: t=10488s beat=2077 rounds=3298375111 rate=317669/s wakes=4195727 wakerate=404/s workers=24 refused=0 mismatch=0 stalled=0 drifted=0 crossings=459337 remote=2999416 steals=2 deferred=0
soak-test: t=10493s beat=2078 rounds=3299963685 rate=317714/s wakes=4197747 wakerate=404/s workers=24 refused=0 mismatch=0 stalled=0 drifted=0 crossings=459556 remote=3000867 steals=2 deferred=0
soak-test: t=10498s beat=2079 rounds=3301551929 rate=317648/s wakes=4199767 wakerate=404/s workers=24 refused=0 mismatch=0 stalled=0 drifted=0 crossings=459792 remote=3002305 steals=2 deferred=0
soak-test: t=10504s beat=2080 rounds=3303139614 rate=317537/s wakes=4201787 wakerate=404/s workers=24 refused=0 mismatch=0 stalled=0 drifted=0 crossings=460002 remote=3003758 steals=2 deferred=0
soak-test: t=10509s beat=2081 rounds=3304727708 rate=317618/s wakes=4203807 wakerate=404/s workers=24 refused=0 mismatch=0 stalled=0 drifted=0 crossings=460243 remote=3005208 steals=2 deferred=0
soak-test: t=10514s beat=2082 rounds=3306315988 rate=317656/s wakes=4205827 wakerate=404/s workers=24 refused=0 mismatch=0 stalled=0 drifted=0 crossings=460480 remote=3006651 steals=2 deferred=0
soak-test: t=10519s beat=2083 rounds=3307903319 rate=317466/s wakes=4207847 wakerate=404/s workers=24 refused=0 mismatch=0 stalled=0 drifted=0 crossings=460718 remote=3008100 steals=2 deferred=0
soak-test: t=10524s beat=2084 rounds=3309490530 rate=317442/s wakes=4209867 wakerate=404/s workers=24 refused=0 mismatch=0 stalled=0 drifted=0 crossings=460931 remote=3009557 steals=2 deferred=0
soak-test: t=10529s beat=2085 rounds=3311078767 rate=317647/s wakes=4211887 wakerate=404/s workers=24 refused=0 mismatch=0 stalled=0 drifted=0 crossings=461134 remote=3011010 steals=2 deferred=0
soak-test: t=10534s beat=2086 rounds=3312666382 rate=317523/s wakes=4213907 wakerate=404/s workers=24 refused=0 mismatch=0 stalled=0 drifted=0 crossings=461357 remote=3012455 steals=2 deferred=0
soak-test: t=10539s beat=2087 rounds=3314253971 rate=317517/s wakes=4215927 wakerate=404/s workers=24 refused=0 mismatch=0 stalled=0 drifted=0 crossings=461591 remote=3013888 steals=2 deferred=0
soak-test: t=10544s beat=2088 rounds=3315842061 rate=317618/s wakes=4217947 wakerate=404/s workers=24 refused=0 mismatch=0 stalled=0 drifted=0 crossings=461823 remote=3015347 steals=2 deferred=0
soak-test: t=10549s beat=2089 rounds=3317429851 rate=317558/s wakes=4219967 wakerate=404/s workers=24 refused=0 mismatch=0 stalled=0 drifted=0 crossings=462050 remote=3016793 steals=2 deferred=0
soak-test: t=10554s beat=2090 rounds=3319017911 rate=317612/s wakes=4221987 wakerate=404/s workers=24 refused=0 mismatch=0 stalled=0 drifted=0 crossings=462251 remote=3018238 steals=2 deferred=0
soak-test: t=10559s beat=2091 rounds=3320605496 rate=317517/s wakes=4224007 wakerate=404/s workers=24 refused=0 mismatch=0 stalled=0 drifted=0 crossings=462487 remote=3019681 steals=2 deferred=0
soak-test: t=10564s beat=2092 rounds=3322192422 rate=317385/s wakes=4226027 wakerate=404/s workers=24 refused=0 mismatch=0 stalled=0 drifted=0 crossings=462678 remote=3021136 steals=2 deferred=0
soak-test: t=10569s beat=2093 rounds=3323780593 rate=317634/s wakes=4228047 wakerate=404/s workers=24 refused=0 mismatch=0 stalled=0 drifted=0 crossings=462884 remote=3022595 steals=2 deferred=0
soak-test: t=10574s beat=2094 rounds=3325367559 rate=317393/s wakes=4230067 wakerate=404/s workers=24 refused=0 mismatch=0 stalled=0 drifted=0 crossings=463099 remote=3024037 steals=2 deferred=0
soak-test: t=10579s beat=2095 rounds=3326955555 rate=317599/s wakes=4232087 wakerate=404/s workers=24 refused=0 mismatch=0 stalled=0 drifted=0 crossings=463290 remote=3025491 steals=2 deferred=0
soak-test: t=10584s beat=2096 rounds=3328543080 rate=317505/s wakes=4234107 wakerate=404/s workers=24 refused=0 mismatch=0 stalled=0 drifted=0 crossings=463490 remote=3026938 steals=2 deferred=0
soak-test: t=10589s beat=2097 rounds=3330131288 rate=317641/s wakes=4236127 wakerate=404/s workers=24 refused=0 mismatch=0 stalled=0 drifted=0 crossings=463732 remote=3028377 steals=2 deferred=0
soak-test: t=10594s beat=2098 rounds=3331719321 rate=317606/s wakes=4238147 wakerate=404/s workers=24 refused=0 mismatch=0 stalled=0 drifted=0 crossings=463951 remote=3029819 steals=2 deferred=0
soak-test: t=10599s beat=2099 rounds=3333306888 rate=317513/s wakes=4240167 wakerate=404/s workers=24 refused=0 mismatch=0 stalled=0 drifted=0 crossings=464175 remote=3031254 steals=2 deferred=0
soak-test: t=10605s beat=2100 rounds=3334894104 rate=317443/s wakes=4242187 wakerate=404/s workers=24 refused=0 mismatch=0 stalled=0 drifted=0 crossings=464390 remote=3032692 steals=2 deferred=0
soak-test: t=10610s beat=2101 rounds=3336481572 rate=317493/s wakes=4244207 wakerate=404/s workers=24 refused=0 mismatch=0 stalled=0 drifted=0 crossings=464620 remote=3034126 steals=2 deferred=0
soak-test: t=10615s beat=2102 rounds=3338070033 rate=317692/s wakes=4246227 wakerate=404/s workers=24 refused=0 mismatch=0 stalled=0 drifted=0 crossings=464858 remote=3035569 steals=2 deferred=0
soak-test: t=10620s beat=2103 rounds=3339657753 rate=317544/s wakes=4248247 wakerate=404/s workers=24 refused=0 mismatch=0 stalled=0 drifted=0 crossings=465085 remote=3037012 steals=2 deferred=0
soak-test: t=10625s beat=2104 rounds=3341245384 rate=317526/s wakes=4250267 wakerate=404/s workers=24 refused=0 mismatch=0 stalled=0 drifted=0 crossings=465319 remote=3038457 steals=2 deferred=0
soak-test: t=10630s beat=2105 rounds=3342832960 rate=317515/s wakes=4252287 wakerate=404/s workers=24 refused=0 mismatch=0 stalled=0 drifted=0 crossings=465540 remote=3039894 steals=2 deferred=0
soak-test: t=10635s beat=2106 rounds=3344420529 rate=317513/s wakes=4254307 wakerate=404/s workers=24 refused=0 mismatch=0 stalled=0 drifted=0 crossings=465785 remote=3041325 steals=2 deferred=0
soak-test: t=10640s beat=2107 rounds=3346009033 rate=317700/s wakes=4256327 wakerate=404/s workers=24 refused=0 mismatch=0 stalled=0 drifted=0 crossings=465980 remote=3042773 steals=2 deferred=0
soak-test: t=10645s beat=2108 rounds=3347597423 rate=317678/s wakes=4258347 wakerate=404/s workers=24 refused=0 mismatch=0 stalled=0 drifted=0 crossings=466182 remote=3044219 steals=2 deferred=0
soak-test: t=10650s beat=2109 rounds=3349184830 rate=317481/s wakes=4260367 wakerate=404/s workers=24 refused=0 mismatch=0 stalled=0 drifted=0 crossings=466388 remote=3045662 steals=2 deferred=0
soak-test: t=10655s beat=2110 rounds=3350772204 rate=317474/s wakes=4262387 wakerate=404/s workers=24 refused=0 mismatch=0 stalled=0 drifted=0 crossings=466599 remote=3047112 steals=2 deferred=0
soak-test: t=10660s beat=2111 rounds=3352360175 rate=317594/s wakes=4264407 wakerate=404/s workers=24 refused=0 mismatch=0 stalled=0 drifted=0 crossings=466822 remote=3048554 steals=2 deferred=0
soak-test: t=10665s beat=2112 rounds=3353947941 rate=317553/s wakes=4266427 wakerate=404/s workers=24 refused=0 mismatch=0 stalled=0 drifted=0 crossings=467056 remote=3049984 steals=2 deferred=0
soak-test: t=10670s beat=2113 rounds=3355535369 rate=317485/s wakes=4268447 wakerate=404/s workers=24 refused=0 mismatch=0 stalled=0 drifted=0 crossings=467267 remote=3051442 steals=2 deferred=0
soak-test: t=10675s beat=2114 rounds=3357123704 rate=317667/s wakes=4270467 wakerate=404/s workers=24 refused=0 mismatch=0 stalled=0 drifted=0 crossings=467491 remote=3052876 steals=2 deferred=0
soak-test: t=10680s beat=2115 rounds=3358711043 rate=317467/s wakes=4272487 wakerate=404/s workers=24 refused=0 mismatch=0 stalled=0 drifted=0 crossings=467714 remote=3054320 steals=2 deferred=0
soak-test: t=10685s beat=2116 rounds=3360298998 rate=317591/s wakes=4274507 wakerate=404/s workers=24 refused=0 mismatch=0 stalled=0 drifted=0 crossings=467935 remote=3055759 steals=2 deferred=0
soak-test: t=10690s beat=2117 rounds=3361886627 rate=317525/s wakes=4276527 wakerate=404/s workers=24 refused=0 mismatch=0 stalled=0 drifted=0 crossings=468179 remote=3057187 steals=2 deferred=0
soak-test: t=10695s beat=2118 rounds=3363474163 rate=317507/s wakes=4278547 wakerate=404/s workers=24 refused=0 mismatch=0 stalled=0 drifted=0 crossings=468408 remote=3058634 steals=2 deferred=0
soak-test: t=10700s beat=2119 rounds=3365061900 rate=317547/s wakes=4280567 wakerate=404/s workers=24 refused=0 mismatch=0 stalled=0 drifted=0 crossings=468645 remote=3060069 steals=2 deferred=0
soak-test: t=10706s beat=2120 rounds=3366650187 rate=317657/s wakes=4282587 wakerate=404/s workers=24 refused=0 mismatch=0 stalled=0 drifted=0 crossings=468888 remote=3061517 steals=2 deferred=0
soak-test: t=10711s beat=2121 rounds=3368238517 rate=317666/s wakes=4284607 wakerate=404/s workers=24 refused=0 mismatch=0 stalled=0 drifted=0 crossings=469088 remote=3062961 steals=2 deferred=0
soak-test: t=10716s beat=2122 rounds=3369826090 rate=317514/s wakes=4286627 wakerate=404/s workers=24 refused=0 mismatch=0 stalled=0 drifted=0 crossings=469338 remote=3064400 steals=2 deferred=0
soak-test: t=10721s beat=2123 rounds=3371414063 rate=317594/s wakes=4288647 wakerate=404/s workers=24 refused=0 mismatch=0 stalled=0 drifted=0 crossings=469535 remote=3065854 steals=2 deferred=0
soak-test: t=10726s beat=2124 rounds=3373002431 rate=317673/s wakes=4290667 wakerate=404/s workers=24 refused=0 mismatch=0 stalled=0 drifted=0 crossings=469761 remote=3067293 steals=2 deferred=0
soak-test: t=10731s beat=2125 rounds=3374590124 rate=317538/s wakes=4292687 wakerate=404/s workers=24 refused=0 mismatch=0 stalled=0 drifted=0 crossings=469985 remote=3068732 steals=2 deferred=0
soak-test: t=10736s beat=2126 rounds=3376177760 rate=317527/s wakes=4294707 wakerate=404/s workers=24 refused=0 mismatch=0 stalled=0 drifted=0 crossings=470216 remote=3070171 steals=2 deferred=0
soak-test: t=10741s beat=2127 rounds=3377765964 rate=317640/s wakes=4296727 wakerate=404/s workers=24 refused=0 mismatch=0 stalled=0 drifted=0 crossings=470444 remote=3071603 steals=2 deferred=0
soak-test: t=10746s beat=2128 rounds=3379353502 rate=317507/s wakes=4298747 wakerate=404/s workers=24 refused=0 mismatch=0 stalled=0 drifted=0 crossings=470698 remote=3073049 steals=2 deferred=0
soak-test: t=10751s beat=2129 rounds=3380941097 rate=317519/s wakes=4300767 wakerate=404/s workers=24 refused=0 mismatch=0 stalled=0 drifted=0 crossings=470925 remote=3074497 steals=2 deferred=0
soak-test: t=10756s beat=2130 rounds=3382528246 rate=317429/s wakes=4302787 wakerate=404/s workers=24 refused=0 mismatch=0 stalled=0 drifted=0 crossings=471119 remote=3075947 steals=2 deferred=0
soak-test: t=10761s beat=2131 rounds=3384116018 rate=317554/s wakes=4304807 wakerate=404/s workers=24 refused=0 mismatch=0 stalled=0 drifted=0 crossings=471348 remote=3077377 steals=2 deferred=0
soak-test: t=10766s beat=2132 rounds=3385703401 rate=317476/s wakes=4306827 wakerate=404/s workers=24 refused=0 mismatch=0 stalled=0 drifted=0 crossings=471558 remote=3078835 steals=2 deferred=0
soak-test: t=10771s beat=2133 rounds=3387291085 rate=317536/s wakes=4308847 wakerate=404/s workers=24 refused=0 mismatch=0 stalled=0 drifted=0 crossings=471737 remote=3080294 steals=2 deferred=0
soak-test: t=10776s beat=2134 rounds=3388879289 rate=317640/s wakes=4310867 wakerate=404/s workers=24 refused=0 mismatch=0 stalled=0 drifted=0 crossings=471971 remote=3081741 steals=2 deferred=0
soak-test: t=10781s beat=2135 rounds=3390467411 rate=317624/s wakes=4312887 wakerate=404/s workers=24 refused=0 mismatch=0 stalled=0 drifted=0 crossings=472197 remote=3083184 steals=2 deferred=0
soak-test: t=10786s beat=2136 rounds=3392054330 rate=317383/s wakes=4314907 wakerate=404/s workers=24 refused=0 mismatch=0 stalled=0 drifted=0 crossings=472409 remote=3084630 steals=2 deferred=0
soak-test: t=10791s beat=2137 rounds=3393641882 rate=317510/s wakes=4316927 wakerate=404/s workers=24 refused=0 mismatch=0 stalled=0 drifted=0 crossings=472655 remote=3086061 steals=2 deferred=0
soak-test: t=10796s beat=2138 rounds=3395230146 rate=317652/s wakes=4318947 wakerate=404/s workers=24 refused=0 mismatch=0 stalled=0 drifted=0 crossings=472876 remote=3087501 steals=2 deferred=0
soak-test: t=10801s beat=2139 rounds=3396818561 rate=317683/s wakes=4320967 wakerate=404/s workers=24 refused=0 mismatch=0 stalled=0 drifted=0 crossings=473103 remote=3088936 steals=2 deferred=0
soak-test: t=10807s beat=2140 rounds=3398406262 rate=317540/s wakes=4322987 wakerate=404/s workers=24 refused=0 mismatch=0 stalled=0 drifted=0 crossings=473340 remote=3090368 steals=2 deferred=0
soak-test: t=10812s beat=2141 rounds=3399994365 rate=317620/s wakes=4325007 wakerate=404/s workers=24 refused=0 mismatch=0 stalled=0 drifted=0 crossings=473563 remote=3091815 steals=2 deferred=0
soak-test: t=10817s beat=2142 rounds=3401582908 rate=317708/s wakes=4327027 wakerate=404/s workers=24 refused=0 mismatch=0 stalled=0 drifted=0 crossings=473756 remote=3093281 steals=2 deferred=0
soak-test: t=10822s beat=2143 rounds=3403170384 rate=317495/s wakes=4329047 wakerate=404/s workers=24 refused=0 mismatch=0 stalled=0 drifted=0 crossings=473991 remote=3094718 steals=2 deferred=0
soak-test: t=10827s beat=2144 rounds=3404758606 rate=317644/s wakes=4331067 wakerate=404/s workers=24 refused=0 mismatch=0 stalled=0 drifted=0 crossings=474207 remote=3096157 steals=2 deferred=0
soak-test: t=10832s beat=2145 rounds=3406346675 rate=317613/s wakes=4333087 wakerate=404/s workers=24 refused=0 mismatch=0 stalled=0 drifted=0 crossings=474398 remote=3097613 steals=2 deferred=0
soak-test: t=10837s beat=2146 rounds=3407933572 rate=317379/s wakes=4335107 wakerate=404/s workers=24 refused=0 mismatch=0 stalled=0 drifted=0 crossings=474619 remote=3099077 steals=2 deferred=0
soak-test: t=10842s beat=2147 rounds=3409522111 rate=317707/s wakes=4337127 wakerate=404/s workers=24 refused=0 mismatch=0 stalled=0 drifted=0 crossings=474813 remote=3100521 steals=2 deferred=0
soak-test: t=10847s beat=2148 rounds=3411110048 rate=317587/s wakes=4339147 wakerate=404/s workers=24 refused=0 mismatch=0 stalled=0 drifted=0 crossings=475000 remote=3101972 steals=2 deferred=0
soak-test: t=10852s beat=2149 rounds=3412697959 rate=317582/s wakes=4341167 wakerate=404/s workers=24 refused=0 mismatch=0 stalled=0 drifted=0 crossings=475218 remote=3103415 steals=2 deferred=0
soak-test: t=10857s beat=2150 rounds=3414286108 rate=317629/s wakes=4343187 wakerate=404/s workers=24 refused=0 mismatch=0 stalled=0 drifted=0 crossings=475476 remote=3104841 steals=2 deferred=0
soak-test: t=10862s beat=2151 rounds=3415874992 rate=317776/s wakes=4345207 wakerate=404/s workers=24 refused=0 mismatch=0 stalled=0 drifted=0 crossings=475710 remote=3106278 steals=2 deferred=0
soak-test: t=10867s beat=2152 rounds=3417463073 rate=317616/s wakes=4347227 wakerate=404/s workers=24 refused=0 mismatch=0 stalled=0 drifted=0 crossings=475916 remote=3107726 steals=2 deferred=0
soak-test: t=10872s beat=2153 rounds=3419051285 rate=317642/s wakes=4349247 wakerate=404/s workers=24 refused=0 mismatch=0 stalled=0 drifted=0 crossings=476124 remote=3109178 steals=2 deferred=0
soak-test: t=10877s beat=2154 rounds=3420639589 rate=317660/s wakes=4351267 wakerate=404/s workers=24 refused=0 mismatch=0 stalled=0 drifted=0 crossings=476349 remote=3110621 steals=2 deferred=0
soak-test: t=10882s beat=2155 rounds=3422226580 rate=317398/s wakes=4353287 wakerate=404/s workers=24 refused=0 mismatch=0 stalled=0 drifted=0 crossings=476584 remote=3112068 steals=2 deferred=0
soak-test: t=10887s beat=2156 rounds=3423814373 rate=317558/s wakes=4355307 wakerate=404/s workers=24 refused=0 mismatch=0 stalled=0 drifted=0 crossings=476832 remote=3113505 steals=2 deferred=0
soak-test: t=10892s beat=2157 rounds=3425402647 rate=317654/s wakes=4357327 wakerate=404/s workers=24 refused=0 mismatch=0 stalled=0 drifted=0 crossings=477051 remote=3114952 steals=2 deferred=0
soak-test: t=10897s beat=2158 rounds=3426991060 rate=317682/s wakes=4359347 wakerate=404/s workers=24 refused=0 mismatch=0 stalled=0 drifted=0 crossings=477267 remote=3116398 steals=2 deferred=0
soak-test: t=10902s beat=2159 rounds=3428579201 rate=317628/s wakes=4361367 wakerate=404/s workers=24 refused=0 mismatch=0 stalled=0 drifted=0 crossings=477497 remote=3117839 steals=2 deferred=0
soak-test: t=10908s beat=2160 rounds=3430166588 rate=317477/s wakes=4363387 wakerate=404/s workers=24 refused=0 mismatch=0 stalled=0 drifted=0 crossings=477728 remote=3119283 steals=2 deferred=0
soak-test: t=10913s beat=2161 rounds=3431753768 rate=317436/s wakes=4365407 wakerate=404/s workers=24 refused=0 mismatch=0 stalled=0 drifted=0 crossings=477960 remote=3120724 steals=2 deferred=0
soak-test: t=10918s beat=2162 rounds=3433341880 rate=317622/s wakes=4367427 wakerate=404/s workers=24 refused=0 mismatch=0 stalled=0 drifted=0 crossings=478158 remote=3122180 steals=2 deferred=0
soak-test: t=10923s beat=2163 rounds=3434929364 rate=317496/s wakes=4369447 wakerate=404/s workers=24 refused=0 mismatch=0 stalled=0 drifted=0 crossings=478401 remote=3123619 steals=2 deferred=0
soak-test: t=10928s beat=2164 rounds=3436517448 rate=317616/s wakes=4371467 wakerate=404/s workers=24 refused=0 mismatch=0 stalled=0 drifted=0 crossings=478612 remote=3125062 steals=2 deferred=0
soak-test: t=10933s beat=2165 rounds=3438105612 rate=317632/s wakes=4373487 wakerate=404/s workers=24 refused=0 mismatch=0 stalled=0 drifted=0 crossings=478854 remote=3126507 steals=2 deferred=0
soak-test: t=10938s beat=2166 rounds=3439693262 rate=317530/s wakes=4375507 wakerate=404/s workers=24 refused=0 mismatch=0 stalled=0 drifted=0 crossings=479079 remote=3127945 steals=2 deferred=0
soak-test: t=10943s beat=2167 rounds=3441281212 rate=317590/s wakes=4377527 wakerate=404/s workers=24 refused=0 mismatch=0 stalled=0 drifted=0 crossings=479319 remote=3129380 steals=2 deferred=0
soak-test: t=10948s beat=2168 rounds=3442869465 rate=317650/s wakes=4379547 wakerate=404/s workers=24 refused=0 mismatch=0 stalled=0 drifted=0 crossings=479521 remote=3130828 steals=2 deferred=0
soak-test: t=10953s beat=2169 rounds=3444457608 rate=317628/s wakes=4381567 wakerate=404/s workers=24 refused=0 mismatch=0 stalled=0 drifted=0 crossings=479748 remote=3132270 steals=2 deferred=0
soak-test: t=10958s beat=2170 rounds=3446044934 rate=317465/s wakes=4383587 wakerate=404/s workers=24 refused=0 mismatch=0 stalled=0 drifted=0 crossings=479980 remote=3133706 steals=2 deferred=0
soak-test: t=10963s beat=2171 rounds=3447632264 rate=317466/s wakes=4385607 wakerate=404/s workers=24 refused=0 mismatch=0 stalled=0 drifted=0 crossings=480241 remote=3135144 steals=2 deferred=0
soak-test: t=10968s beat=2172 rounds=3449220879 rate=317723/s wakes=4387627 wakerate=404/s workers=24 refused=0 mismatch=0 stalled=0 drifted=0 crossings=480445 remote=3136584 steals=2 deferred=0
soak-test: t=10973s beat=2173 rounds=3450808802 rate=317584/s wakes=4389647 wakerate=404/s workers=24 refused=0 mismatch=0 stalled=0 drifted=0 crossings=480650 remote=3138038 steals=2 deferred=0
soak-test: t=10978s beat=2174 rounds=3452396700 rate=317579/s wakes=4391667 wakerate=404/s workers=24 refused=0 mismatch=0 stalled=0 drifted=0 crossings=480874 remote=3139483 steals=2 deferred=0
soak-test: t=10983s beat=2175 rounds=3453984477 rate=317555/s wakes=4393687 wakerate=404/s workers=24 refused=0 mismatch=0 stalled=0 drifted=0 crossings=481106 remote=3140925 steals=2 deferred=0
soak-test: t=10988s beat=2176 rounds=3455572231 rate=317550/s wakes=4395707 wakerate=404/s workers=24 refused=0 mismatch=0 stalled=0 drifted=0 crossings=481353 remote=3142356 steals=2 deferred=0
soak-test: t=10993s beat=2177 rounds=3457159479 rate=317449/s wakes=4397727 wakerate=404/s workers=24 refused=0 mismatch=0 stalled=0 drifted=0 crossings=481587 remote=3143801 steals=2 deferred=0
soak-test: t=10998s beat=2178 rounds=3458748127 rate=317729/s wakes=4399747 wakerate=404/s workers=24 refused=0 mismatch=0 stalled=0 drifted=0 crossings=481796 remote=3145247 steals=2 deferred=0
soak-test: t=11003s beat=2179 rounds=3460335740 rate=317522/s wakes=4401767 wakerate=404/s workers=24 refused=0 mismatch=0 stalled=0 drifted=0 crossings=482016 remote=3146702 steals=2 deferred=0
soak-test: t=11009s beat=2180 rounds=3461924011 rate=317654/s wakes=4403787 wakerate=404/s workers=24 refused=0 mismatch=0 stalled=0 drifted=0 crossings=482248 remote=3148143 steals=2 deferred=0
soak-test: t=11014s beat=2181 rounds=3463511843 rate=317566/s wakes=4405807 wakerate=404/s workers=24 refused=0 mismatch=0 stalled=0 drifted=0 crossings=482493 remote=3149587 steals=2 deferred=0
soak-test: t=11019s beat=2182 rounds=3465099327 rate=317496/s wakes=4407827 wakerate=404/s workers=24 refused=0 mismatch=0 stalled=0 drifted=0 crossings=482719 remote=3151027 steals=2 deferred=0
soak-test: t=11024s beat=2183 rounds=3466686142 rate=317363/s wakes=4409847 wakerate=404/s workers=24 refused=0 mismatch=0 stalled=0 drifted=0 crossings=482946 remote=3152466 steals=2 deferred=0
soak-test: t=11029s beat=2184 rounds=3468273844 rate=317540/s wakes=4411867 wakerate=404/s workers=24 refused=0 mismatch=0 stalled=0 drifted=0 crossings=483132 remote=3153924 steals=2 deferred=0
soak-test: t=11034s beat=2185 rounds=3469861713 rate=317573/s wakes=4413887 wakerate=404/s workers=24 refused=0 mismatch=0 stalled=0 drifted=0 crossings=483404 remote=3155346 steals=2 deferred=0
soak-test: t=11039s beat=2186 rounds=3471449453 rate=317548/s wakes=4415907 wakerate=404/s workers=24 refused=0 mismatch=0 stalled=0 drifted=0 crossings=483636 remote=3156785 steals=2 deferred=0
soak-test: t=11044s beat=2187 rounds=3473037181 rate=317545/s wakes=4417927 wakerate=404/s workers=24 refused=0 mismatch=0 stalled=0 drifted=0 crossings=483837 remote=3158232 steals=2 deferred=0
soak-test: t=11049s beat=2188 rounds=3474625237 rate=317611/s wakes=4419947 wakerate=404/s workers=24 refused=0 mismatch=0 stalled=0 drifted=0 crossings=484041 remote=3159680 steals=2 deferred=0
soak-test: t=11054s beat=2189 rounds=3476212906 rate=317533/s wakes=4421967 wakerate=404/s workers=24 refused=0 mismatch=0 stalled=0 drifted=0 crossings=484259 remote=3161123 steals=2 deferred=0
soak-test: t=11059s beat=2190 rounds=3477800099 rate=317438/s wakes=4423987 wakerate=404/s workers=24 refused=0 mismatch=0 stalled=0 drifted=0 crossings=484491 remote=3162564 steals=2 deferred=0
soak-test: t=11064s beat=2191 rounds=3479387686 rate=317517/s wakes=4426007 wakerate=404/s workers=24 refused=0 mismatch=0 stalled=0 drifted=0 crossings=484722 remote=3164004 steals=2 deferred=0
soak-test: t=11069s beat=2192 rounds=3480976616 rate=317786/s wakes=4428027 wakerate=404/s workers=24 refused=0 mismatch=0 stalled=0 drifted=0 crossings=484966 remote=3165453 steals=2 deferred=0
soak-test: t=11074s beat=2193 rounds=3482564451 rate=317567/s wakes=4430047 wakerate=404/s workers=24 refused=0 mismatch=0 stalled=0 drifted=0 crossings=485189 remote=3166899 steals=2 deferred=0
soak-test: t=11079s beat=2194 rounds=3484151828 rate=317475/s wakes=4432067 wakerate=404/s workers=24 refused=0 mismatch=0 stalled=0 drifted=0 crossings=485398 remote=3168353 steals=2 deferred=0
soak-test: t=11084s beat=2195 rounds=3485739347 rate=317503/s wakes=4434087 wakerate=404/s workers=24 refused=0 mismatch=0 stalled=0 drifted=0 crossings=485632 remote=3169790 steals=2 deferred=0
soak-test: t=11089s beat=2196 rounds=3487327904 rate=317711/s wakes=4436107 wakerate=404/s workers=24 refused=0 mismatch=0 stalled=0 drifted=0 crossings=485857 remote=3171235 steals=2 deferred=0
soak-test: t=11094s beat=2197 rounds=3488916238 rate=317666/s wakes=4438127 wakerate=404/s workers=24 refused=0 mismatch=0 stalled=0 drifted=0 crossings=486078 remote=3172677 steals=2 deferred=0
soak-test: t=11099s beat=2198 rounds=3490504793 rate=317711/s wakes=4440147 wakerate=404/s workers=24 refused=0 mismatch=0 stalled=0 drifted=0 crossings=486296 remote=3174130 steals=2 deferred=0
soak-test: t=11104s beat=2199 rounds=3492092679 rate=317577/s wakes=4442167 wakerate=404/s workers=24 refused=0 mismatch=0 stalled=0 drifted=0 crossings=486507 remote=3175588 steals=2 deferred=0
soak-test: t=11110s beat=2200 rounds=3493681070 rate=317678/s wakes=4444187 wakerate=404/s workers=24 refused=0 mismatch=0 stalled=0 drifted=0 crossings=486733 remote=3177026 steals=2 deferred=0
soak-test: t=11115s beat=2201 rounds=3495268981 rate=317582/s wakes=4446207 wakerate=404/s workers=24 refused=0 mismatch=0 stalled=0 drifted=0 crossings=486971 remote=3178461 steals=2 deferred=0
soak-test: t=11120s beat=2202 rounds=3496856761 rate=317556/s wakes=4448227 wakerate=404/s workers=24 refused=0 mismatch=0 stalled=0 drifted=0 crossings=487178 remote=3179899 steals=2 deferred=0
soak-test: t=11125s beat=2203 rounds=3498445245 rate=317696/s wakes=4450247 wakerate=404/s workers=24 refused=0 mismatch=0 stalled=0 drifted=0 crossings=487432 remote=3181339 steals=2 deferred=0
soak-test: t=11130s beat=2204 rounds=3500033310 rate=317613/s wakes=4452267 wakerate=404/s workers=24 refused=0 mismatch=0 stalled=0 drifted=0 crossings=487620 remote=3182792 steals=2 deferred=0
soak-test: t=11135s beat=2205 rounds=3501620388 rate=317415/s wakes=4454287 wakerate=404/s workers=24 refused=0 mismatch=0 stalled=0 drifted=0 crossings=487831 remote=3184239 steals=2 deferred=0
soak-test: t=11140s beat=2206 rounds=3503208186 rate=317559/s wakes=4456307 wakerate=404/s workers=24 refused=0 mismatch=0 stalled=0 drifted=0 crossings=488066 remote=3185683 steals=2 deferred=0
soak-test: t=11145s beat=2207 rounds=3504796065 rate=317575/s wakes=4458327 wakerate=404/s workers=24 refused=0 mismatch=0 stalled=0 drifted=0 crossings=488283 remote=3187135 steals=2 deferred=0
soak-test: t=11150s beat=2208 rounds=3506383477 rate=317482/s wakes=4460347 wakerate=404/s workers=24 refused=0 mismatch=0 stalled=0 drifted=0 crossings=488503 remote=3188581 steals=2 deferred=0
soak-test: t=11155s beat=2209 rounds=3507971325 rate=317569/s wakes=4462367 wakerate=404/s workers=24 refused=0 mismatch=0 stalled=0 drifted=0 crossings=488743 remote=3190025 steals=2 deferred=0
soak-test: t=11160s beat=2210 rounds=3509558024 rate=317339/s wakes=4464387 wakerate=404/s workers=24 refused=0 mismatch=0 stalled=0 drifted=0 crossings=488944 remote=3191471 steals=2 deferred=0
soak-test: t=11165s beat=2211 rounds=3511145853 rate=317565/s wakes=4466407 wakerate=404/s workers=24 refused=0 mismatch=0 stalled=0 drifted=0 crossings=489153 remote=3192923 steals=2 deferred=0
soak-test: t=11170s beat=2212 rounds=3512733327 rate=317494/s wakes=4468427 wakerate=404/s workers=24 refused=0 mismatch=0 stalled=0 drifted=0 crossings=489382 remote=3194363 steals=2 deferred=0
soak-test: t=11175s beat=2213 rounds=3514320722 rate=317479/s wakes=4470447 wakerate=404/s workers=24 refused=0 mismatch=0 stalled=0 drifted=0 crossings=489582 remote=3195814 steals=2 deferred=0
soak-test: t=11180s beat=2214 rounds=3515908925 rate=317640/s wakes=4472467 wakerate=404/s workers=24 refused=0 mismatch=0 stalled=0 drifted=0 crossings=489805 remote=3197263 steals=2 deferred=0
soak-test: t=11185s beat=2215 rounds=3517496570 rate=317529/s wakes=4474487 wakerate=404/s workers=24 refused=0 mismatch=0 stalled=0 drifted=0 crossings=490058 remote=3198705 steals=2 deferred=0
soak-test: t=11190s beat=2216 rounds=3519084583 rate=317602/s wakes=4476507 wakerate=404/s workers=24 refused=0 mismatch=0 stalled=0 drifted=0 crossings=490258 remote=3200150 steals=2 deferred=0
soak-test: t=11195s beat=2217 rounds=3520672712 rate=317625/s wakes=4478527 wakerate=404/s workers=24 refused=0 mismatch=0 stalled=0 drifted=0 crossings=490455 remote=3201611 steals=2 deferred=0
soak-test: t=11200s beat=2218 rounds=3522260793 rate=317616/s wakes=4480547 wakerate=404/s workers=24 refused=0 mismatch=0 stalled=0 drifted=0 crossings=490672 remote=3203056 steals=2 deferred=0
soak-test: t=11205s beat=2219 rounds=3523848696 rate=317580/s wakes=4482567 wakerate=404/s workers=24 refused=0 mismatch=0 stalled=0 drifted=0 crossings=490884 remote=3204504 steals=2 deferred=0
soak-test: t=11211s beat=2220 rounds=3525436419 rate=317544/s wakes=4484587 wakerate=404/s workers=24 refused=0 mismatch=0 stalled=0 drifted=0 crossings=491122 remote=3205938 steals=2 deferred=0
soak-test: t=11216s beat=2221 rounds=3527025233 rate=317762/s wakes=4486607 wakerate=404/s workers=24 refused=0 mismatch=0 stalled=0 drifted=0 crossings=491341 remote=3207388 steals=2 deferred=0
soak-test: t=11221s beat=2222 rounds=3528613036 rate=317560/s wakes=4488627 wakerate=404/s workers=24 refused=0 mismatch=0 stalled=0 drifted=0 crossings=491551 remote=3208842 steals=2 deferred=0
soak-test: t=11226s beat=2223 rounds=3530201314 rate=317655/s wakes=4490647 wakerate=404/s workers=24 refused=0 mismatch=0 stalled=0 drifted=0 crossings=491796 remote=3210287 steals=2 deferred=0
soak-test: t=11231s beat=2224 rounds=3531788377 rate=317412/s wakes=4492667 wakerate=404/s workers=24 refused=0 mismatch=0 stalled=0 drifted=0 crossings=491994 remote=3211731 steals=2 deferred=0
soak-test: t=11236s beat=2225 rounds=3533376053 rate=317535/s wakes=4494687 wakerate=404/s workers=24 refused=0 mismatch=0 stalled=0 drifted=0 crossings=492198 remote=3213177 steals=2 deferred=0
soak-test: t=11241s beat=2226 rounds=3534963266 rate=317442/s wakes=4496707 wakerate=404/s workers=24 refused=0 mismatch=0 stalled=0 drifted=0 crossings=492372 remote=3214634 steals=2 deferred=0
soak-test: t=11246s beat=2227 rounds=3536551681 rate=317683/s wakes=4498727 wakerate=404/s workers=24 refused=0 mismatch=0 stalled=0 drifted=0 crossings=492584 remote=3216087 steals=2 deferred=0
soak-test: t=11251s beat=2228 rounds=3538140132 rate=317690/s wakes=4500747 wakerate=404/s workers=24 refused=0 mismatch=0 stalled=0 drifted=0 crossings=492800 remote=3217534 steals=2 deferred=0
soak-test: t=11256s beat=2229 rounds=3539728196 rate=317612/s wakes=4502767 wakerate=404/s workers=24 refused=0 mismatch=0 stalled=0 drifted=0 crossings=493038 remote=3218979 steals=2 deferred=0
soak-test: t=11261s beat=2230 rounds=3541315982 rate=317557/s wakes=4504787 wakerate=404/s workers=24 refused=0 mismatch=0 stalled=0 drifted=0 crossings=493238 remote=3220427 steals=2 deferred=0
soak-test: t=11266s beat=2231 rounds=3542903633 rate=317530/s wakes=4506807 wakerate=404/s workers=24 refused=0 mismatch=0 stalled=0 drifted=0 crossings=493454 remote=3221872 steals=2 deferred=0
soak-test: t=11271s beat=2232 rounds=3544491866 rate=317646/s wakes=4508827 wakerate=404/s workers=24 refused=0 mismatch=0 stalled=0 drifted=0 crossings=493645 remote=3223317 steals=2 deferred=0
soak-test: t=11276s beat=2233 rounds=3546080035 rate=317633/s wakes=4510847 wakerate=404/s workers=24 refused=0 mismatch=0 stalled=0 drifted=0 crossings=493854 remote=3224770 steals=2 deferred=0
soak-test: t=11281s beat=2234 rounds=3547667580 rate=317509/s wakes=4512867 wakerate=404/s workers=24 refused=0 mismatch=0 stalled=0 drifted=0 crossings=494069 remote=3226220 steals=2 deferred=0
soak-test: t=11286s beat=2235 rounds=3549255408 rate=317565/s wakes=4514887 wakerate=404/s workers=24 refused=0 mismatch=0 stalled=0 drifted=0 crossings=494281 remote=3227671 steals=2 deferred=0
soak-test: t=11291s beat=2236 rounds=3550843203 rate=317559/s wakes=4516907 wakerate=404/s workers=24 refused=0 mismatch=0 stalled=0 drifted=0 crossings=494488 remote=3229125 steals=2 deferred=0
soak-test: t=11296s beat=2237 rounds=3552431831 rate=317725/s wakes=4518927 wakerate=404/s workers=24 refused=0 mismatch=0 stalled=0 drifted=0 crossings=494715 remote=3230570 steals=2 deferred=0
soak-test: t=11301s beat=2238 rounds=3554019473 rate=317528/s wakes=4520947 wakerate=404/s workers=24 refused=0 mismatch=0 stalled=0 drifted=0 crossings=494936 remote=3232008 steals=2 deferred=0
soak-test: t=11306s beat=2239 rounds=3555607410 rate=317587/s wakes=4522967 wakerate=404/s workers=24 refused=0 mismatch=0 stalled=0 drifted=0 crossings=495163 remote=3233452 steals=2 deferred=0
soak-test: t=11312s beat=2240 rounds=3557195672 rate=317652/s wakes=4524987 wakerate=404/s workers=24 refused=0 mismatch=0 stalled=0 drifted=0 crossings=495405 remote=3234891 steals=2 deferred=0
soak-test: t=11317s beat=2241 rounds=3558783775 rate=317620/s wakes=4527007 wakerate=404/s workers=24 refused=0 mismatch=0 stalled=0 drifted=0 crossings=495663 remote=3236323 steals=2 deferred=0
soak-test: t=11322s beat=2242 rounds=3560371196 rate=317484/s wakes=4529027 wakerate=404/s workers=24 refused=0 mismatch=0 stalled=0 drifted=0 crossings=495870 remote=3237760 steals=2 deferred=0
soak-test: t=11327s beat=2243 rounds=3561959042 rate=317569/s wakes=4531047 wakerate=404/s workers=24 refused=0 mismatch=0 stalled=0 drifted=0 crossings=496095 remote=3239204 steals=2 deferred=0
soak-test: t=11332s beat=2244 rounds=3563546397 rate=317471/s wakes=4533067 wakerate=404/s workers=24 refused=0 mismatch=0 stalled=0 drifted=0 crossings=496341 remote=3240647 steals=2 deferred=0
soak-test: t=11337s beat=2245 rounds=3565135178 rate=317756/s wakes=4535087 wakerate=404/s workers=24 refused=0 mismatch=0 stalled=0 drifted=0 crossings=496572 remote=3242089 steals=2 deferred=0
soak-test: t=11342s beat=2246 rounds=3566721972 rate=317358/s wakes=4537107 wakerate=404/s workers=24 refused=0 mismatch=0 stalled=0 drifted=0 crossings=496781 remote=3243529 steals=2 deferred=0
soak-test: t=11347s beat=2247 rounds=3568309987 rate=317603/s wakes=4539127 wakerate=404/s workers=24 refused=0 mismatch=0 stalled=0 drifted=0 crossings=496991 remote=3244975 steals=2 deferred=0
soak-test: t=11352s beat=2248 rounds=3569897720 rate=317546/s wakes=4541147 wakerate=404/s workers=24 refused=0 mismatch=0 stalled=0 drifted=0 crossings=497210 remote=3246417 steals=2 deferred=0
soak-test: t=11357s beat=2249 rounds=3571486167 rate=317689/s wakes=4543167 wakerate=404/s workers=24 refused=0 mismatch=0 stalled=0 drifted=0 crossings=497450 remote=3247855 steals=2 deferred=0
soak-test: t=11362s beat=2250 rounds=3573073977 rate=317562/s wakes=4545187 wakerate=404/s workers=24 refused=0 mismatch=0 stalled=0 drifted=0 crossings=497681 remote=3249301 steals=2 deferred=0
soak-test: t=11367s beat=2251 rounds=3574661430 rate=317490/s wakes=4547207 wakerate=404/s workers=24 refused=0 mismatch=0 stalled=0 drifted=0 crossings=497920 remote=3250739 steals=2 deferred=0
soak-test: t=11372s beat=2252 rounds=3576249619 rate=317637/s wakes=4549227 wakerate=404/s workers=24 refused=0 mismatch=0 stalled=0 drifted=0 crossings=498137 remote=3252185 steals=2 deferred=0
soak-test: t=11377s beat=2253 rounds=3577838083 rate=317692/s wakes=4551247 wakerate=404/s workers=24 refused=0 mismatch=0 stalled=0 drifted=0 crossings=498340 remote=3253634 steals=2 deferred=0
soak-test: t=11382s beat=2254 rounds=3579425536 rate=317490/s wakes=4553267 wakerate=404/s workers=24 refused=0 mismatch=0 stalled=0 drifted=0 crossings=498566 remote=3255077 steals=2 deferred=0
soak-test: t=11387s beat=2255 rounds=3581013495 rate=317591/s wakes=4555287 wakerate=404/s workers=24 refused=0 mismatch=0 stalled=0 drifted=0 crossings=498818 remote=3256499 steals=2 deferred=0
soak-test: t=11392s beat=2256 rounds=3582601236 rate=317548/s wakes=4557307 wakerate=404/s workers=24 refused=0 mismatch=0 stalled=0 drifted=0 crossings=499017 remote=3257941 steals=2 deferred=0
soak-test: t=11397s beat=2257 rounds=3584189077 rate=317568/s wakes=4559327 wakerate=404/s workers=24 refused=0 mismatch=0 stalled=0 drifted=0 crossings=499252 remote=3259366 steals=2 deferred=0
soak-test: t=11402s beat=2258 rounds=3585777033 rate=317591/s wakes=4561347 wakerate=404/s workers=24 refused=0 mismatch=0 stalled=0 drifted=0 crossings=499484 remote=3260806 steals=2 deferred=0
soak-test: t=11407s beat=2259 rounds=3587364108 rate=317415/s wakes=4563367 wakerate=404/s workers=24 refused=0 mismatch=0 stalled=0 drifted=0 crossings=499737 remote=3262245 steals=2 deferred=0
soak-test: t=11413s beat=2260 rounds=3588952421 rate=317662/s wakes=4565387 wakerate=404/s workers=24 refused=0 mismatch=0 stalled=0 drifted=0 crossings=499969 remote=3263690 steals=2 deferred=0
soak-test: t=11418s beat=2261 rounds=3590539906 rate=317497/s wakes=4567407 wakerate=404/s workers=24 refused=0 mismatch=0 stalled=0 drifted=0 crossings=500164 remote=3265138 steals=2 deferred=0
soak-test: t=11423s beat=2262 rounds=3592127289 rate=317476/s wakes=4569427 wakerate=404/s workers=24 refused=0 mismatch=0 stalled=0 drifted=0 crossings=500375 remote=3266585 steals=2 deferred=0
soak-test: t=11428s beat=2263 rounds=3593715865 rate=317715/s wakes=4571447 wakerate=404/s workers=24 refused=0 mismatch=0 stalled=0 drifted=0 crossings=500626 remote=3268033 steals=2 deferred=0
soak-test: t=11433s beat=2264 rounds=3595303875 rate=317602/s wakes=4573467 wakerate=404/s workers=24 refused=0 mismatch=0 stalled=0 drifted=0 crossings=500841 remote=3269496 steals=2 deferred=0
soak-test: t=11438s beat=2265 rounds=3596891905 rate=317606/s wakes=4575487 wakerate=404/s workers=24 refused=0 mismatch=0 stalled=0 drifted=0 crossings=501062 remote=3270941 steals=2 deferred=0
soak-test: t=11443s beat=2266 rounds=3598480061 rate=317631/s wakes=4577507 wakerate=404/s workers=24 refused=0 mismatch=0 stalled=0 drifted=0 crossings=501289 remote=3272379 steals=2 deferred=0
soak-test: t=11448s beat=2267 rounds=3600067825 rate=317552/s wakes=4579527 wakerate=404/s workers=24 refused=0 mismatch=0 stalled=0 drifted=0 crossings=501507 remote=3273822 steals=2 deferred=0
soak-test: t=11453s beat=2268 rounds=3601655611 rate=317557/s wakes=4581547 wakerate=404/s workers=24 refused=0 mismatch=0 stalled=0 drifted=0 crossings=501748 remote=3275261 steals=2 deferred=0
soak-test: t=11458s beat=2269 rounds=3603243267 rate=317531/s wakes=4583567 wakerate=404/s workers=24 refused=0 mismatch=0 stalled=0 drifted=0 crossings=501967 remote=3276716 steals=2 deferred=0
soak-test: t=11463s beat=2270 rounds=3604831165 rate=317579/s wakes=4585587 wakerate=404/s workers=24 refused=0 mismatch=0 stalled=0 drifted=0 crossings=502196 remote=3278163 steals=2 deferred=0
soak-test: t=11468s beat=2271 rounds=3606418236 rate=317414/s wakes=4587607 wakerate=404/s workers=24 refused=0 mismatch=0 stalled=0 drifted=0 crossings=502439 remote=3279603 steals=2 deferred=0
soak-test: t=11473s beat=2272 rounds=3608006490 rate=317650/s wakes=4589627 wakerate=404/s workers=24 refused=0 mismatch=0 stalled=0 drifted=0 crossings=502679 remote=3281037 steals=2 deferred=0
soak-test: t=11478s beat=2273 rounds=3609594455 rate=317593/s wakes=4591647 wakerate=404/s workers=24 refused=0 mismatch=0 stalled=0 drifted=0 crossings=502873 remote=3282483 steals=2 deferred=0
soak-test: t=11483s beat=2274 rounds=3611182320 rate=317573/s wakes=4593667 wakerate=404/s workers=24 refused=0 mismatch=0 stalled=0 drifted=0 crossings=503116 remote=3283928 steals=2 deferred=0
soak-test: t=11488s beat=2275 rounds=3612769754 rate=317486/s wakes=4595687 wakerate=404/s workers=24 refused=0 mismatch=0 stalled=0 drifted=0 crossings=503305 remote=3285376 steals=2 deferred=0
soak-test: t=11493s beat=2276 rounds=3614357750 rate=317599/s wakes=4597707 wakerate=404/s workers=24 refused=0 mismatch=0 stalled=0 drifted=0 crossings=503524 remote=3286831 steals=2 deferred=0
soak-test: t=11498s beat=2277 rounds=3615945386 rate=317527/s wakes=4599727 wakerate=404/s workers=24 refused=0 mismatch=0 stalled=0 drifted=0 crossings=503791 remote=3288255 steals=2 deferred=0
soak-test: t=11503s beat=2278 rounds=3617534631 rate=317849/s wakes=4601747 wakerate=404/s workers=24 refused=0 mismatch=0 stalled=0 drifted=0 crossings=504013 remote=3289709 steals=2 deferred=0
soak-test: t=11508s beat=2279 rounds=3619122813 rate=317636/s wakes=4603767 wakerate=404/s workers=24 refused=0 mismatch=0 stalled=0 drifted=0 crossings=504235 remote=3291152 steals=2 deferred=0
soak-test: t=11514s beat=2280 rounds=3620710445 rate=317526/s wakes=4605787 wakerate=404/s workers=24 refused=0 mismatch=0 stalled=0 drifted=0 crossings=504461 remote=3292597 steals=2 deferred=0
soak-test: t=11519s beat=2281 rounds=3622297368 rate=317384/s wakes=4607807 wakerate=404/s workers=24 refused=0 mismatch=0 stalled=0 drifted=0 crossings=504677 remote=3294047 steals=2 deferred=0
soak-test: t=11524s beat=2282 rounds=3623884587 rate=317443/s wakes=4609827 wakerate=404/s workers=24 refused=0 mismatch=0 stalled=0 drifted=0 crossings=504929 remote=3295479 steals=2 deferred=0
soak-test: t=11529s beat=2283 rounds=3625472320 rate=317546/s wakes=4611847 wakerate=404/s workers=24 refused=0 mismatch=0 stalled=0 drifted=0 crossings=505159 remote=3296921 steals=2 deferred=0
soak-test: t=11534s beat=2284 rounds=3627060242 rate=317584/s wakes=4613867 wakerate=404/s workers=24 refused=0 mismatch=0 stalled=0 drifted=0 crossings=505377 remote=3298365 steals=2 deferred=0
soak-test: t=11539s beat=2285 rounds=3628648457 rate=317643/s wakes=4615887 wakerate=404/s workers=24 refused=0 mismatch=0 stalled=0 drifted=0 crossings=505619 remote=3299806 steals=2 deferred=0
soak-test: t=11544s beat=2286 rounds=3630235994 rate=317507/s wakes=4617907 wakerate=404/s workers=24 refused=0 mismatch=0 stalled=0 drifted=0 crossings=505864 remote=3301245 steals=2 deferred=0
soak-test: t=11549s beat=2287 rounds=3631823311 rate=317463/s wakes=4619927 wakerate=404/s workers=24 refused=0 mismatch=0 stalled=0 drifted=0 crossings=506085 remote=3302690 steals=2 deferred=0
soak-test: t=11554s beat=2288 rounds=3633411000 rate=317537/s wakes=4621947 wakerate=404/s workers=24 refused=0 mismatch=0 stalled=0 drifted=0 crossings=506308 remote=3304139 steals=2 deferred=0
soak-test: t=11559s beat=2289 rounds=3634998482 rate=317496/s wakes=4623967 wakerate=404/s workers=24 refused=0 mismatch=0 stalled=0 drifted=0 crossings=506511 remote=3305591 steals=2 deferred=0
soak-test: t=11564s beat=2290 rounds=3636585243 rate=317352/s wakes=4625987 wakerate=404/s workers=24 refused=0 mismatch=0 stalled=0 drifted=0 crossings=506757 remote=3307025 steals=2 deferred=0
soak-test: t=11569s beat=2291 rounds=3638173328 rate=317617/s wakes=4628007 wakerate=404/s workers=24 refused=0 mismatch=0 stalled=0 drifted=0 crossings=506987 remote=3308464 steals=2 deferred=0
soak-test: t=11574s beat=2292 rounds=3639761019 rate=317538/s wakes=4630027 wakerate=404/s workers=24 refused=0 mismatch=0 stalled=0 drifted=0 crossings=507192 remote=3309920 steals=2 deferred=0
soak-test: t=11579s beat=2293 rounds=3641348352 rate=317466/s wakes=4632047 wakerate=404/s workers=24 refused=0 mismatch=0 stalled=0 drifted=0 crossings=507393 remote=3311362 steals=2 deferred=0
soak-test: t=11584s beat=2294 rounds=3642935522 rate=317434/s wakes=4634067 wakerate=404/s workers=24 refused=0 mismatch=0 stalled=0 drifted=0 crossings=507612 remote=3312819 steals=2 deferred=0
soak-test: t=11589s beat=2295 rounds=3644523307 rate=317557/s wakes=4636087 wakerate=404/s workers=24 refused=0 mismatch=0 stalled=0 drifted=0 crossings=507832 remote=3314258 steals=2 deferred=0
soak-test: t=11594s beat=2296 rounds=3646111505 rate=317639/s wakes=4638107 wakerate=404/s workers=24 refused=0 mismatch=0 stalled=0 drifted=0 crossings=508033 remote=3315713 steals=2 deferred=0
soak-test: t=11599s beat=2297 rounds=3647699720 rate=317643/s wakes=4640127 wakerate=404/s workers=24 refused=0 mismatch=0 stalled=0 drifted=0 crossings=508263 remote=3317147 steals=2 deferred=0
soak-test: t=11604s beat=2298 rounds=3649287436 rate=317543/s wakes=4642147 wakerate=404/s workers=24 refused=0 mismatch=0 stalled=0 drifted=0 crossings=508488 remote=3318586 steals=2 deferred=0
soak-test: t=11609s beat=2299 rounds=3650874723 rate=317457/s wakes=4644167 wakerate=404/s workers=24 refused=0 mismatch=0 stalled=0 drifted=0 crossings=508710 remote=3320026 steals=2 deferred=0
soak-test: t=11615s beat=2300 rounds=3652462809 rate=317617/s wakes=4646187 wakerate=404/s workers=24 refused=0 mismatch=0 stalled=0 drifted=0 crossings=508925 remote=3321473 steals=2 deferred=0
soak-test: t=11620s beat=2301 rounds=3654051178 rate=317673/s wakes=4648207 wakerate=404/s workers=24 refused=0 mismatch=0 stalled=0 drifted=0 crossings=509155 remote=3322910 steals=2 deferred=0
soak-test: t=11625s beat=2302 rounds=3655639550 rate=317674/s wakes=4650227 wakerate=404/s workers=24 refused=0 mismatch=0 stalled=0 drifted=0 crossings=509392 remote=3324352 steals=2 deferred=0
soak-test: t=11630s beat=2303 rounds=3657226952 rate=317480/s wakes=4652247 wakerate=404/s workers=24 refused=0 mismatch=0 stalled=0 drifted=0 crossings=509586 remote=3325800 steals=2 deferred=0
soak-test: t=11635s beat=2304 rounds=3658815638 rate=317737/s wakes=4654267 wakerate=404/s workers=24 refused=0 mismatch=0 stalled=0 drifted=0 crossings=509791 remote=3327244 steals=2 deferred=0
soak-test: t=11640s beat=2305 rounds=3660402922 rate=317456/s wakes=4656287 wakerate=404/s workers=24 refused=0 mismatch=0 stalled=0 drifted=0 crossings=510030 remote=3328685 steals=2 deferred=0
soak-test: t=11645s beat=2306 rounds=3661990149 rate=317445/s wakes=4658307 wakerate=404/s workers=24 refused=0 mismatch=0 stalled=0 drifted=0 crossings=510229 remote=3330132 steals=2 deferred=0
soak-test: t=11650s beat=2307 rounds=3663577935 rate=317557/s wakes=4660327 wakerate=404/s workers=24 refused=0 mismatch=0 stalled=0 drifted=0 crossings=510420 remote=3331589 steals=2 deferred=0
soak-test: t=11655s beat=2308 rounds=3665166108 rate=317634/s wakes=4662347 wakerate=404/s workers=24 refused=0 mismatch=0 stalled=0 drifted=0 crossings=510651 remote=3333031 steals=2 deferred=0
soak-test: t=11660s beat=2309 rounds=3666754631 rate=317704/s wakes=4664367 wakerate=404/s workers=24 refused=0 mismatch=0 stalled=0 drifted=0 crossings=510867 remote=3334478 steals=2 deferred=0
soak-test: t=11665s beat=2310 rounds=3668342395 rate=317552/s wakes=4666387 wakerate=404/s workers=24 refused=0 mismatch=0 stalled=0 drifted=0 crossings=511091 remote=3335921 steals=2 deferred=0
soak-test: t=11670s beat=2311 rounds=3669929644 rate=317449/s wakes=4668407 wakerate=404/s workers=24 refused=0 mismatch=0 stalled=0 drifted=0 crossings=511322 remote=3337370 steals=2 deferred=0
soak-test: t=11675s beat=2312 rounds=3671517596 rate=317590/s wakes=4670427 wakerate=404/s workers=24 refused=0 mismatch=0 stalled=0 drifted=0 crossings=511567 remote=3338803 steals=2 deferred=0
soak-test: t=11680s beat=2313 rounds=3673105298 rate=317540/s wakes=4672447 wakerate=404/s workers=24 refused=0 mismatch=0 stalled=0 drifted=0 crossings=511770 remote=3340250 steals=2 deferred=0
soak-test: t=11685s beat=2314 rounds=3674693342 rate=317608/s wakes=4674467 wakerate=404/s workers=24 refused=0 mismatch=0 stalled=0 drifted=0 crossings=511975 remote=3341710 steals=2 deferred=0
soak-test: t=11690s beat=2315 rounds=3676281286 rate=317588/s wakes=4676487 wakerate=404/s workers=24 refused=0 mismatch=0 stalled=0 drifted=0 crossings=512176 remote=3343152 steals=2 deferred=0
soak-test: t=11695s beat=2316 rounds=3677870169 rate=317776/s wakes=4678507 wakerate=404/s workers=24 refused=0 mismatch=0 stalled=0 drifted=0 crossings=512409 remote=3344593 steals=2 deferred=0
soak-test: t=11700s beat=2317 rounds=3679459109 rate=317788/s wakes=4680527 wakerate=404/s workers=24 refused=0 mismatch=0 stalled=0 drifted=0 crossings=512646 remote=3346034 steals=2 deferred=0
soak-test: t=11705s beat=2318 rounds=3681047211 rate=317620/s wakes=4682547 wakerate=404/s workers=24 refused=0 mismatch=0 stalled=0 drifted=0 crossings=512886 remote=3347456 steals=2 deferred=0
soak-test: t=11710s beat=2319 rounds=3682635557 rate=317669/s wakes=4684567 wakerate=404/s workers=24 refused=0 mismatch=0 stalled=0 drifted=0 crossings=513109 remote=3348904 steals=2 deferred=0
soak-test: t=11716s beat=2320 rounds=3684224169 rate=317722/s wakes=4686587 wakerate=404/s workers=24 refused=0 mismatch=0 stalled=0 drifted=0 crossings=513316 remote=3350352 steals=2 deferred=0
soak-test: t=11721s beat=2321 rounds=3685812285 rate=317623/s wakes=4688607 wakerate=404/s workers=24 refused=0 mismatch=0 stalled=0 drifted=0 crossings=513529 remote=3351792 steals=2 deferred=0
soak-test: t=11726s beat=2322 rounds=3687400219 rate=317586/s wakes=4690627 wakerate=404/s workers=24 refused=0 mismatch=0 stalled=0 drifted=0 crossings=513767 remote=3353235 steals=2 deferred=0
soak-test: t=11731s beat=2323 rounds=3688988625 rate=317681/s wakes=4692647 wakerate=404/s workers=24 refused=0 mismatch=0 stalled=0 drifted=0 crossings=513976 remote=3354680 steals=2 deferred=0
soak-test: t=11736s beat=2324 rounds=3690575919 rate=317458/s wakes=4694667 wakerate=404/s workers=24 refused=0 mismatch=0 stalled=0 drifted=0 crossings=514222 remote=3356111 steals=2 deferred=0
soak-test: t=11741s beat=2325 rounds=3692164156 rate=317647/s wakes=4696687 wakerate=404/s workers=24 refused=0 mismatch=0 stalled=0 drifted=0 crossings=514399 remote=3357572 steals=2 deferred=0
soak-test: t=11746s beat=2326 rounds=3693751759 rate=317520/s wakes=4698707 wakerate=404/s workers=24 refused=0 mismatch=0 stalled=0 drifted=0 crossings=514649 remote=3359009 steals=2 deferred=0
soak-test: t=11751s beat=2327 rounds=3695339731 rate=317594/s wakes=4700727 wakerate=404/s workers=24 refused=0 mismatch=0 stalled=0 drifted=0 crossings=514866 remote=3360449 steals=2 deferred=0
soak-test: t=11756s beat=2328 rounds=3696927546 rate=317563/s wakes=4702747 wakerate=404/s workers=24 refused=0 mismatch=0 stalled=0 drifted=0 crossings=515072 remote=3361899 steals=2 deferred=0
soak-test: t=11761s beat=2329 rounds=3698515285 rate=317547/s wakes=4704767 wakerate=404/s workers=24 refused=0 mismatch=0 stalled=0 drifted=0 crossings=515270 remote=3363350 steals=2 deferred=0
soak-test: t=11766s beat=2330 rounds=3700103188 rate=317580/s wakes=4706787 wakerate=404/s workers=24 refused=0 mismatch=0 stalled=0 drifted=0 crossings=515498 remote=3364791 steals=2 deferred=0
soak-test: t=11771s beat=2331 rounds=3701691140 rate=317590/s wakes=4708807 wakerate=404/s workers=24 refused=0 mismatch=0 stalled=0 drifted=0 crossings=515693 remote=3366239 steals=2 deferred=0
soak-test: t=11776s beat=2332 rounds=3703278975 rate=317567/s wakes=4710827 wakerate=404/s workers=24 refused=0 mismatch=0 stalled=0 drifted=0 crossings=515926 remote=3367696 steals=2 deferred=0
soak-test: t=11781s beat=2333 rounds=3704867089 rate=317622/s wakes=4712847 wakerate=404/s workers=24 refused=0 mismatch=0 stalled=0 drifted=0 crossings=516144 remote=3369145 steals=2 deferred=0
soak-test: t=11786s beat=2334 rounds=3706454230 rate=317428/s wakes=4714867 wakerate=404/s workers=24 refused=0 mismatch=0 stalled=0 drifted=0 crossings=516377 remote=3370571 steals=2 deferred=0
soak-test: t=11791s beat=2335 rounds=3708042398 rate=317633/s wakes=4716887 wakerate=404/s workers=24 refused=0 mismatch=0 stalled=0 drifted=0 crossings=516634 remote=3371992 steals=2 deferred=0
soak-test: t=11796s beat=2336 rounds=3709629773 rate=317475/s wakes=4718907 wakerate=404/s workers=24 refused=0 mismatch=0 stalled=0 drifted=0 crossings=516864 remote=3373439 steals=2 deferred=0
soak-test: t=11801s beat=2337 rounds=3711217443 rate=317534/s wakes=4720927 wakerate=404/s workers=24 refused=0 mismatch=0 stalled=0 drifted=0 crossings=517080 remote=3374890 steals=2 deferred=0
soak-test: t=11806s beat=2338 rounds=3712805384 rate=317588/s wakes=4722947 wakerate=404/s workers=24 refused=0 mismatch=0 stalled=0 drifted=0 crossings=517300 remote=3376341 steals=2 deferred=0
soak-test: t=11811s beat=2339 rounds=3714393311 rate=317585/s wakes=4724967 wakerate=404/s workers=24 refused=0 mismatch=0 stalled=0 drifted=0 crossings=517527 remote=3377788 steals=2 deferred=0
soak-test: t=11817s beat=2340 rounds=3715981462 rate=317630/s wakes=4726988 wakerate=404/s workers=24 refused=0 mismatch=0 stalled=0 drifted=0 crossings=517744 remote=3379237 steals=2 deferred=0
soak-test: t=11822s beat=2341 rounds=3717570150 rate=317737/s wakes=4729007 wakerate=403/s workers=24 refused=0 mismatch=0 stalled=0 drifted=0 crossings=517969 remote=3380688 steals=2 deferred=0
soak-test: t=11827s beat=2342 rounds=3719157775 rate=317525/s wakes=4731027 wakerate=404/s workers=24 refused=0 mismatch=0 stalled=0 drifted=0 crossings=518164 remote=3382135 steals=2 deferred=0
soak-test: t=11832s beat=2343 rounds=3720746049 rate=317654/s wakes=4733047 wakerate=404/s workers=24 refused=0 mismatch=0 stalled=0 drifted=0 crossings=518379 remote=3383579 steals=2 deferred=0
soak-test: t=11837s beat=2344 rounds=3722334137 rate=317617/s wakes=4735067 wakerate=404/s workers=24 refused=0 mismatch=0 stalled=0 drifted=0 crossings=518621 remote=3385016 steals=2 deferred=0
soak-test: t=11842s beat=2345 rounds=3723921994 rate=317571/s wakes=4737087 wakerate=404/s workers=24 refused=0 mismatch=0 stalled=0 drifted=0 crossings=518824 remote=3386465 steals=2 deferred=0
soak-test: t=11847s beat=2346 rounds=3725510176 rate=317636/s wakes=4739107 wakerate=404/s workers=24 refused=0 mismatch=0 stalled=0 drifted=0 crossings=519025 remote=3387912 steals=2 deferred=0
soak-test: t=11852s beat=2347 rounds=3727098443 rate=317653/s wakes=4741127 wakerate=404/s workers=24 refused=0 mismatch=0 stalled=0 drifted=0 crossings=519223 remote=3389351 steals=2 deferred=0
soak-test: t=11857s beat=2348 rounds=3728686078 rate=317527/s wakes=4743147 wakerate=404/s workers=24 refused=0 mismatch=0 stalled=0 drifted=0 crossings=519435 remote=3390802 steals=2 deferred=0
soak-test: t=11862s beat=2349 rounds=3730274028 rate=317590/s wakes=4745167 wakerate=404/s workers=24 refused=0 mismatch=0 stalled=0 drifted=0 crossings=519686 remote=3392238 steals=2 deferred=0
soak-test: t=11867s beat=2350 rounds=3731862170 rate=317628/s wakes=4747187 wakerate=404/s workers=24 refused=0 mismatch=0 stalled=0 drifted=0 crossings=519891 remote=3393687 steals=2 deferred=0
soak-test: t=11872s beat=2351 rounds=3733449896 rate=317545/s wakes=4749207 wakerate=404/s workers=24 refused=0 mismatch=0 stalled=0 drifted=0 crossings=520111 remote=3395129 steals=2 deferred=0
soak-test: t=11877s beat=2352 rounds=3735037316 rate=317484/s wakes=4751227 wakerate=404/s workers=24 refused=0 mismatch=0 stalled=0 drifted=0 crossings=520346 remote=3396567 steals=2 deferred=0
soak-test: t=11882s beat=2353 rounds=3736625278 rate=317592/s wakes=4753247 wakerate=404/s workers=24 refused=0 mismatch=0 stalled=0 drifted=0 crossings=520567 remote=3398001 steals=2 deferred=0
soak-test: t=11887s beat=2354 rounds=3738213093 rate=317563/s wakes=4755267 wakerate=404/s workers=24 refused=0 mismatch=0 stalled=0 drifted=0 crossings=520797 remote=3399442 steals=2 deferred=0
soak-test: t=11892s beat=2355 rounds=3739800826 rate=317546/s wakes=4757287 wakerate=404/s workers=24 refused=0 mismatch=0 stalled=0 drifted=0 crossings=521011 remote=3400895 steals=2 deferred=0
soak-test: t=11897s beat=2356 rounds=3741389012 rate=317637/s wakes=4759307 wakerate=404/s workers=24 refused=0 mismatch=0 stalled=0 drifted=0 crossings=521222 remote=3402355 steals=2 deferred=0
soak-test: t=11902s beat=2357 rounds=3742976532 rate=317504/s wakes=4761327 wakerate=404/s workers=24 refused=0 mismatch=0 stalled=0 drifted=0 crossings=521478 remote=3403800 steals=2 deferred=0
soak-test: t=11907s beat=2358 rounds=3744564258 rate=317545/s wakes=4763347 wakerate=404/s workers=24 refused=0 mismatch=0 stalled=0 drifted=0 crossings=521732 remote=3405240 steals=2 deferred=0
soak-test: t=11912s beat=2359 rounds=3746151769 rate=317502/s wakes=4765367 wakerate=404/s workers=24 refused=0 mismatch=0 stalled=0 drifted=0 crossings=521967 remote=3406682 steals=2 deferred=0
soak-test: t=11918s beat=2360 rounds=3747740145 rate=317675/s wakes=4767387 wakerate=404/s workers=24 refused=0 mismatch=0 stalled=0 drifted=0 crossings=522200 remote=3408121 steals=2 deferred=0
soak-test: t=11923s beat=2361 rounds=3749327727 rate=317516/s wakes=4769407 wakerate=404/s workers=24 refused=0 mismatch=0 stalled=0 drifted=0 crossings=522434 remote=3409563 steals=2 deferred=0
soak-test: t=11928s beat=2362 rounds=3750915908 rate=317636/s wakes=4771427 wakerate=404/s workers=24 refused=0 mismatch=0 stalled=0 drifted=0 crossings=522643 remote=3410998 steals=2 deferred=0
soak-test: t=11933s beat=2363 rounds=3752503833 rate=317585/s wakes=4773447 wakerate=404/s workers=24 refused=0 mismatch=0 stalled=0 drifted=0 crossings=522883 remote=3412437 steals=2 deferred=0
soak-test: t=11938s beat=2364 rounds=3754091398 rate=317513/s wakes=4775467 wakerate=404/s workers=24 refused=0 mismatch=0 stalled=0 drifted=0 crossings=523096 remote=3413877 steals=2 deferred=0
soak-test: t=11943s beat=2365 rounds=3755679052 rate=317530/s wakes=4777487 wakerate=404/s workers=24 refused=0 mismatch=0 stalled=0 drifted=0 crossings=523288 remote=3415335 steals=2 deferred=0
soak-test: t=11948s beat=2366 rounds=3757266141 rate=317417/s wakes=4779507 wakerate=404/s workers=24 refused=0 mismatch=0 stalled=0 drifted=0 crossings=523499 remote=3416778 steals=2 deferred=0
soak-test: t=11953s beat=2367 rounds=3758853698 rate=317511/s wakes=4781527 wakerate=404/s workers=24 refused=0 mismatch=0 stalled=0 drifted=0 crossings=523699 remote=3418228 steals=2 deferred=0
soak-test: t=11958s beat=2368 rounds=3760441858 rate=317632/s wakes=4783547 wakerate=404/s workers=24 refused=0 mismatch=0 stalled=0 drifted=0 crossings=523925 remote=3419663 steals=2 deferred=0
soak-test: t=11963s beat=2369 rounds=3762029488 rate=317526/s wakes=4785567 wakerate=404/s workers=24 refused=0 mismatch=0 stalled=0 drifted=0 crossings=524156 remote=3421105 steals=2 deferred=0
soak-test: t=11968s beat=2370 rounds=3763618010 rate=317704/s wakes=4787587 wakerate=404/s workers=24 refused=0 mismatch=0 stalled=0 drifted=0 crossings=524396 remote=3422544 steals=2 deferred=0
soak-test: t=11973s beat=2371 rounds=3765205812 rate=317560/s wakes=4789607 wakerate=404/s workers=24 refused=0 mismatch=0 stalled=0 drifted=0 crossings=524583 remote=3424003 steals=2 deferred=0
soak-test: t=11978s beat=2372 rounds=3766793333 rate=317504/s wakes=4791627 wakerate=404/s workers=24 refused=0 mismatch=0 stalled=0 drifted=0 crossings=524779 remote=3425456 steals=2 deferred=0
soak-test: t=11983s beat=2373 rounds=3768380991 rate=317531/s wakes=4793647 wakerate=404/s workers=24 refused=0 mismatch=0 stalled=0 drifted=0 crossings=525018 remote=3426890 steals=2 deferred=0
soak-test: t=11988s beat=2374 rounds=3769968582 rate=317518/s wakes=4795667 wakerate=404/s workers=24 refused=0 mismatch=0 stalled=0 drifted=0 crossings=525279 remote=3428320 steals=2 deferred=0
soak-test: t=11993s beat=2375 rounds=3771555984 rate=317480/s wakes=4797687 wakerate=404/s workers=24 refused=0 mismatch=0 stalled=0 drifted=0 crossings=525479 remote=3429767 steals=2 deferred=0
soak-test: t=11998s beat=2376 rounds=3773143702 rate=317543/s wakes=4799707 wakerate=404/s workers=24 refused=0 mismatch=0 stalled=0 drifted=0 crossings=525713 remote=3431216 steals=2 deferred=0
soak-test: t=12003s beat=2377 rounds=3774730881 rate=317435/s wakes=4801727 wakerate=404/s workers=24 refused=0 mismatch=0 stalled=0 drifted=0 crossings=525939 remote=3432659 steals=2 deferred=0
soak-test: t=12008s beat=2378 rounds=3776318681 rate=317560/s wakes=4803747 wakerate=404/s workers=24 refused=0 mismatch=0 stalled=0 drifted=0 crossings=526158 remote=3434101 steals=2 deferred=0
soak-test: t=12013s beat=2379 rounds=3777906547 rate=317573/s wakes=4805767 wakerate=404/s workers=24 refused=0 mismatch=0 stalled=0 drifted=0 crossings=526363 remote=3435538 steals=2 deferred=0
soak-test: t=12019s beat=2380 rounds=3779494040 rate=317498/s wakes=4807787 wakerate=404/s workers=24 refused=0 mismatch=0 stalled=0 drifted=0 crossings=526550 remote=3436990 steals=2 deferred=0
soak-test: t=12024s beat=2381 rounds=3781081551 rate=317502/s wakes=4809807 wakerate=404/s workers=24 refused=0 mismatch=0 stalled=0 drifted=0 crossings=526770 remote=3438428 steals=2 deferred=0
soak-test: t=12029s beat=2382 rounds=3782669701 rate=317630/s wakes=4811827 wakerate=404/s workers=24 refused=0 mismatch=0 stalled=0 drifted=0 crossings=526990 remote=3439868 steals=2 deferred=0
soak-test: t=12034s beat=2383 rounds=3784258054 rate=317670/s wakes=4813847 wakerate=404/s workers=24 refused=0 mismatch=0 stalled=0 drifted=0 crossings=527217 remote=3441315 steals=2 deferred=0
soak-test: t=12039s beat=2384 rounds=3785845599 rate=317509/s wakes=4815867 wakerate=404/s workers=24 refused=0 mismatch=0 stalled=0 drifted=0 crossings=527448 remote=3442747 steals=2 deferred=0
soak-test: t=12044s beat=2385 rounds=3787433703 rate=317620/s wakes=4817887 wakerate=404/s workers=24 refused=0 mismatch=0 stalled=0 drifted=0 crossings=527663 remote=3444192 steals=2 deferred=0
soak-test: t=12049s beat=2386 rounds=3789021970 rate=317653/s wakes=4819907 wakerate=404/s workers=24 refused=0 mismatch=0 stalled=0 drifted=0 crossings=527904 remote=3445616 steals=2 deferred=0
soak-test: t=12054s beat=2387 rounds=3790609949 rate=317595/s wakes=4821927 wakerate=404/s workers=24 refused=0 mismatch=0 stalled=0 drifted=0 crossings=528130 remote=3447053 steals=2 deferred=0
soak-test: t=12059s beat=2388 rounds=3792198321 rate=317674/s wakes=4823947 wakerate=404/s workers=24 refused=0 mismatch=0 stalled=0 drifted=0 crossings=528341 remote=3448500 steals=2 deferred=0
soak-test: t=12064s beat=2389 rounds=3793786682 rate=317672/s wakes=4825967 wakerate=404/s workers=24 refused=0 mismatch=0 stalled=0 drifted=0 crossings=528528 remote=3449959 steals=2 deferred=0
soak-test: t=12069s beat=2390 rounds=3795374866 rate=317636/s wakes=4827987 wakerate=404/s workers=24 refused=0 mismatch=0 stalled=0 drifted=0 crossings=528720 remote=3451413 steals=2 deferred=0
soak-test: t=12074s beat=2391 rounds=3796962435 rate=317513/s wakes=4830007 wakerate=404/s workers=24 refused=0 mismatch=0 stalled=0 drifted=0 crossings=528955 remote=3452859 steals=2 deferred=0
soak-test: t=12079s beat=2392 rounds=3798549537 rate=317420/s wakes=4832027 wakerate=404/s workers=24 refused=0 mismatch=0 stalled=0 drifted=0 crossings=529198 remote=3454293 steals=2 deferred=0
soak-test: t=12084s beat=2393 rounds=3800136947 rate=317482/s wakes=4834047 wakerate=404/s workers=24 refused=0 mismatch=0 stalled=0 drifted=0 crossings=529427 remote=3455742 steals=2 deferred=0
soak-test: t=12089s beat=2394 rounds=3801724695 rate=317549/s wakes=4836067 wakerate=404/s workers=24 refused=0 mismatch=0 stalled=0 drifted=0 crossings=529671 remote=3457183 steals=2 deferred=0
soak-test: t=12094s beat=2395 rounds=3803312067 rate=317474/s wakes=4838087 wakerate=404/s workers=24 refused=0 mismatch=0 stalled=0 drifted=0 crossings=529904 remote=3458617 steals=2 deferred=0
soak-test: t=12099s beat=2396 rounds=3804900668 rate=317720/s wakes=4840107 wakerate=404/s workers=24 refused=0 mismatch=0 stalled=0 drifted=0 crossings=530143 remote=3460060 steals=2 deferred=0
soak-test: t=12104s beat=2397 rounds=3806488215 rate=317509/s wakes=4842127 wakerate=404/s workers=24 refused=0 mismatch=0 stalled=0 drifted=0 crossings=530354 remote=3461509 steals=2 deferred=0
soak-test: t=12109s beat=2398 rounds=3808076403 rate=317637/s wakes=4844147 wakerate=404/s workers=24 refused=0 mismatch=0 stalled=0 drifted=0 crossings=530558 remote=3462961 steals=2 deferred=0
soak-test: t=12114s beat=2399 rounds=3809664920 rate=317703/s wakes=4846167 wakerate=404/s workers=24 refused=0 mismatch=0 stalled=0 drifted=0 crossings=530772 remote=3464412 steals=2 deferred=0
soak-test: t=12120s beat=2400 rounds=3811252408 rate=317497/s wakes=4848187 wakerate=404/s workers=24 refused=0 mismatch=0 stalled=0 drifted=0 crossings=530996 remote=3465857 steals=2 deferred=0
soak-test: t=12125s beat=2401 rounds=3812840239 rate=317566/s wakes=4850207 wakerate=404/s workers=24 refused=0 mismatch=0 stalled=0 drifted=0 crossings=531217 remote=3467299 steals=2 deferred=0
soak-test: t=12130s beat=2402 rounds=3814428048 rate=317561/s wakes=4852227 wakerate=404/s workers=24 refused=0 mismatch=0 stalled=0 drifted=0 crossings=531453 remote=3468737 steals=2 deferred=0
soak-test: t=12135s beat=2403 rounds=3816015685 rate=317527/s wakes=4854247 wakerate=404/s workers=24 refused=0 mismatch=0 stalled=0 drifted=0 crossings=531649 remote=3470181 steals=2 deferred=0
soak-test: t=12140s beat=2404 rounds=3817604285 rate=317720/s wakes=4856267 wakerate=404/s workers=24 refused=0 mismatch=0 stalled=0 drifted=0 crossings=531871 remote=3471635 steals=2 deferred=0
soak-test: t=12145s beat=2405 rounds=3819191478 rate=317438/s wakes=4858287 wakerate=404/s workers=24 refused=0 mismatch=0 stalled=0 drifted=0 crossings=532081 remote=3473074 steals=2 deferred=0
soak-test: t=12150s beat=2406 rounds=3820778568 rate=317418/s wakes=4860307 wakerate=404/s workers=24 refused=0 mismatch=0 stalled=0 drifted=0 crossings=532295 remote=3474524 steals=2 deferred=0
soak-test: t=12155s beat=2407 rounds=3822366636 rate=317613/s wakes=4862327 wakerate=404/s workers=24 refused=0 mismatch=0 stalled=0 drifted=0 crossings=532538 remote=3475965 steals=2 deferred=0
soak-test: t=12160s beat=2408 rounds=3823954085 rate=317489/s wakes=4864347 wakerate=404/s workers=24 refused=0 mismatch=0 stalled=0 drifted=0 crossings=532754 remote=3477409 steals=2 deferred=0
soak-test: t=12165s beat=2409 rounds=3825542368 rate=317656/s wakes=4866367 wakerate=404/s workers=24 refused=0 mismatch=0 stalled=0 drifted=0 crossings=532954 remote=3478861 steals=2 deferred=0
soak-test: t=12170s beat=2410 rounds=3827130633 rate=317653/s wakes=4868387 wakerate=404/s workers=24 refused=0 mismatch=0 stalled=0 drifted=0 crossings=533137 remote=3480319 steals=2 deferred=0
soak-test: t=12175s beat=2411 rounds=3828718064 rate=317486/s wakes=4870407 wakerate=404/s workers=24 refused=0 mismatch=0 stalled=0 drifted=0 crossings=533354 remote=3481762 steals=2 deferred=0
soak-test: t=12180s beat=2412 rounds=3830305650 rate=317517/s wakes=4872427 wakerate=404/s workers=24 refused=0 mismatch=0 stalled=0 drifted=0 crossings=533572 remote=3483203 steals=2 deferred=0
soak-test: t=12185s beat=2413 rounds=3831893105 rate=317491/s wakes=4874447 wakerate=404/s workers=24 refused=0 mismatch=0 stalled=0 drifted=0 crossings=533810 remote=3484652 steals=2 deferred=0
soak-test: t=12190s beat=2414 rounds=3833480624 rate=317503/s wakes=4876467 wakerate=404/s workers=24 refused=0 mismatch=0 stalled=0 drifted=0 crossings=534035 remote=3486103 steals=2 deferred=0
soak-test: t=12195s beat=2415 rounds=3835068651 rate=317605/s wakes=4878487 wakerate=404/s workers=24 refused=0 mismatch=0 stalled=0 drifted=0 crossings=534251 remote=3487557 steals=2 deferred=0
soak-test: t=12200s beat=2416 rounds=3836656855 rate=317640/s wakes=4880507 wakerate=404/s workers=24 refused=0 mismatch=0 stalled=0 drifted=0 crossings=534466 remote=3489004 steals=2 deferred=0
soak-test: t=12205s beat=2417 rounds=3838245144 rate=317657/s wakes=4882527 wakerate=404/s workers=24 refused=0 mismatch=0 stalled=0 drifted=0 crossings=534688 remote=3490442 steals=2 deferred=0
soak-test: t=12210s beat=2418 rounds=3839832484 rate=317468/s wakes=4884547 wakerate=404/s workers=24 refused=0 mismatch=0 stalled=0 drifted=0 crossings=534918 remote=3491873 steals=2 deferred=0
soak-test: t=12215s beat=2419 rounds=3841419661 rate=317435/s wakes=4886567 wakerate=404/s workers=24 refused=0 mismatch=0 stalled=0 drifted=0 crossings=535139 remote=3493313 steals=2 deferred=0
soak-test: t=12221s beat=2420 rounds=3843007251 rate=317518/s wakes=4888587 wakerate=404/s workers=24 refused=0 mismatch=0 stalled=0 drifted=0 crossings=535358 remote=3494760 steals=2 deferred=0
soak-test: t=12226s beat=2421 rounds=3844594821 rate=317514/s wakes=4890607 wakerate=404/s workers=24 refused=0 mismatch=0 stalled=0 drifted=0 crossings=535600 remote=3496210 steals=2 deferred=0
soak-test: t=12231s beat=2422 rounds=3846183249 rate=317685/s wakes=4892627 wakerate=404/s workers=24 refused=0 mismatch=0 stalled=0 drifted=0 crossings=535839 remote=3497645 steals=2 deferred=0
soak-test: t=12236s beat=2423 rounds=3847770972 rate=317544/s wakes=4894647 wakerate=404/s workers=24 refused=0 mismatch=0 stalled=0 drifted=0 crossings=536055 remote=3499090 steals=2 deferred=0
soak-test: t=12241s beat=2424 rounds=3849359229 rate=317651/s wakes=4896667 wakerate=404/s workers=24 refused=0 mismatch=0 stalled=0 drifted=0 crossings=536286 remote=3500545 steals=2 deferred=0
soak-test: t=12246s beat=2425 rounds=3850946739 rate=317502/s wakes=4898687 wakerate=404/s workers=24 refused=0 mismatch=0 stalled=0 drifted=0 crossings=536512 remote=3501989 steals=2 deferred=0
soak-test: t=12251s beat=2426 rounds=3852535292 rate=317710/s wakes=4900707 wakerate=404/s workers=24 refused=0 mismatch=0 stalled=0 drifted=0 crossings=536724 remote=3503430 steals=2 deferred=0
soak-test: t=12256s beat=2427 rounds=3854123379 rate=317617/s wakes=4902727 wakerate=404/s workers=24 refused=0 mismatch=0 stalled=0 drifted=0 crossings=536944 remote=3504883 steals=2 deferred=0
soak-test: t=12261s beat=2428 rounds=3855711335 rate=317591/s wakes=4904747 wakerate=404/s workers=24 refused=0 mismatch=0 stalled=0 drifted=0 crossings=537163 remote=3506331 steals=2 deferred=0
soak-test: t=12266s beat=2429 rounds=3857299969 rate=317726/s wakes=4906767 wakerate=404/s workers=24 refused=0 mismatch=0 stalled=0 drifted=0 crossings=537388 remote=3507773 steals=2 deferred=0
soak-test: t=12271s beat=2430 rounds=3858888195 rate=317645/s wakes=4908787 wakerate=404/s workers=24 refused=0 mismatch=0 stalled=0 drifted=0 crossings=537598 remote=3509227 steals=2 deferred=0
soak-test: t=12276s beat=2431 rounds=3860475749 rate=317510/s wakes=4910807 wakerate=404/s workers=24 refused=0 mismatch=0 stalled=0 drifted=0 crossings=537818 remote=3510669 steals=2 deferred=0
soak-test: t=12281s beat=2432 rounds=3862064432 rate=317736/s wakes=4912827 wakerate=404/s workers=24 refused=0 mismatch=0 stalled=0 drifted=0 crossings=538037 remote=3512115 steals=2 deferred=0
soak-test: t=12286s beat=2433 rounds=3863652339 rate=317581/s wakes=4914847 wakerate=404/s workers=24 refused=0 mismatch=0 stalled=0 drifted=0 crossings=538241 remote=3513561 steals=2 deferred=0
soak-test: t=12291s beat=2434 rounds=3865239948 rate=317521/s wakes=4916867 wakerate=404/s workers=24 refused=0 mismatch=0 stalled=0 drifted=0 crossings=538457 remote=3515004 steals=2 deferred=0
soak-test: t=12296s beat=2435 rounds=3866828048 rate=317620/s wakes=4918887 wakerate=404/s workers=24 refused=0 mismatch=0 stalled=0 drifted=0 crossings=538674 remote=3516448 steals=2 deferred=0
soak-test: t=12301s beat=2436 rounds=3868415437 rate=317477/s wakes=4920907 wakerate=404/s workers=24 refused=0 mismatch=0 stalled=0 drifted=0 crossings=538902 remote=3517893 steals=2 deferred=0
soak-test: t=12306s beat=2437 rounds=3870002904 rate=317493/s wakes=4922927 wakerate=404/s workers=24 refused=0 mismatch=0 stalled=0 drifted=0 crossings=539095 remote=3519345 steals=2 deferred=0
soak-test: t=12311s beat=2438 rounds=3871590678 rate=317554/s wakes=4924947 wakerate=404/s workers=24 refused=0 mismatch=0 stalled=0 drifted=0 crossings=539311 remote=3520793 steals=2 deferred=0
soak-test: t=12316s beat=2439 rounds=3873177645 rate=317393/s wakes=4926967 wakerate=404/s workers=24 refused=0 mismatch=0 stalled=0 drifted=0 crossings=539532 remote=3522235 steals=2 deferred=0
soak-test: t=12322s beat=2440 rounds=3874765416 rate=317554/s wakes=4928987 wakerate=404/s workers=24 refused=0 mismatch=0 stalled=0 drifted=0 crossings=539756 remote=3523681 steals=2 deferred=0
soak-test: t=12327s beat=2441 rounds=3876352668 rate=317450/s wakes=4931007 wakerate=404/s workers=24 refused=0 mismatch=0 stalled=0 drifted=0 crossings=539987 remote=3525106 steals=2 deferred=0
soak-test: t=12332s beat=2442 rounds=3877940649 rate=317596/s wakes=4933027 wakerate=404/s workers=24 refused=0 mismatch=0 stalled=0 drifted=0 crossings=540219 remote=3526546 steals=2 deferred=0
soak-test: t=12337s beat=2443 rounds=3879528190 rate=317508/s wakes=4935047 wakerate=404/s workers=24 refused=0 mismatch=0 stalled=0 drifted=0 crossings=540419 remote=3527991 steals=2 deferred=0
soak-test: t=12342s beat=2444 rounds=3881115428 rate=317447/s wakes=4937067 wakerate=404/s workers=24 refused=0 mismatch=0 stalled=0 drifted=0 crossings=540618 remote=3529443 steals=2 deferred=0
soak-test: t=12347s beat=2445 rounds=3882703963 rate=317707/s wakes=4939087 wakerate=404/s workers=24 refused=0 mismatch=0 stalled=0 drifted=0 crossings=540865 remote=3530879 steals=2 deferred=0
soak-test: t=12352s beat=2446 rounds=3884290925 rate=317392/s wakes=4941107 wakerate=404/s workers=24 refused=0 mismatch=0 stalled=0 drifted=0 crossings=541050 remote=3532326 steals=2 deferred=0
soak-test: t=12357s beat=2447 rounds=3885878687 rate=317552/s wakes=4943127 wakerate=404/s workers=24 refused=0 mismatch=0 stalled=0 drifted=0 crossings=541288 remote=3533766 steals=2 deferred=0
soak-test: t=12362s beat=2448 rounds=3887467609 rate=317784/s wakes=4945147 wakerate=404/s workers=24 refused=0 mismatch=0 stalled=0 drifted=0 crossings=541506 remote=3535194 steals=2 deferred=0
soak-test: t=12367s beat=2449 rounds=3889056106 rate=317699/s wakes=4947167 wakerate=404/s workers=24 refused=0 mismatch=0 stalled=0 drifted=0 crossings=541715 remote=3536643 steals=2 deferred=0
soak-test: t=12372s beat=2450 rounds=3890643555 rate=317489/s wakes=4949187 wakerate=404/s workers=24 refused=0 mismatch=0 stalled=0 drifted=0 crossings=541959 remote=3538071 steals=2 deferred=0
soak-test: t=12377s beat=2451 rounds=3892231113 rate=317511/s wakes=4951207 wakerate=404/s workers=24 refused=0 mismatch=0 stalled=0 drifted=0 crossings=542181 remote=3539518 steals=2 deferred=0
soak-test: t=12382s beat=2452 rounds=3893819071 rate=317591/s wakes=4953227 wakerate=404/s workers=24 refused=0 mismatch=0 stalled=0 drifted=0 crossings=542421 remote=3540948 steals=2 deferred=0
soak-test: t=12387s beat=2453 rounds=3895406648 rate=317515/s wakes=4955247 wakerate=404/s workers=24 refused=0 mismatch=0 stalled=0 drifted=0 crossings=542648 remote=3542387 steals=2 deferred=0
soak-test: t=12392s beat=2454 rounds=3896995094 rate=317689/s wakes=4957267 wakerate=404/s workers=24 refused=0 mismatch=0 stalled=0 drifted=0 crossings=542879 remote=3543829 steals=2 deferred=0
soak-test: t=12397s beat=2455 rounds=3898583097 rate=317600/s wakes=4959287 wakerate=404/s workers=24 refused=0 mismatch=0 stalled=0 drifted=0 crossings=543083 remote=3545280 steals=2 deferred=0
soak-test: t=12402s beat=2456 rounds=3900170899 rate=317560/s wakes=4961307 wakerate=404/s workers=24 refused=0 mismatch=0 stalled=0 drifted=0 crossings=543300 remote=3546728 steals=2 deferred=0
soak-test: t=12407s beat=2457 rounds=3901758370 rate=317494/s wakes=4963327 wakerate=404/s workers=24 refused=0 mismatch=0 stalled=0 drifted=0 crossings=543494 remote=3548173 steals=2 deferred=0
soak-test: t=12412s beat=2458 rounds=3903347171 rate=317760/s wakes=4965347 wakerate=404/s workers=24 refused=0 mismatch=0 stalled=0 drifted=0 crossings=543713 remote=3549620 steals=2 deferred=0
soak-test: t=12417s beat=2459 rounds=3904935202 rate=317606/s wakes=4967367 wakerate=404/s workers=24 refused=0 mismatch=0 stalled=0 drifted=0 crossings=543952 remote=3551064 steals=2 deferred=0
soak-test: t=12423s beat=2460 rounds=3906521837 rate=317327/s wakes=4969387 wakerate=404/s workers=24 refused=0 mismatch=0 stalled=0 drifted=0 crossings=544139 remote=3552522 steals=2 deferred=0
soak-test: t=12428s beat=2461 rounds=3908109254 rate=317483/s wakes=4971407 wakerate=404/s workers=24 refused=0 mismatch=0 stalled=0 drifted=0 crossings=544387 remote=3553956 steals=2 deferred=0
soak-test: t=12433s beat=2462 rounds=3909696418 rate=317432/s wakes=4973427 wakerate=404/s workers=24 refused=0 mismatch=0 stalled=0 drifted=0 crossings=544598 remote=3555403 steals=2 deferred=0
soak-test: t=12438s beat=2463 rounds=3911283702 rate=317456/s wakes=4975447 wakerate=404/s workers=24 refused=0 mismatch=0 stalled=0 drifted=0 crossings=544818 remote=3556850 steals=2 deferred=0
soak-test: t=12443s beat=2464 rounds=3912871404 rate=317540/s wakes=4977467 wakerate=404/s workers=24 refused=0 mismatch=0 stalled=0 drifted=0 crossings=545016 remote=3558303 steals=2 deferred=0
soak-test: t=12448s beat=2465 rounds=3914459779 rate=317675/s wakes=4979487 wakerate=404/s workers=24 refused=0 mismatch=0 stalled=0 drifted=0 crossings=545231 remote=3559751 steals=2 deferred=0
soak-test: t=12453s beat=2466 rounds=3916048147 rate=317673/s wakes=4981507 wakerate=404/s workers=24 refused=0 mismatch=0 stalled=0 drifted=0 crossings=545461 remote=3561200 steals=2 deferred=0
soak-test: t=12458s beat=2467 rounds=3917636136 rate=317597/s wakes=4983527 wakerate=404/s workers=24 refused=0 mismatch=0 stalled=0 drifted=0 crossings=545655 remote=3562653 steals=2 deferred=0
soak-test: t=12463s beat=2468 rounds=3919224297 rate=317632/s wakes=4985547 wakerate=404/s workers=24 refused=0 mismatch=0 stalled=0 drifted=0 crossings=545895 remote=3564094 steals=2 deferred=0
soak-test: t=12468s beat=2469 rounds=3920812118 rate=317564/s wakes=4987567 wakerate=404/s workers=24 refused=0 mismatch=0 stalled=0 drifted=0 crossings=546095 remote=3565544 steals=2 deferred=0
soak-test: t=12473s beat=2470 rounds=3922400663 rate=317709/s wakes=4989587 wakerate=404/s workers=24 refused=0 mismatch=0 stalled=0 drifted=0 crossings=546308 remote=3566999 steals=2 deferred=0
soak-test: t=12478s beat=2471 rounds=3923988904 rate=317648/s wakes=4991607 wakerate=404/s workers=24 refused=0 mismatch=0 stalled=0 drifted=0 crossings=546520 remote=3568451 steals=2 deferred=0
soak-test: t=12483s beat=2472 rounds=3925578125 rate=317844/s wakes=4993627 wakerate=404/s workers=24 refused=0 mismatch=0 stalled=0 drifted=0 crossings=546750 remote=3569888 steals=2 deferred=0
soak-test: t=12488s beat=2473 rounds=3927166100 rate=317595/s wakes=4995647 wakerate=404/s workers=24 refused=0 mismatch=0 stalled=0 drifted=0 crossings=546963 remote=3571336 steals=2 deferred=0
soak-test: t=12493s beat=2474 rounds=3928752883 rate=317356/s wakes=4997667 wakerate=404/s workers=24 refused=0 mismatch=0 stalled=0 drifted=0 crossings=547187 remote=3572776 steals=2 deferred=0
soak-test: t=12498s beat=2475 rounds=3930339978 rate=317419/s wakes=4999687 wakerate=404/s workers=24 refused=0 mismatch=0 stalled=0 drifted=0 crossings=547437 remote=3574205 steals=2 deferred=0
soak-test: t=12503s beat=2476 rounds=3931927744 rate=317553/s wakes=5001707 wakerate=404/s workers=24 refused=0 mismatch=0 stalled=0 drifted=0 crossings=547638 remote=3575655 steals=2 deferred=0
soak-test: t=12508s beat=2477 rounds=3933515842 rate=317619/s wakes=5003727 wakerate=404/s workers=24 refused=0 mismatch=0 stalled=0 drifted=0 crossings=547853 remote=3577089 steals=2 deferred=0
soak-test: t=12513s beat=2478 rounds=3935104777 rate=317787/s wakes=5005747 wakerate=404/s workers=24 refused=0 mismatch=0 stalled=0 drifted=0 crossings=548109 remote=3578513 steals=2 deferred=0
soak-test: t=12518s beat=2479 rounds=3936693150 rate=317674/s wakes=5007767 wakerate=404/s workers=24 refused=0 mismatch=0 stalled=0 drifted=0 crossings=548328 remote=3579959 steals=2 deferred=0
soak-test: t=12524s beat=2480 rounds=3938281376 rate=317645/s wakes=5009787 wakerate=404/s workers=24 refused=0 mismatch=0 stalled=0 drifted=0 crossings=548542 remote=3581406 steals=2 deferred=0
soak-test: t=12529s beat=2481 rounds=3939869060 rate=317536/s wakes=5011807 wakerate=404/s workers=24 refused=0 mismatch=0 stalled=0 drifted=0 crossings=548759 remote=3582856 steals=2 deferred=0
soak-test: t=12534s beat=2482 rounds=3941456161 rate=317420/s wakes=5013827 wakerate=404/s workers=24 refused=0 mismatch=0 stalled=0 drifted=0 crossings=548968 remote=3584304 steals=2 deferred=0
soak-test: t=12539s beat=2483 rounds=3943044373 rate=317642/s wakes=5015847 wakerate=404/s workers=24 refused=0 mismatch=0 stalled=0 drifted=0 crossings=549203 remote=3585756 steals=2 deferred=0
soak-test: t=12544s beat=2484 rounds=3944632079 rate=317541/s wakes=5017867 wakerate=404/s workers=24 refused=0 mismatch=0 stalled=0 drifted=0 crossings=549408 remote=3587209 steals=2 deferred=0
soak-test: t=12549s beat=2485 rounds=3946219927 rate=317569/s wakes=5019887 wakerate=404/s workers=24 refused=0 mismatch=0 stalled=0 drifted=0 crossings=549615 remote=3588656 steals=2 deferred=0
soak-test: t=12554s beat=2486 rounds=3947806704 rate=317355/s wakes=5021907 wakerate=404/s workers=24 refused=0 mismatch=0 stalled=0 drifted=0 crossings=549837 remote=3590107 steals=2 deferred=0
soak-test: t=12559s beat=2487 rounds=3949395205 rate=317700/s wakes=5023927 wakerate=404/s workers=24 refused=0 mismatch=0 stalled=0 drifted=0 crossings=550057 remote=3591552 steals=2 deferred=0
soak-test: t=12564s beat=2488 rounds=3950982988 rate=317556/s wakes=5025947 wakerate=404/s workers=24 refused=0 mismatch=0 stalled=0 drifted=0 crossings=550273 remote=3593006 steals=2 deferred=0
soak-test: t=12569s beat=2489 rounds=3952571591 rate=317720/s wakes=5027967 wakerate=404/s workers=24 refused=0 mismatch=0 stalled=0 drifted=0 crossings=550526 remote=3594448 steals=2 deferred=0
soak-test: t=12574s beat=2490 rounds=3954159328 rate=317547/s wakes=5029987 wakerate=404/s workers=24 refused=0 mismatch=0 stalled=0 drifted=0 crossings=550773 remote=3595887 steals=2 deferred=0
soak-test: t=12579s beat=2491 rounds=3955747307 rate=317595/s wakes=5032007 wakerate=404/s workers=24 refused=0 mismatch=0 stalled=0 drifted=0 crossings=550992 remote=3597332 steals=2 deferred=0
soak-test: t=12584s beat=2492 rounds=3957335225 rate=317583/s wakes=5034027 wakerate=404/s workers=24 refused=0 mismatch=0 stalled=0 drifted=0 crossings=551191 remote=3598779 steals=2 deferred=0
soak-test: t=12589s beat=2493 rounds=3958922939 rate=317542/s wakes=5036047 wakerate=404/s workers=24 refused=0 mismatch=0 stalled=0 drifted=0 crossings=551394 remote=3600231 steals=2 deferred=0
soak-test: t=12594s beat=2494 rounds=3960510461 rate=317504/s wakes=5038067 wakerate=404/s workers=24 refused=0 mismatch=0 stalled=0 drifted=0 crossings=551619 remote=3601679 steals=2 deferred=0
soak-test: t=12599s beat=2495 rounds=3962097719 rate=317451/s wakes=5040087 wakerate=404/s workers=24 refused=0 mismatch=0 stalled=0 drifted=0 crossings=551867 remote=3603122 steals=2 deferred=0
soak-test: t=12604s beat=2496 rounds=3963685707 rate=317597/s wakes=5042107 wakerate=404/s workers=24 refused=0 mismatch=0 stalled=0 drifted=0 crossings=552058 remote=3604582 steals=2 deferred=0
soak-test: t=12609s beat=2497 rounds=3965273925 rate=317643/s wakes=5044127 wakerate=404/s workers=24 refused=0 mismatch=0 stalled=0 drifted=0 crossings=552269 remote=3606028 steals=2 deferred=0
soak-test: t=12614s beat=2498 rounds=3966861865 rate=317588/s wakes=5046147 wakerate=404/s workers=24 refused=0 mismatch=0 stalled=0 drifted=0 crossings=552454 remote=3607491 steals=2 deferred=0
soak-test: t=12619s beat=2499 rounds=3968449020 rate=317431/s wakes=5048167 wakerate=404/s workers=24 refused=0 mismatch=0 stalled=0 drifted=0 crossings=552700 remote=3608932 steals=2 deferred=0
soak-test: t=12625s beat=2500 rounds=3970036723 rate=317540/s wakes=5050187 wakerate=404/s workers=24 refused=0 mismatch=0 stalled=0 drifted=0 crossings=552918 remote=3610377 steals=2 deferred=0
soak-test: t=12630s beat=2501 rounds=3971624759 rate=317607/s wakes=5052207 wakerate=404/s workers=24 refused=0 mismatch=0 stalled=0 drifted=0 crossings=553108 remote=3611833 steals=2 deferred=0
soak-test: t=12635s beat=2502 rounds=3973211858 rate=317419/s wakes=5054227 wakerate=404/s workers=24 refused=0 mismatch=0 stalled=0 drifted=0 crossings=553340 remote=3613282 steals=2 deferred=0
soak-test: t=12640s beat=2503 rounds=3974800831 rate=317794/s wakes=5056247 wakerate=404/s workers=24 refused=0 mismatch=0 stalled=0 drifted=0 crossings=553581 remote=3614727 steals=2 deferred=0
soak-test: t=12645s beat=2504 rounds=3976389141 rate=317662/s wakes=5058267 wakerate=404/s workers=24 refused=0 mismatch=0 stalled=0 drifted=0 crossings=553801 remote=3616174 steals=2 deferred=0
soak-test: t=12650s beat=2505 rounds=3977977147 rate=317601/s wakes=5060287 wakerate=404/s workers=24 refused=0 mismatch=0 stalled=0 drifted=0 crossings=554035 remote=3617612 steals=2 deferred=0
soak-test: t=12655s beat=2506 rounds=3979565349 rate=317640/s wakes=5062307 wakerate=404/s workers=24 refused=0 mismatch=0 stalled=0 drifted=0 crossings=554269 remote=3619044 steals=2 deferred=0
soak-test: t=12660s beat=2507 rounds=3981152848 rate=317499/s wakes=5064327 wakerate=404/s workers=24 refused=0 mismatch=0 stalled=0 drifted=0 crossings=554475 remote=3620496 steals=2 deferred=0
soak-test: t=12665s beat=2508 rounds=3982740764 rate=317583/s wakes=5066347 wakerate=404/s workers=24 refused=0 mismatch=0 stalled=0 drifted=0 crossings=554726 remote=3621925 steals=2 deferred=0
soak-test: t=12670s beat=2509 rounds=3984327813 rate=317409/s wakes=5068367 wakerate=404/s workers=24 refused=0 mismatch=0 stalled=0 drifted=0 crossings=554906 remote=3623380 steals=2 deferred=0
soak-test: t=12675s beat=2510 rounds=3985915085 rate=317454/s wakes=5070387 wakerate=404/s workers=24 refused=0 mismatch=0 stalled=0 drifted=0 crossings=555139 remote=3624816 steals=2 deferred=0
soak-test: t=12680s beat=2511 rounds=3987502434 rate=317469/s wakes=5072407 wakerate=404/s workers=24 refused=0 mismatch=0 stalled=0 drifted=0 crossings=555357 remote=3626263 steals=2 deferred=0
soak-test: t=12685s beat=2512 rounds=3989090808 rate=317674/s wakes=5074427 wakerate=404/s workers=24 refused=0 mismatch=0 stalled=0 drifted=0 crossings=555572 remote=3627706 steals=2 deferred=0
soak-test: t=12690s beat=2513 rounds=3990678491 rate=317536/s wakes=5076447 wakerate=404/s workers=24 refused=0 mismatch=0 stalled=0 drifted=0 crossings=555815 remote=3629139 steals=2 deferred=0
soak-test: t=12695s beat=2514 rounds=3992267003 rate=317702/s wakes=5078467 wakerate=404/s workers=24 refused=0 mismatch=0 stalled=0 drifted=0 crossings=556055 remote=3630577 steals=2 deferred=0
soak-test: t=12700s beat=2515 rounds=3993854855 rate=317570/s wakes=5080487 wakerate=404/s workers=24 refused=0 mismatch=0 stalled=0 drifted=0 crossings=556261 remote=3632021 steals=2 deferred=0
soak-test: t=12705s beat=2516 rounds=3995442196 rate=317468/s wakes=5082507 wakerate=404/s workers=24 refused=0 mismatch=0 stalled=0 drifted=0 crossings=556477 remote=3633467 steals=2 deferred=0
soak-test: t=12710s beat=2517 rounds=3997029828 rate=317526/s wakes=5084527 wakerate=404/s workers=24 refused=0 mismatch=0 stalled=0 drifted=0 crossings=556690 remote=3634903 steals=2 deferred=0
soak-test: t=12715s beat=2518 rounds=3998617931 rate=317620/s wakes=5086547 wakerate=404/s workers=24 refused=0 mismatch=0 stalled=0 drifted=0 crossings=556919 remote=3636347 steals=2 deferred=0
soak-test: t=12720s beat=2519 rounds=4000205549 rate=317523/s wakes=5088567 wakerate=404/s workers=24 refused=0 mismatch=0 stalled=0 drifted=0 crossings=557135 remote=3637777 steals=2 deferred=0
soak-test: t=12726s beat=2520 rounds=4001793261 rate=317542/s wakes=5090587 wakerate=404/s workers=24 refused=0 mismatch=0 stalled=0 drifted=0 crossings=557370 remote=3639224 steals=2 deferred=0
soak-test: t=12731s beat=2521 rounds=4003381336 rate=317615/s wakes=5092607 wakerate=404/s workers=24 refused=0 mismatch=0 stalled=0 drifted=0 crossings=557585 remote=3640674 steals=2 deferred=0
soak-test: t=12736s beat=2522 rounds=4004969895 rate=317711/s wakes=5094627 wakerate=404/s workers=24 refused=0 mismatch=0 stalled=0 drifted=0 crossings=557780 remote=3642134 steals=2 deferred=0
soak-test: t=12741s beat=2523 rounds=4006556997 rate=317420/s wakes=5096647 wakerate=404/s workers=24 refused=0 mismatch=0 stalled=0 drifted=0 crossings=557997 remote=3643573 steals=2 deferred=0
soak-test: t=12746s beat=2524 rounds=4008145679 rate=317736/s wakes=5098667 wakerate=404/s workers=24 refused=0 mismatch=0 stalled=0 drifted=0 crossings=558189 remote=3645024 steals=2 deferred=0
soak-test: t=12751s beat=2525 rounds=4009732808 rate=317425/s wakes=5100687 wakerate=404/s workers=24 refused=0 mismatch=0 stalled=0 drifted=0 crossings=558420 remote=3646459 steals=2 deferred=0
soak-test: t=12756s beat=2526 rounds=4011320052 rate=317448/s wakes=5102707 wakerate=404/s workers=24 refused=0 mismatch=0 stalled=0 drifted=0 crossings=558611 remote=3647905 steals=2 deferred=0
soak-test: t=12761s beat=2527 rounds=4012907034 rate=317396/s wakes=5104727 wakerate=404/s workers=24 refused=0 mismatch=0 stalled=0 drifted=0 crossings=558832 remote=3649347 steals=2 deferred=0
soak-test: t=12766s beat=2528 rounds=4014495302 rate=317653/s wakes=5106747 wakerate=404/s workers=24 refused=0 mismatch=0 stalled=0 drifted=0 crossings=559060 remote=3650786 steals=2 deferred=0
soak-test: t=12771s beat=2529 rounds=4016083833 rate=317706/s wakes=5108767 wakerate=404/s workers=24 refused=0 mismatch=0 stalled=0 drifted=0 crossings=559280 remote=3652238 steals=2 deferred=0
soak-test: t=12776s beat=2530 rounds=4017671608 rate=317555/s wakes=5110787 wakerate=404/s workers=24 refused=0 mismatch=0 stalled=0 drifted=0 crossings=559472 remote=3653695 steals=2 deferred=0
soak-test: t=12781s beat=2531 rounds=4019260053 rate=317689/s wakes=5112807 wakerate=404/s workers=24 refused=0 mismatch=0 stalled=0 drifted=0 crossings=559668 remote=3655145 steals=2 deferred=0
soak-test: t=12786s beat=2532 rounds=4020847492 rate=317487/s wakes=5114827 wakerate=404/s workers=24 refused=0 mismatch=0 stalled=0 drifted=0 crossings=559864 remote=3656592 steals=2 deferred=0
soak-test: t=12791s beat=2533 rounds=4022435207 rate=317543/s wakes=5116847 wakerate=404/s workers=24 refused=0 mismatch=0 stalled=0 drifted=0 crossings=560087 remote=3658034 steals=2 deferred=0
soak-test: t=12796s beat=2534 rounds=4024023232 rate=317605/s wakes=5118867 wakerate=404/s workers=24 refused=0 mismatch=0 stalled=0 drifted=0 crossings=560341 remote=3659466 steals=2 deferred=0
soak-test: t=12801s beat=2535 rounds=4025610860 rate=317525/s wakes=5120887 wakerate=404/s workers=24 refused=0 mismatch=0 stalled=0 drifted=0 crossings=560581 remote=3660911 steals=2 deferred=0
soak-test: t=12806s beat=2536 rounds=4027198722 rate=317572/s wakes=5122907 wakerate=404/s workers=24 refused=0 mismatch=0 stalled=0 drifted=0 crossings=560805 remote=3662355 steals=2 deferred=0
soak-test: t=12811s beat=2537 rounds=4028786592 rate=317574/s wakes=5124927 wakerate=404/s workers=24 refused=0 mismatch=0 stalled=0 drifted=0 crossings=561013 remote=3663801 steals=2 deferred=0
soak-test: t=12816s beat=2538 rounds=4030374160 rate=317513/s wakes=5126947 wakerate=404/s workers=24 refused=0 mismatch=0 stalled=0 drifted=0 crossings=561204 remote=3665244 steals=2 deferred=0
soak-test: t=12821s beat=2539 rounds=4031962211 rate=317610/s wakes=5128967 wakerate=404/s workers=24 refused=0 mismatch=0 stalled=0 drifted=0 crossings=561415 remote=3666693 steals=2 deferred=0
soak-test: t=12827s beat=2540 rounds=4033549921 rate=317542/s wakes=5130987 wakerate=404/s workers=24 refused=0 mismatch=0 stalled=0 drifted=0 crossings=561632 remote=3668138 steals=2 deferred=0
soak-test: t=12832s beat=2541 rounds=4035137565 rate=317528/s wakes=5133007 wakerate=404/s workers=24 refused=0 mismatch=0 stalled=0 drifted=0 crossings=561850 remote=3669573 steals=2 deferred=0
soak-test: t=12837s beat=2542 rounds=4036725205 rate=317528/s wakes=5135027 wakerate=404/s workers=24 refused=0 mismatch=0 stalled=0 drifted=0 crossings=562106 remote=3670996 steals=2 deferred=0
soak-test: t=12842s beat=2543 rounds=4038314160 rate=317791/s wakes=5137047 wakerate=404/s workers=24 refused=0 mismatch=0 stalled=0 drifted=0 crossings=562332 remote=3672436 steals=2 deferred=0
soak-test: t=12847s beat=2544 rounds=4039901527 rate=317473/s wakes=5139067 wakerate=404/s workers=24 refused=0 mismatch=0 stalled=0 drifted=0 crossings=562515 remote=3673896 steals=2 deferred=0
soak-test: t=12852s beat=2545 rounds=4041490234 rate=317741/s wakes=5141087 wakerate=404/s workers=24 refused=0 mismatch=0 stalled=0 drifted=0 crossings=562731 remote=3675337 steals=2 deferred=0
soak-test: t=12857s beat=2546 rounds=4043078044 rate=317562/s wakes=5143107 wakerate=404/s workers=24 refused=0 mismatch=0 stalled=0 drifted=0 crossings=562957 remote=3676784 steals=2 deferred=0
soak-test: t=12862s beat=2547 rounds=4044666234 rate=317638/s wakes=5145127 wakerate=404/s workers=24 refused=0 mismatch=0 stalled=0 drifted=0 crossings=563141 remote=3678245 steals=2 deferred=0
soak-test: t=12867s beat=2548 rounds=4046253880 rate=317529/s wakes=5147147 wakerate=404/s workers=24 refused=0 mismatch=0 stalled=0 drifted=0 crossings=563357 remote=3679683 steals=2 deferred=0
soak-test: t=12872s beat=2549 rounds=4047842542 rate=317732/s wakes=5149167 wakerate=404/s workers=24 refused=0 mismatch=0 stalled=0 drifted=0 crossings=563595 remote=3681117 steals=2 deferred=0
soak-test: t=12877s beat=2550 rounds=4049430603 rate=317612/s wakes=5151187 wakerate=404/s workers=24 refused=0 mismatch=0 stalled=0 drifted=0 crossings=563816 remote=3682565 steals=2 deferred=0
soak-test: t=12882s beat=2551 rounds=4051019868 rate=317853/s wakes=5153207 wakerate=404/s workers=24 refused=0 mismatch=0 stalled=0 drifted=0 crossings=564005 remote=3684014 steals=2 deferred=0
soak-test: t=12887s beat=2552 rounds=4052607676 rate=317561/s wakes=5155227 wakerate=404/s workers=24 refused=0 mismatch=0 stalled=0 drifted=0 crossings=564231 remote=3685471 steals=2 deferred=0
soak-test: t=12892s beat=2553 rounds=4054195308 rate=317526/s wakes=5157247 wakerate=404/s workers=24 refused=0 mismatch=0 stalled=0 drifted=0 crossings=564433 remote=3686929 steals=2 deferred=0
soak-test: t=12897s beat=2554 rounds=4055783182 rate=317574/s wakes=5159267 wakerate=404/s workers=24 refused=0 mismatch=0 stalled=0 drifted=0 crossings=564651 remote=3688374 steals=2 deferred=0
soak-test: t=12902s beat=2555 rounds=4057370578 rate=317479/s wakes=5161287 wakerate=404/s workers=24 refused=0 mismatch=0 stalled=0 drifted=0 crossings=564905 remote=3689800 steals=2 deferred=0
soak-test: t=12907s beat=2556 rounds=4058958462 rate=317576/s wakes=5163307 wakerate=404/s workers=24 refused=0 mismatch=0 stalled=0 drifted=0 crossings=565135 remote=3691247 steals=2 deferred=0
soak-test: t=12912s beat=2557 rounds=4060546347 rate=317577/s wakes=5165327 wakerate=404/s workers=24 refused=0 mismatch=0 stalled=0 drifted=0 crossings=565334 remote=3692703 steals=2 deferred=0
soak-test: t=12917s beat=2558 rounds=4062133404 rate=317411/s wakes=5167347 wakerate=404/s workers=24 refused=0 mismatch=0 stalled=0 drifted=0 crossings=565569 remote=3694149 steals=2 deferred=0
soak-test: t=12922s beat=2559 rounds=4063721357 rate=317590/s wakes=5169367 wakerate=404/s workers=24 refused=0 mismatch=0 stalled=0 drifted=0 crossings=565782 remote=3695584 steals=2 deferred=0
soak-test: t=12928s beat=2560 rounds=4065309484 rate=317625/s wakes=5171387 wakerate=404/s workers=24 refused=0 mismatch=0 stalled=0 drifted=0 crossings=566032 remote=3697028 steals=2 deferred=0
soak-test: t=12933s beat=2561 rounds=4066897781 rate=317659/s wakes=5173407 wakerate=404/s workers=24 refused=0 mismatch=0 stalled=0 drifted=0 crossings=566258 remote=3698468 steals=2 deferred=0
soak-test: t=12938s beat=2562 rounds=4068485810 rate=317605/s wakes=5175427 wakerate=404/s workers=24 refused=0 mismatch=0 stalled=0 drifted=0 crossings=566488 remote=3699908 steals=2 deferred=0
soak-test: t=12943s beat=2563 rounds=4070073931 rate=317624/s wakes=5177447 wakerate=404/s workers=24 refused=0 mismatch=0 stalled=0 drifted=0 crossings=566712 remote=3701358 steals=2 deferred=0
soak-test: t=12948s beat=2564 rounds=4071661565 rate=317526/s wakes=5179467 wakerate=404/s workers=24 refused=0 mismatch=0 stalled=0 drifted=0 crossings=566914 remote=3702807 steals=2 deferred=0
soak-test: t=12953s beat=2565 rounds=4073248812 rate=317449/s wakes=5181487 wakerate=404/s workers=24 refused=0 mismatch=0 stalled=0 drifted=0 crossings=567132 remote=3704247 steals=2 deferred=0
soak-test: t=12958s beat=2566 rounds=4074836443 rate=317526/s wakes=5183507 wakerate=404/s workers=24 refused=0 mismatch=0 stalled=0 drifted=0 crossings=567347 remote=3705686 steals=2 deferred=0
soak-test: t=12963s beat=2567 rounds=4076424168 rate=317545/s wakes=5185527 wakerate=404/s workers=24 refused=0 mismatch=0 stalled=0 drifted=0 crossings=567569 remote=3707134 steals=2 deferred=0
soak-test: t=12968s beat=2568 rounds=4078010825 rate=317331/s wakes=5187547 wakerate=404/s workers=24 refused=0 mismatch=0 stalled=0 drifted=0 crossings=567793 remote=3708576 steals=2 deferred=0
soak-test: t=12973s beat=2569 rounds=4079598701 rate=317575/s wakes=5189567 wakerate=404/s workers=24 refused=0 mismatch=0 stalled=0 drifted=0 crossings=568027 remote=3710016 steals=2 deferred=0
soak-test: t=12978s beat=2570 rounds=4081186654 rate=317590/s wakes=5191587 wakerate=404/s workers=24 refused=0 mismatch=0 stalled=0 drifted=0 crossings=568216 remote=3711473 steals=2 deferred=0
soak-test: t=12983s beat=2571 rounds=4082774193 rate=317507/s wakes=5193607 wakerate=404/s workers=24 refused=0 mismatch=0 stalled=0 drifted=0 crossings=568452 remote=3712916 steals=2 deferred=0
soak-test: t=12988s beat=2572 rounds=4084361763 rate=317514/s wakes=5195627 wakerate=404/s workers=24 refused=0 mismatch=0 stalled=0 drifted=0 crossings=568647 remote=3714370 steals=2 deferred=0
soak-test: t=12993s beat=2573 rounds=4085949720 rate=317591/s wakes=5197647 wakerate=404/s workers=24 refused=0 mismatch=0 stalled=0 drifted=0 crossings=568854 remote=3715818 steals=2 deferred=0
soak-test: t=12998s beat=2574 rounds=4087537909 rate=317637/s wakes=5199667 wakerate=404/s workers=24 refused=0 mismatch=0 stalled=0 drifted=0 crossings=569099 remote=3717259 steals=2 deferred=0
soak-test: t=13003s beat=2575 rounds=4089125472 rate=317512/s wakes=5201687 wakerate=404/s workers=24 refused=0 mismatch=0 stalled=0 drifted=0 crossings=569331 remote=3718694 steals=2 deferred=0
soak-test: t=13008s beat=2576 rounds=4090713724 rate=317650/s wakes=5203707 wakerate=404/s workers=24 refused=0 mismatch=0 stalled=0 drifted=0 crossings=569522 remote=3720145 steals=2 deferred=0
soak-test: t=13013s beat=2577 rounds=4092301925 rate=317640/s wakes=5205727 wakerate=404/s workers=24 refused=0 mismatch=0 stalled=0 drifted=0 crossings=569704 remote=3721605 steals=2 deferred=0
soak-test: t=13018s beat=2578 rounds=4093889180 rate=317451/s wakes=5207747 wakerate=404/s workers=24 refused=0 mismatch=0 stalled=0 drifted=0 crossings=569905 remote=3723049 steals=2 deferred=0
soak-test: t=13023s beat=2579 rounds=4095476130 rate=317390/s wakes=5209767 wakerate=404/s workers=24 refused=0 mismatch=0 stalled=0 drifted=0 crossings=570105 remote=3724500 steals=2 deferred=0
soak-test: t=13029s beat=2580 rounds=4097063892 rate=317552/s wakes=5211787 wakerate=404/s workers=24 refused=0 mismatch=0 stalled=0 drifted=0 crossings=570324 remote=3725939 steals=2 deferred=0
soak-test: t=13034s beat=2581 rounds=4098652308 rate=317683/s wakes=5213807 wakerate=404/s workers=24 refused=0 mismatch=0 stalled=0 drifted=0 crossings=570554 remote=3727385 steals=2 deferred=0
soak-test: t=13039s beat=2582 rounds=4100240170 rate=317572/s wakes=5215827 wakerate=404/s workers=24 refused=0 mismatch=0 stalled=0 drifted=0 crossings=570756 remote=3728835 steals=2 deferred=0
soak-test: t=13044s beat=2583 rounds=4101828267 rate=317619/s wakes=5217847 wakerate=404/s workers=24 refused=0 mismatch=0 stalled=0 drifted=0 crossings=570983 remote=3730291 steals=2 deferred=0
soak-test: t=13049s beat=2584 rounds=4103416355 rate=317617/s wakes=5219867 wakerate=404/s workers=24 refused=0 mismatch=0 stalled=0 drifted=0 crossings=571199 remote=3731732 steals=2 deferred=0
soak-test: t=13054s beat=2585 rounds=4105004315 rate=317592/s wakes=5221887 wakerate=404/s workers=24 refused=0 mismatch=0 stalled=0 drifted=0 crossings=571411 remote=3733180 steals=2 deferred=0
soak-test: t=13059s beat=2586 rounds=4106593062 rate=317749/s wakes=5223907 wakerate=404/s workers=24 refused=0 mismatch=0 stalled=0 drifted=0 crossings=571641 remote=3734631 steals=2 deferred=0
soak-test: t=13064s beat=2587 rounds=4108180955 rate=317578/s wakes=5225927 wakerate=404/s workers=24 refused=0 mismatch=0 stalled=0 drifted=0 crossings=571864 remote=3736068 steals=2 deferred=0
soak-test: t=13069s beat=2588 rounds=4109768745 rate=317558/s wakes=5227947 wakerate=404/s workers=24 refused=0 mismatch=0 stalled=0 drifted=0 crossings=572115 remote=3737497 steals=2 deferred=0
soak-test: t=13074s beat=2589 rounds=4111356813 rate=317613/s wakes=5229967 wakerate=404/s workers=24 refused=0 mismatch=0 stalled=0 drifted=0 crossings=572340 remote=3738939 steals=2 deferred=0
soak-test: t=13079s beat=2590 rounds=4112943692 rate=317375/s wakes=5231987 wakerate=404/s workers=24 refused=0 mismatch=0 stalled=0 drifted=0 crossings=572584 remote=3740374 steals=2 deferred=0
soak-test: t=13084s beat=2591 rounds=4114531542 rate=317570/s wakes=5234007 wakerate=404/s workers=24 refused=0 mismatch=0 stalled=0 drifted=0 crossings=572822 remote=3741812 steals=2 deferred=0
soak-test: t=13089s beat=2592 rounds=4116119737 rate=317639/s wakes=5236027 wakerate=404/s workers=24 refused=0 mismatch=0 stalled=0 drifted=0 crossings=573031 remote=3743263 steals=2 deferred=0
soak-test: t=13094s beat=2593 rounds=4117707527 rate=317558/s wakes=5238047 wakerate=404/s workers=24 refused=0 mismatch=0 stalled=0 drifted=0 crossings=573282 remote=3744689 steals=2 deferred=0
soak-test: t=13099s beat=2594 rounds=4119294824 rate=317459/s wakes=5240067 wakerate=404/s workers=24 refused=0 mismatch=0 stalled=0 drifted=0 crossings=573473 remote=3746143 steals=2 deferred=0
soak-test: t=13104s beat=2595 rounds=4120883230 rate=317681/s wakes=5242087 wakerate=404/s workers=24 refused=0 mismatch=0 stalled=0 drifted=0 crossings=573706 remote=3747590 steals=2 deferred=0
soak-test: t=13109s beat=2596 rounds=4122470349 rate=317423/s wakes=5244107 wakerate=404/s workers=24 refused=0 mismatch=0 stalled=0 drifted=0 crossings=573906 remote=3749040 steals=2 deferred=0
soak-test: t=13114s beat=2597 rounds=4124057857 rate=317501/s wakes=5246127 wakerate=404/s workers=24 refused=0 mismatch=0 stalled=0 drifted=0 crossings=574157 remote=3750489 steals=2 deferred=0
soak-test: t=13119s beat=2598 rounds=4125645914 rate=317611/s wakes=5248147 wakerate=404/s workers=24 refused=0 mismatch=0 stalled=0 drifted=0 crossings=574384 remote=3751921 steals=2 deferred=0
soak-test: t=13124s beat=2599 rounds=4127234258 rate=317668/s wakes=5250167 wakerate=404/s workers=24 refused=0 mismatch=0 stalled=0 drifted=0 crossings=574623 remote=3753357 steals=2 deferred=0
soak-test: t=13130s beat=2600 rounds=4128821658 rate=317480/s wakes=5252187 wakerate=404/s workers=24 refused=0 mismatch=0 stalled=0 drifted=0 crossings=574855 remote=3754795 steals=2 deferred=0
soak-test: t=13135s beat=2601 rounds=4130409370 rate=317542/s wakes=5254207 wakerate=404/s workers=24 refused=0 mismatch=0 stalled=0 drifted=0 crossings=575064 remote=3756241 steals=2 deferred=0
soak-test: t=13140s beat=2602 rounds=4131997273 rate=317580/s wakes=5256227 wakerate=404/s workers=24 refused=0 mismatch=0 stalled=0 drifted=0 crossings=575309 remote=3757683 steals=2 deferred=0
soak-test: t=13145s beat=2603 rounds=4133585047 rate=317554/s wakes=5258247 wakerate=404/s workers=24 refused=0 mismatch=0 stalled=0 drifted=0 crossings=575504 remote=3759149 steals=2 deferred=0
soak-test: t=13150s beat=2604 rounds=4135172541 rate=317498/s wakes=5260267 wakerate=404/s workers=24 refused=0 mismatch=0 stalled=0 drifted=0 crossings=575719 remote=3760593 steals=2 deferred=0
soak-test: t=13155s beat=2605 rounds=4136760474 rate=317586/s wakes=5262287 wakerate=404/s workers=24 refused=0 mismatch=0 stalled=0 drifted=0 crossings=575935 remote=3762046 steals=2 deferred=0
soak-test: t=13160s beat=2606 rounds=4138348029 rate=317511/s wakes=5264307 wakerate=404/s workers=24 refused=0 mismatch=0 stalled=0 drifted=0 crossings=576174 remote=3763480 steals=2 deferred=0
soak-test: t=13165s beat=2607 rounds=4139935916 rate=317577/s wakes=5266327 wakerate=404/s workers=24 refused=0 mismatch=0 stalled=0 drifted=0 crossings=576419 remote=3764918 steals=2 deferred=0
soak-test: t=13170s beat=2608 rounds=4141524090 rate=317634/s wakes=5268347 wakerate=404/s workers=24 refused=0 mismatch=0 stalled=0 drifted=0 crossings=576667 remote=3766363 steals=2 deferred=0
soak-test: t=13175s beat=2609 rounds=4143111681 rate=317518/s wakes=5270367 wakerate=404/s workers=24 refused=0 mismatch=0 stalled=0 drifted=0 crossings=576911 remote=3767789 steals=2 deferred=0
soak-test: t=13180s beat=2610 rounds=4144699298 rate=317523/s wakes=5272387 wakerate=404/s workers=24 refused=0 mismatch=0 stalled=0 drifted=0 crossings=577126 remote=3769232 steals=2 deferred=0
soak-test: t=13185s beat=2611 rounds=4146286677 rate=317475/s wakes=5274407 wakerate=404/s workers=24 refused=0 mismatch=0 stalled=0 drifted=0 crossings=577380 remote=3770659 steals=2 deferred=0
soak-test: t=13190s beat=2612 rounds=4147874088 rate=317482/s wakes=5276427 wakerate=404/s workers=24 refused=0 mismatch=0 stalled=0 drifted=0 crossings=577561 remote=3772123 steals=2 deferred=0
soak-test: t=13195s beat=2613 rounds=4149461801 rate=317542/s wakes=5278447 wakerate=404/s workers=24 refused=0 mismatch=0 stalled=0 drifted=0 crossings=577758 remote=3773574 steals=2 deferred=0
soak-test: t=13200s beat=2614 rounds=4151049521 rate=317544/s wakes=5280467 wakerate=404/s workers=24 refused=0 mismatch=0 stalled=0 drifted=0 crossings=577969 remote=3775024 steals=2 deferred=0
soak-test: t=13205s beat=2615 rounds=4152637608 rate=317617/s wakes=5282487 wakerate=404/s workers=24 refused=0 mismatch=0 stalled=0 drifted=0 crossings=578189 remote=3776468 steals=2 deferred=0
soak-test: t=13210s beat=2616 rounds=4154225165 rate=317511/s wakes=5284507 wakerate=404/s workers=24 refused=0 mismatch=0 stalled=0 drifted=0 crossings=578417 remote=3777915 steals=2 deferred=0
soak-test: t=13215s beat=2617 rounds=4155812928 rate=317552/s wakes=5286527 wakerate=404/s workers=24 refused=0 mismatch=0 stalled=0 drifted=0 crossings=578635 remote=3779352 steals=2 deferred=0
soak-test: t=13220s beat=2618 rounds=4157400776 rate=317569/s wakes=5288547 wakerate=404/s workers=24 refused=0 mismatch=0 stalled=0 drifted=0 crossings=578851 remote=3780794 steals=2 deferred=0
soak-test: t=13225s beat=2619 rounds=4158988780 rate=317600/s wakes=5290567 wakerate=404/s workers=24 refused=0 mismatch=0 stalled=0 drifted=0 crossings=579071 remote=3782237 steals=2 deferred=0
soak-test: t=13231s beat=2620 rounds=4160576937 rate=317631/s wakes=5292587 wakerate=404/s workers=24 refused=0 mismatch=0 stalled=0 drifted=0 crossings=579291 remote=3783685 steals=2 deferred=0
soak-test: t=13236s beat=2621 rounds=4162164237 rate=317460/s wakes=5294607 wakerate=404/s workers=24 refused=0 mismatch=0 stalled=0 drifted=0 crossings=579504 remote=3785131 steals=2 deferred=0
soak-test: t=13241s beat=2622 rounds=4163751629 rate=317478/s wakes=5296627 wakerate=404/s workers=24 refused=0 mismatch=0 stalled=0 drifted=0 crossings=579721 remote=3786576 steals=2 deferred=0
soak-test: t=13246s beat=2623 rounds=4165338748 rate=317423/s wakes=5298647 wakerate=404/s workers=24 refused=0 mismatch=0 stalled=0 drifted=0 crossings=579921 remote=3788025 steals=2 deferred=0
soak-test: t=13251s beat=2624 rounds=4166926676 rate=317585/s wakes=5300667 wakerate=404/s workers=24 refused=0 mismatch=0 stalled=0 drifted=0 crossings=580127 remote=3789473 steals=2 deferred=0
soak-test: t=13256s beat=2625 rounds=4168514069 rate=317478/s wakes=5302687 wakerate=404/s workers=24 refused=0 mismatch=0 stalled=0 drifted=0 crossings=580351 remote=3790924 steals=2 deferred=0
soak-test: t=13261s beat=2626 rounds=4170101435 rate=317473/s wakes=5304707 wakerate=404/s workers=24 refused=0 mismatch=0 stalled=0 drifted=0 crossings=580581 remote=3792370 steals=2 deferred=0
soak-test: t=13266s beat=2627 rounds=4171689252 rate=317563/s wakes=5306727 wakerate=404/s workers=24 refused=0 mismatch=0 stalled=0 drifted=0 crossings=580812 remote=3793809 steals=2 deferred=0
soak-test: t=13271s beat=2628 rounds=4173276910 rate=317531/s wakes=5308747 wakerate=404/s workers=24 refused=0 mismatch=0 stalled=0 drifted=0 crossings=580988 remote=3795269 steals=2 deferred=0
soak-test: t=13276s beat=2629 rounds=4174864310 rate=317480/s wakes=5310767 wakerate=404/s workers=24 refused=0 mismatch=0 stalled=0 drifted=0 crossings=581186 remote=3796712 steals=2 deferred=0
soak-test: t=13281s beat=2630 rounds=4176452176 rate=317573/s wakes=5312787 wakerate=404/s workers=24 refused=0 mismatch=0 stalled=0 drifted=0 crossings=581423 remote=3798141 steals=2 deferred=0
soak-test: t=13286s beat=2631 rounds=4178039899 rate=317544/s wakes=5314807 wakerate=404/s workers=24 refused=0 mismatch=0 stalled=0 drifted=0 crossings=581635 remote=3799583 steals=2 deferred=0
soak-test: t=13291s beat=2632 rounds=4179628376 rate=317695/s wakes=5316827 wakerate=404/s workers=24 refused=0 mismatch=0 stalled=0 drifted=0 crossings=581869 remote=3801017 steals=2 deferred=0
soak-test: t=13296s beat=2633 rounds=4181217082 rate=317741/s wakes=5318847 wakerate=404/s workers=24 refused=0 mismatch=0 stalled=0 drifted=0 crossings=582123 remote=3802452 steals=2 deferred=0
soak-test: t=13301s beat=2634 rounds=4182805122 rate=317608/s wakes=5320867 wakerate=404/s workers=24 refused=0 mismatch=0 stalled=0 drifted=0 crossings=582340 remote=3803892 steals=2 deferred=0
soak-test: t=13306s beat=2635 rounds=4184392739 rate=317523/s wakes=5322887 wakerate=404/s workers=24 refused=0 mismatch=0 stalled=0 drifted=0 crossings=582553 remote=3805344 steals=2 deferred=0
soak-test: t=13311s beat=2636 rounds=4185980776 rate=317607/s wakes=5324907 wakerate=404/s workers=24 refused=0 mismatch=0 stalled=0 drifted=0 crossings=582770 remote=3806799 steals=2 deferred=0
soak-test: t=13316s beat=2637 rounds=4187569610 rate=317766/s wakes=5326927 wakerate=404/s workers=24 refused=0 mismatch=0 stalled=0 drifted=0 crossings=582984 remote=3808243 steals=2 deferred=0
soak-test: t=13321s beat=2638 rounds=4189157247 rate=317527/s wakes=5328947 wakerate=404/s workers=24 refused=0 mismatch=0 stalled=0 drifted=0 crossings=583196 remote=3809686 steals=2 deferred=0
soak-test: t=13326s beat=2639 rounds=4190745025 rate=317555/s wakes=5330967 wakerate=404/s workers=24 refused=0 mismatch=0 stalled=0 drifted=0 crossings=583424 remote=3811123 steals=2 deferred=0
soak-test: t=13332s beat=2640 rounds=4192332835 rate=317562/s wakes=5332987 wakerate=404/s workers=24 refused=0 mismatch=0 stalled=0 drifted=0 crossings=583644 remote=3812563 steals=2 deferred=0
soak-test: t=13337s beat=2641 rounds=4193920844 rate=317601/s wakes=5335007 wakerate=404/s workers=24 refused=0 mismatch=0 stalled=0 drifted=0 crossings=583890 remote=3813999 steals=2 deferred=0
soak-test: t=13342s beat=2642 rounds=4195508394 rate=317510/s wakes=5337027 wakerate=404/s workers=24 refused=0 mismatch=0 stalled=0 drifted=0 crossings=584080 remote=3815453 steals=2 deferred=0
soak-test: t=13347s beat=2643 rounds=4197096158 rate=317552/s wakes=5339047 wakerate=404/s workers=24 refused=0 mismatch=0 stalled=0 drifted=0 crossings=584303 remote=3816892 steals=2 deferred=0
soak-test: t=13352s beat=2644 rounds=4198684225 rate=317613/s wakes=5341067 wakerate=404/s workers=24 refused=0 mismatch=0 stalled=0 drifted=0 crossings=584535 remote=3818324 steals=2 deferred=0
soak-test: t=13357s beat=2645 rounds=4200271631 rate=317481/s wakes=5343087 wakerate=404/s workers=24 refused=0 mismatch=0 stalled=0 drifted=0 crossings=584715 remote=3819785 steals=2 deferred=0
soak-test: t=13362s beat=2646 rounds=4201859040 rate=317481/s wakes=5345107 wakerate=404/s workers=24 refused=0 mismatch=0 stalled=0 drifted=0 crossings=584922 remote=3821232 steals=2 deferred=0
soak-test: t=13367s beat=2647 rounds=4203446677 rate=317527/s wakes=5347127 wakerate=404/s workers=24 refused=0 mismatch=0 stalled=0 drifted=0 crossings=585134 remote=3822674 steals=2 deferred=0
soak-test: t=13372s beat=2648 rounds=4205034046 rate=317473/s wakes=5349147 wakerate=404/s workers=24 refused=0 mismatch=0 stalled=0 drifted=0 crossings=585387 remote=3824114 steals=2 deferred=0
soak-test: t=13377s beat=2649 rounds=4206621379 rate=317466/s wakes=5351167 wakerate=404/s workers=24 refused=0 mismatch=0 stalled=0 drifted=0 crossings=585605 remote=3825557 steals=2 deferred=0
soak-test: t=13382s beat=2650 rounds=4208209599 rate=317644/s wakes=5353187 wakerate=404/s workers=24 refused=0 mismatch=0 stalled=0 drifted=0 crossings=585832 remote=3827006 steals=2 deferred=0
soak-test: t=13387s beat=2651 rounds=4209796959 rate=317472/s wakes=5355207 wakerate=404/s workers=24 refused=0 mismatch=0 stalled=0 drifted=0 crossings=586059 remote=3828450 steals=2 deferred=0
soak-test: t=13392s beat=2652 rounds=4211384749 rate=317558/s wakes=5357227 wakerate=404/s workers=24 refused=0 mismatch=0 stalled=0 drifted=0 crossings=586290 remote=3829886 steals=2 deferred=0
soak-test: t=13397s beat=2653 rounds=4212972209 rate=317492/s wakes=5359247 wakerate=404/s workers=24 refused=0 mismatch=0 stalled=0 drifted=0 crossings=586537 remote=3831320 steals=2 deferred=0
soak-test: t=13402s beat=2654 rounds=4214560619 rate=317682/s wakes=5361267 wakerate=404/s workers=24 refused=0 mismatch=0 stalled=0 drifted=0 crossings=586732 remote=3832776 steals=2 deferred=0
soak-test: t=13407s beat=2655 rounds=4216148358 rate=317547/s wakes=5363287 wakerate=404/s workers=24 refused=0 mismatch=0 stalled=0 drifted=0 crossings=586961 remote=3834218 steals=2 deferred=0
soak-test: t=13412s beat=2656 rounds=4217735226 rate=317373/s wakes=5365307 wakerate=404/s workers=24 refused=0 mismatch=0 stalled=0 drifted=0 crossings=587186 remote=3835666 steals=2 deferred=0
soak-test: t=13417s beat=2657 rounds=4219322667 rate=317488/s wakes=5367327 wakerate=404/s workers=24 refused=0 mismatch=0 stalled=0 drifted=0 crossings=587399 remote=3837115 steals=2 deferred=0
soak-test: t=13422s beat=2658 rounds=4220910989 rate=317664/s wakes=5369347 wakerate=404/s workers=24 refused=0 mismatch=0 stalled=0 drifted=0 crossings=587594 remote=3838561 steals=2 deferred=0
soak-test: t=13427s beat=2659 rounds=4222499022 rate=317606/s wakes=5371367 wakerate=404/s workers=24 refused=0 mismatch=0 stalled=0 drifted=0 crossings=587794 remote=3840015 steals=2 deferred=0
soak-test: t=13433s beat=2660 rounds=4224086810 rate=317557/s wakes=5373387 wakerate=404/s workers=24 refused=0 mismatch=0 stalled=0 drifted=0 crossings=588009 remote=3841458 steals=2 deferred=0
soak-test: t=13438s beat=2661 rounds=4225674111 rate=317460/s wakes=5375407 wakerate=404/s workers=24 refused=0 mismatch=0 stalled=0 drifted=0 crossings=588257 remote=3842890 steals=2 deferred=0
soak-test: t=13443s beat=2662 rounds=4227262107 rate=317599/s wakes=5377427 wakerate=404/s workers=24 refused=0 mismatch=0 stalled=0 drifted=0 crossings=588471 remote=3844335 steals=2 deferred=0
soak-test: t=13448s beat=2663 rounds=4228850731 rate=317724/s wakes=5379447 wakerate=404/s workers=24 refused=0 mismatch=0 stalled=0 drifted=0 crossings=588697 remote=3845777 steals=2 deferred=0
soak-test: t=13453s beat=2664 rounds=4230437925 rate=317438/s wakes=5381467 wakerate=404/s workers=24 refused=0 mismatch=0 stalled=0 drifted=0 crossings=588908 remote=3847224 steals=2 deferred=0
soak-test: t=13458s beat=2665 rounds=4232025818 rate=317578/s wakes=5383487 wakerate=404/s workers=24 refused=0 mismatch=0 stalled=0 drifted=0 crossings=589117 remote=3848677 steals=2 deferred=0
soak-test: t=13463s beat=2666 rounds=4233613428 rate=317522/s wakes=5385507 wakerate=404/s workers=24 refused=0 mismatch=0 stalled=0 drifted=0 crossings=589341 remote=3850133 steals=2 deferred=0
soak-test: t=13468s beat=2667 rounds=4235201707 rate=317655/s wakes=5387527 wakerate=404/s workers=24 refused=0 mismatch=0 stalled=0 drifted=0 crossings=589567 remote=3851569 steals=2 deferred=0
soak-test: t=13473s beat=2668 rounds=4236789318 rate=317522/s wakes=5389547 wakerate=404/s workers=24 refused=0 mismatch=0 stalled=0 drifted=0 crossings=589793 remote=3853019 steals=2 deferred=0
soak-test: t=13478s beat=2669 rounds=4238377492 rate=317634/s wakes=5391567 wakerate=404/s workers=24 refused=0 mismatch=0 stalled=0 drifted=0 crossings=590008 remote=3854463 steals=2 deferred=0
soak-test: t=13483s beat=2670 rounds=4239965738 rate=317649/s wakes=5393587 wakerate=404/s workers=24 refused=0 mismatch=0 stalled=0 drifted=0 crossings=590249 remote=3855907 steals=2 deferred=0
soak-test: t=13488s beat=2671 rounds=4241554565 rate=317765/s wakes=5395607 wakerate=404/s workers=24 refused=0 mismatch=0 stalled=0 drifted=0 crossings=590464 remote=3857349 steals=2 deferred=0
soak-test: t=13493s beat=2672 rounds=4243143157 rate=317718/s wakes=5397627 wakerate=404/s workers=24 refused=0 mismatch=0 stalled=0 drifted=0 crossings=590677 remote=3858787 steals=2 deferred=0
soak-test: t=13498s beat=2673 rounds=4244730906 rate=317549/s wakes=5399647 wakerate=404/s workers=24 refused=0 mismatch=0 stalled=0 drifted=0 crossings=590914 remote=3860240 steals=2 deferred=0
soak-test: t=13503s beat=2674 rounds=4246318292 rate=317477/s wakes=5401667 wakerate=404/s workers=24 refused=0 mismatch=0 stalled=0 drifted=0 crossings=591103 remote=3861685 steals=2 deferred=0
soak-test: t=13508s beat=2675 rounds=4247906099 rate=317561/s wakes=5403687 wakerate=404/s workers=24 refused=0 mismatch=0 stalled=0 drifted=0 crossings=591313 remote=3863128 steals=2 deferred=0
soak-test: t=13513s beat=2676 rounds=4249494033 rate=317586/s wakes=5405707 wakerate=404/s workers=24 refused=0 mismatch=0 stalled=0 drifted=0 crossings=591537 remote=3864580 steals=2 deferred=0
soak-test: t=13518s beat=2677 rounds=4251082751 rate=317743/s wakes=5407727 wakerate=404/s workers=24 refused=0 mismatch=0 stalled=0 drifted=0 crossings=591797 remote=3866011 steals=2 deferred=0
soak-test: t=13523s beat=2678 rounds=4252670523 rate=317554/s wakes=5409747 wakerate=404/s workers=24 refused=0 mismatch=0 stalled=0 drifted=0 crossings=592020 remote=3867448 steals=2 deferred=0
soak-test: t=13528s beat=2679 rounds=4254257953 rate=317486/s wakes=5411767 wakerate=404/s workers=24 refused=0 mismatch=0 stalled=0 drifted=0 crossings=592234 remote=3868890 steals=2 deferred=0
soak-test: t=13534s beat=2680 rounds=4255845415 rate=317492/s wakes=5413787 wakerate=404/s workers=24 refused=0 mismatch=0 stalled=0 drifted=0 crossings=592465 remote=3870333 steals=2 deferred=0
soak-test: t=13539s beat=2681 rounds=4257433124 rate=317541/s wakes=5415807 wakerate=404/s workers=24 refused=0 mismatch=0 stalled=0 drifted=0 crossings=592719 remote=3871764 steals=2 deferred=0
soak-test: t=13544s beat=2682 rounds=4259021423 rate=317659/s wakes=5417827 wakerate=404/s workers=24 refused=0 mismatch=0 stalled=0 drifted=0 crossings=592948 remote=3873209 steals=2 deferred=0
soak-test: t=13549s beat=2683 rounds=4260609468 rate=317609/s wakes=5419847 wakerate=404/s workers=24 refused=0 mismatch=0 stalled=0 drifted=0 crossings=593160 remote=3874653 steals=2 deferred=0
soak-test: t=13554s beat=2684 rounds=4262197407 rate=317587/s wakes=5421867 wakerate=404/s workers=24 refused=0 mismatch=0 stalled=0 drifted=0 crossings=593388 remote=3876097 steals=2 deferred=0
soak-test: t=13559s beat=2685 rounds=4263785546 rate=317627/s wakes=5423887 wakerate=404/s workers=24 refused=0 mismatch=0 stalled=0 drifted=0 crossings=593621 remote=3877541 steals=2 deferred=0
soak-test: t=13564s beat=2686 rounds=4265372725 rate=317435/s wakes=5425907 wakerate=404/s workers=24 refused=0 mismatch=0 stalled=0 drifted=0 crossings=593861 remote=3878971 steals=2 deferred=0
soak-test: t=13569s beat=2687 rounds=4266960753 rate=317605/s wakes=5427927 wakerate=404/s workers=24 refused=0 mismatch=0 stalled=0 drifted=0 crossings=594066 remote=3880409 steals=2 deferred=0
soak-test: t=13574s beat=2688 rounds=4268548826 rate=317614/s wakes=5429947 wakerate=404/s workers=24 refused=0 mismatch=0 stalled=0 drifted=0 crossings=594300 remote=3881847 steals=2 deferred=0
soak-test: t=13579s beat=2689 rounds=4270136069 rate=317448/s wakes=5431967 wakerate=404/s workers=24 refused=0 mismatch=0 stalled=0 drifted=0 crossings=594524 remote=3883294 steals=2 deferred=0
soak-test: t=13584s beat=2690 rounds=4271723347 rate=317455/s wakes=5433987 wakerate=404/s workers=24 refused=0 mismatch=0 stalled=0 drifted=0 crossings=594737 remote=3884740 steals=2 deferred=0
soak-test: t=13589s beat=2691 rounds=4273311931 rate=317716/s wakes=5436007 wakerate=404/s workers=24 refused=0 mismatch=0 stalled=0 drifted=0 crossings=594973 remote=3886179 steals=2 deferred=0
soak-test: t=13594s beat=2692 rounds=4274900525 rate=317718/s wakes=5438027 wakerate=404/s workers=24 refused=0 mismatch=0 stalled=0 drifted=0 crossings=595186 remote=3887622 steals=2 deferred=0
soak-test: t=13599s beat=2693 rounds=4276488636 rate=317622/s wakes=5440047 wakerate=404/s workers=24 refused=0 mismatch=0 stalled=0 drifted=0 crossings=595413 remote=3889068 steals=2 deferred=0
soak-test: t=13604s beat=2694 rounds=4278076795 rate=317631/s wakes=5442067 wakerate=404/s workers=24 refused=0 mismatch=0 stalled=0 drifted=0 crossings=595640 remote=3890513 steals=2 deferred=0
soak-test: t=13609s beat=2695 rounds=4279665166 rate=317674/s wakes=5444087 wakerate=404/s workers=24 refused=0 mismatch=0 stalled=0 drifted=0 crossings=595853 remote=3891961 steals=2 deferred=0
soak-test: t=13614s beat=2696 rounds=4281252917 rate=317550/s wakes=5446107 wakerate=404/s workers=24 refused=0 mismatch=0 stalled=0 drifted=0 crossings=596074 remote=3893413 steals=2 deferred=0
soak-test: t=13619s beat=2697 rounds=4282840858 rate=317588/s wakes=5448127 wakerate=404/s workers=24 refused=0 mismatch=0 stalled=0 drifted=0 crossings=596319 remote=3894839 steals=2 deferred=0
soak-test: t=13624s beat=2698 rounds=4284428187 rate=317465/s wakes=5450147 wakerate=404/s workers=24 refused=0 mismatch=0 stalled=0 drifted=0 crossings=596537 remote=3896288 steals=2 deferred=0
soak-test: t=13629s beat=2699 rounds=4286016108 rate=317584/s wakes=5452167 wakerate=404/s workers=24 refused=0 mismatch=0 stalled=0 drifted=0 crossings=596744 remote=3897725 steals=2 deferred=0
soak-test: t=13635s beat=2700 rounds=4287603954 rate=317569/s wakes=5454187 wakerate=404/s workers=24 refused=0 mismatch=0 stalled=0 drifted=0 crossings=596983 remote=3899163 steals=2 deferred=0
soak-test: t=13640s beat=2701 rounds=4289192280 rate=317665/s wakes=5456207 wakerate=404/s workers=24 refused=0 mismatch=0 stalled=0 drifted=0 crossings=597207 remote=3900609 steals=2 deferred=0
soak-test: t=13645s beat=2702 rounds=4290780479 rate=317639/s wakes=5458227 wakerate=404/s workers=24 refused=0 mismatch=0 stalled=0 drifted=0 crossings=597401 remote=3902064 steals=2 deferred=0
soak-test: t=13650s beat=2703 rounds=4292369493 rate=317802/s wakes=5460247 wakerate=404/s workers=24 refused=0 mismatch=0 stalled=0 drifted=0 crossings=597635 remote=3903496 steals=2 deferred=0
soak-test: t=13655s beat=2704 rounds=4293956720 rate=317445/s wakes=5462267 wakerate=404/s workers=24 refused=0 mismatch=0 stalled=0 drifted=0 crossings=597867 remote=3904934 steals=2 deferred=0
soak-test: t=13660s beat=2705 rounds=4295544982 rate=317652/s wakes=5464287 wakerate=404/s workers=24 refused=0 mismatch=0 stalled=0 drifted=0 crossings=598075 remote=3906382 steals=2 deferred=0
soak-test: t=13665s beat=2706 rounds=4297133490 rate=317701/s wakes=5466307 wakerate=404/s workers=24 refused=0 mismatch=0 stalled=0 drifted=0 crossings=598299 remote=3907822 steals=2 deferred=0
soak-test: t=13670s beat=2707 rounds=4298721140 rate=317530/s wakes=5468327 wakerate=404/s workers=24 refused=0 mismatch=0 stalled=0 drifted=0 crossings=598514 remote=3909262 steals=2 deferred=0
soak-test: t=13675s beat=2708 rounds=4300309917 rate=317755/s wakes=5470347 wakerate=404/s workers=24 refused=0 mismatch=0 stalled=0 drifted=0 crossings=598755 remote=3910708 steals=2 deferred=0
soak-test: t=13680s beat=2709 rounds=4301897628 rate=317542/s wakes=5472367 wakerate=404/s workers=24 refused=0 mismatch=0 stalled=0 drifted=0 crossings=598964 remote=3912162 steals=2 deferred=0
soak-test: t=13685s beat=2710 rounds=4303485799 rate=317634/s wakes=5474387 wakerate=404/s workers=24 refused=0 mismatch=0 stalled=0 drifted=0 crossings=599161 remote=3913616 steals=2 deferred=0
soak-test: t=13690s beat=2711 rounds=4305073488 rate=317537/s wakes=5476407 wakerate=404/s workers=24 refused=0 mismatch=0 stalled=0 drifted=0 crossings=599366 remote=3915064 steals=2 deferred=0
soak-test: t=13695s beat=2712 rounds=4306661187 rate=317539/s wakes=5478427 wakerate=404/s workers=24 refused=0 mismatch=0 stalled=0 drifted=0 crossings=599588 remote=3916513 steals=2 deferred=0
soak-test: t=13700s beat=2713 rounds=4308248917 rate=317546/s wakes=5480447 wakerate=404/s workers=24 refused=0 mismatch=0 stalled=0 drifted=0 crossings=599809 remote=3917960 steals=2 deferred=0
soak-test: t=13705s beat=2714 rounds=4309836768 rate=317570/s wakes=5482467 wakerate=404/s workers=24 refused=0 mismatch=0 stalled=0 drifted=0 crossings=600009 remote=3919414 steals=2 deferred=0
soak-test: t=13710s beat=2715 rounds=4311424505 rate=317547/s wakes=5484487 wakerate=404/s workers=24 refused=0 mismatch=0 stalled=0 drifted=0 crossings=600201 remote=3920873 steals=2 deferred=0
soak-test: t=13715s beat=2716 rounds=4313012418 rate=317582/s wakes=5486507 wakerate=404/s workers=24 refused=0 mismatch=0 stalled=0 drifted=0 crossings=600394 remote=3922331 steals=2 deferred=0
soak-test: t=13720s beat=2717 rounds=4314599583 rate=317433/s wakes=5488527 wakerate=404/s workers=24 refused=0 mismatch=0 stalled=0 drifted=0 crossings=600646 remote=3923770 steals=2 deferred=0
soak-test: t=13725s beat=2718 rounds=4316187192 rate=317521/s wakes=5490547 wakerate=404/s workers=24 refused=0 mismatch=0 stalled=0 drifted=0 crossings=600865 remote=3925209 steals=2 deferred=0
soak-test: t=13730s beat=2719 rounds=4317774506 rate=317462/s wakes=5492567 wakerate=404/s workers=24 refused=0 mismatch=0 stalled=0 drifted=0 crossings=601086 remote=3926654 steals=2 deferred=0
soak-test: t=13736s beat=2720 rounds=4319362403 rate=317579/s wakes=5494587 wakerate=404/s workers=24 refused=0 mismatch=0 stalled=0 drifted=0 crossings=601286 remote=3928100 steals=2 deferred=0
soak-test: t=13741s beat=2721 rounds=4320949728 rate=317465/s wakes=5496607 wakerate=404/s workers=24 refused=0 mismatch=0 stalled=0 drifted=0 crossings=601511 remote=3929546 steals=2 deferred=0
soak-test: t=13746s beat=2722 rounds=4322538531 rate=317760/s wakes=5498627 wakerate=404/s workers=24 refused=0 mismatch=0 stalled=0 drifted=0 crossings=601760 remote=3930984 steals=2 deferred=0
soak-test: t=13751s beat=2723 rounds=4324126495 rate=317592/s wakes=5500647 wakerate=404/s workers=24 refused=0 mismatch=0 stalled=0 drifted=0 crossings=601961 remote=3932437 steals=2 deferred=0
soak-test: t=13756s beat=2724 rounds=4325714210 rate=317543/s wakes=5502667 wakerate=404/s workers=24 refused=0 mismatch=0 stalled=0 drifted=0 crossings=602190 remote=3933866 steals=2 deferred=0
soak-test: t=13761s beat=2725 rounds=4327302440 rate=317646/s wakes=5504687 wakerate=404/s workers=24 refused=0 mismatch=0 stalled=0 drifted=0 crossings=602416 remote=3935310 steals=2 deferred=0
soak-test: t=13766s beat=2726 rounds=4328890247 rate=317561/s wakes=5506707 wakerate=404/s workers=24 refused=0 mismatch=0 stalled=0 drifted=0 crossings=602641 remote=3936753 steals=2 deferred=0
soak-test: t=13771s beat=2727 rounds=4330478017 rate=317554/s wakes=5508727 wakerate=404/s workers=24 refused=0 mismatch=0 stalled=0 drifted=0 crossings=602837 remote=3938200 steals=2 deferred=0
soak-test: t=13776s beat=2728 rounds=4332064756 rate=317347/s wakes=5510747 wakerate=404/s workers=24 refused=0 mismatch=0 stalled=0 drifted=0 crossings=603058 remote=3939645 steals=2 deferred=0
soak-test: t=13781s beat=2729 rounds=4333652332 rate=317515/s wakes=5512767 wakerate=404/s workers=24 refused=0 mismatch=0 stalled=0 drifted=0 crossings=603289 remote=3941081 steals=2 deferred=0
soak-test: t=13786s beat=2730 rounds=4335240033 rate=317540/s wakes=5514787 wakerate=404/s workers=24 refused=0 mismatch=0 stalled=0 drifted=0 crossings=603498 remote=3942537 steals=2 deferred=0
soak-test: t=13791s beat=2731 rounds=4336828524 rate=317698/s wakes=5516807 wakerate=404/s workers=24 refused=0 mismatch=0 stalled=0 drifted=0 crossings=603736 remote=3943986 steals=2 deferred=0
soak-test: t=13796s beat=2732 rounds=4338416478 rate=317590/s wakes=5518827 wakerate=404/s workers=24 refused=0 mismatch=0 stalled=0 drifted=0 crossings=603952 remote=3945424 steals=2 deferred=0
soak-test: t=13801s beat=2733 rounds=4340004101 rate=317524/s wakes=5520847 wakerate=404/s workers=24 refused=0 mismatch=0 stalled=0 drifted=0 crossings=604150 remote=3946874 steals=2 deferred=0
soak-test: t=13806s beat=2734 rounds=4341592212 rate=317622/s wakes=5522867 wakerate=404/s workers=24 refused=0 mismatch=0 stalled=0 drifted=0 crossings=604378 remote=3948312 steals=2 deferred=0
soak-test: t=13811s beat=2735 rounds=4343180882 rate=317734/s wakes=5524887 wakerate=404/s workers=24 refused=0 mismatch=0 stalled=0 drifted=0 crossings=604608 remote=3949749 steals=2 deferred=0
soak-test: t=13816s beat=2736 rounds=4344768091 rate=317441/s wakes=5526907 wakerate=404/s workers=24 refused=0 mismatch=0 stalled=0 drifted=0 crossings=604819 remote=3951194 steals=2 deferred=0
soak-test: t=13821s beat=2737 rounds=4346355506 rate=317483/s wakes=5528927 wakerate=404/s workers=24 refused=0 mismatch=0 stalled=0 drifted=0 crossings=605050 remote=3952645 steals=2 deferred=0
soak-test: t=13826s beat=2738 rounds=4347943757 rate=317650/s wakes=5530947 wakerate=404/s workers=24 refused=0 mismatch=0 stalled=0 drifted=0 crossings=605273 remote=3954092 steals=2 deferred=0
soak-test: t=13831s beat=2739 rounds=4349532291 rate=317706/s wakes=5532967 wakerate=404/s workers=24 refused=0 mismatch=0 stalled=0 drifted=0 crossings=605530 remote=3955529 steals=2 deferred=0
soak-test: t=13837s beat=2740 rounds=4351120237 rate=317589/s wakes=5534987 wakerate=404/s workers=24 refused=0 mismatch=0 stalled=0 drifted=0 crossings=605801 remote=3956943 steals=2 deferred=0
soak-test: t=13842s beat=2741 rounds=4352707663 rate=317485/s wakes=5537007 wakerate=404/s workers=24 refused=0 mismatch=0 stalled=0 drifted=0 crossings=606004 remote=3958391 steals=2 deferred=0
soak-test: t=13847s beat=2742 rounds=4354295688 rate=317605/s wakes=5539027 wakerate=404/s workers=24 refused=0 mismatch=0 stalled=0 drifted=0 crossings=606236 remote=3959826 steals=2 deferred=0
soak-test: t=13852s beat=2743 rounds=4355883095 rate=317481/s wakes=5541047 wakerate=404/s workers=24 refused=0 mismatch=0 stalled=0 drifted=0 crossings=606483 remote=3961267 steals=2 deferred=0
soak-test: t=13857s beat=2744 rounds=4357471644 rate=317709/s wakes=5543067 wakerate=404/s workers=24 refused=0 mismatch=0 stalled=0 drifted=0 crossings=606692 remote=3962724 steals=2 deferred=0
soak-test: t=13862s beat=2745 rounds=4359059629 rate=317597/s wakes=5545087 wakerate=404/s workers=24 refused=0 mismatch=0 stalled=0 drifted=0 crossings=606907 remote=3964176 steals=2 deferred=0
soak-test: t=13867s beat=2746 rounds=4360647534 rate=317581/s wakes=5547107 wakerate=404/s workers=24 refused=0 mismatch=0 stalled=0 drifted=0 crossings=607132 remote=3965607 steals=2 deferred=0
soak-test: t=13872s beat=2747 rounds=4362235789 rate=317651/s wakes=5549127 wakerate=404/s workers=24 refused=0 mismatch=0 stalled=0 drifted=0 crossings=607383 remote=3967039 steals=2 deferred=0
soak-test: t=13877s beat=2748 rounds=4363823428 rate=317527/s wakes=5551147 wakerate=404/s workers=24 refused=0 mismatch=0 stalled=0 drifted=0 crossings=607612 remote=3968481 steals=2 deferred=0
soak-test: t=13882s beat=2749 rounds=4365410924 rate=317499/s wakes=5553167 wakerate=404/s workers=24 refused=0 mismatch=0 stalled=0 drifted=0 crossings=607802 remote=3969934 steals=2 deferred=0
soak-test: t=13887s beat=2750 rounds=4366998870 rate=317589/s wakes=5555187 wakerate=404/s workers=24 refused=0 mismatch=0 stalled=0 drifted=0 crossings=607999 remote=3971382 steals=2 deferred=0
soak-test: t=13892s beat=2751 rounds=4368586976 rate=317621/s wakes=5557207 wakerate=404/s workers=24 refused=0 mismatch=0 stalled=0 drifted=0 crossings=608241 remote=3972818 steals=2 deferred=0
soak-test: t=13897s beat=2752 rounds=4370174662 rate=317537/s wakes=5559227 wakerate=404/s workers=24 refused=0 mismatch=0 stalled=0 drifted=0 crossings=608458 remote=3974262 steals=2 deferred=0
soak-test: t=13902s beat=2753 rounds=4371762079 rate=317483/s wakes=5561247 wakerate=404/s workers=24 refused=0 mismatch=0 stalled=0 drifted=0 crossings=608667 remote=3975717 steals=2 deferred=0
soak-test: t=13907s beat=2754 rounds=4373350595 rate=317703/s wakes=5563267 wakerate=404/s workers=24 refused=0 mismatch=0 stalled=0 drifted=0 crossings=608888 remote=3977157 steals=2 deferred=0
soak-test: t=13912s beat=2755 rounds=4374939056 rate=317692/s wakes=5565287 wakerate=404/s workers=24 refused=0 mismatch=0 stalled=0 drifted=0 crossings=609115 remote=3978593 steals=2 deferred=0
soak-test: t=13917s beat=2756 rounds=4376526916 rate=317572/s wakes=5567307 wakerate=404/s workers=24 refused=0 mismatch=0 stalled=0 drifted=0 crossings=609338 remote=3980040 steals=2 deferred=0
soak-test: t=13922s beat=2757 rounds=4378113945 rate=317405/s wakes=5569327 wakerate=404/s workers=24 refused=0 mismatch=0 stalled=0 drifted=0 crossings=609581 remote=3981489 steals=2 deferred=0
soak-test: t=13927s beat=2758 rounds=4379702223 rate=317655/s wakes=5571347 wakerate=404/s workers=24 refused=0 mismatch=0 stalled=0 drifted=0 crossings=609793 remote=3982948 steals=2 deferred=0
soak-test: t=13932s beat=2759 rounds=4381289794 rate=317514/s wakes=5573367 wakerate=404/s workers=24 refused=0 mismatch=0 stalled=0 drifted=0 crossings=610037 remote=3984387 steals=2 deferred=0
soak-test: t=13938s beat=2760 rounds=4382877914 rate=317624/s wakes=5575387 wakerate=404/s workers=24 refused=0 mismatch=0 stalled=0 drifted=0 crossings=610259 remote=3985829 steals=2 deferred=0
soak-test: t=13943s beat=2761 rounds=4384465533 rate=317523/s wakes=5577407 wakerate=404/s workers=24 refused=0 mismatch=0 stalled=0 drifted=0 crossings=610473 remote=3987274 steals=2 deferred=0
soak-test: t=13948s beat=2762 rounds=4386052643 rate=317422/s wakes=5579427 wakerate=404/s workers=24 refused=0 mismatch=0 stalled=0 drifted=0 crossings=610679 remote=3988721 steals=2 deferred=0
soak-test: t=13953s beat=2763 rounds=4387639929 rate=317457/s wakes=5581447 wakerate=404/s workers=24 refused=0 mismatch=0 stalled=0 drifted=0 crossings=610897 remote=3990165 steals=2 deferred=0
